item_id,interaction_count,popularity_rank
2525,1415,1
21536,1329,2
559,1321,3
192,1190,4
160,1059,5
2337,1031,6
718,978,7
978,894,8
1811,856,9
17406,841,10
837,829,11
369,732,12
805,711,13
529,643,14
141,639,15
642,637,16
23297,609,17
722,583,18
22719,565,19
283,558,20
1500,549,21
176,543,22
545,523,23
1537,504,24
1933,496,25
189,492,26
553,484,27
1023,481,28
187,471,29
307,468,30
4519,454,31
208,447,32
1509,436,33
21913,432,34
1538,431,35
8849,431,36
1169,429,37
21933,427,38
1843,413,39
12190,412,40
5172,407,41
23108,407,42
194,400,43
51,399,44
13272,398,45
205,387,46
296,383,47
2971,383,48
23902,382,49
628,377,50
21948,367,51
21909,361,52
2220,360,53
22562,355,54
3092,351,55
23697,350,56
1609,349,57
571,348,58
1352,348,59
3192,347,60
22919,345,61
4294,343,62
305,339,63
316,339,64
917,331,65
2635,330,66
2662,330,67
21181,330,68
17405,323,69
1428,321,70
3261,319,71
22387,317,72
1553,316,73
3607,310,74
619,308,75
4430,306,76
302,305,77
2067,304,78
293,299,79
128,298,80
5430,297,81
714,296,82
1594,292,83
546,291,84
10694,288,85
22669,288,86
1165,287,87
21856,287,88
23154,285,89
21520,283,90
1571,281,91
3266,281,92
306,280,93
835,280,94
991,280,95
1302,280,96
206,279,97
2773,276,98
198,275,99
203,274,100
1546,274,101
2263,274,102
5423,274,103
17484,274,104
247,273,105
2365,272,106
1292,271,107
8906,271,108
7120,268,109
10879,264,110
792,263,111
1831,261,112
23214,261,113
744,259,114
309,254,115
822,254,116
3191,254,117
1513,253,118
3071,250,119
456,247,120
821,247,121
2363,246,122
2510,244,123
266,243,124
310,243,125
10880,243,126
25116,243,127
778,240,128
1421,238,129
3105,238,130
4994,237,131
23225,237,132
1493,236,133
2692,236,134
1242,234,135
2252,234,136
814,233,137
1502,233,138
2362,232,139
5452,232,140
7209,232,141
2526,231,142
2493,230,143
6624,229,144
21695,229,145
1430,225,146
3617,225,147
129,224,148
870,223,149
2136,223,150
1504,222,151
2474,221,152
20727,221,153
21172,220,154
22522,220,155
1236,219,156
3154,219,157
23715,219,158
269,218,159
161,217,160
21590,217,161
2310,216,162
1755,215,163
620,213,164
775,211,165
812,211,166
1307,211,167
8266,211,168
165,209,169
2203,209,170
1076,208,171
22667,208,172
3133,207,173
22438,207,174
22651,207,175
24965,207,176
242,206,177
4818,204,178
22879,204,179
155,203,180
197,203,181
4598,203,182
5421,203,183
1463,202,184
2319,202,185
4623,202,186
6423,202,187
980,201,188
21178,200,189
673,199,190
1355,199,191
4622,199,192
829,198,193
3070,198,194
8095,198,195
22530,198,196
258,197,197
372,197,198
468,197,199
2432,197,200
2673,197,201
257,196,202
674,196,203
21934,196,204
809,195,205
827,195,206
2141,195,207
21516,195,208
575,194,209
21126,194,210
1650,193,211
4289,190,212
22831,190,213
256,189,214
370,189,215
21128,189,216
170,187,217
301,187,218
318,187,219
204,186,220
1320,186,221
315,185,222
832,185,223
1437,185,224
2396,184,225
23542,184,226
29541,184,227
2097,183,228
4207,183,229
22623,183,230
317,182,231
3044,182,232
9822,182,233
13915,182,234
6037,181,235
543,180,236
1780,180,237
195,179,238
314,178,239
4946,178,240
550,177,241
12188,177,242
22454,177,243
801,176,244
3800,176,245
22364,176,246
22524,176,247
325,175,248
774,175,249
2437,175,250
2484,175,251
22278,175,252
12186,174,253
22361,174,254
319,173,255
675,173,256
4579,173,257
8802,173,258
623,172,259
1627,172,260
3059,172,261
24070,172,262
1128,171,263
6372,170,264
21912,170,265
3022,169,266
2019,168,267
4785,168,268
22618,168,269
24590,168,270
410,167,271
5438,167,272
23350,167,273
373,166,274
4646,166,275
8593,166,276
1207,165,277
1526,165,278
1628,165,279
22880,165,280
48,164,281
2266,164,282
440,163,283
478,163,284
2018,163,285
3107,163,286
3549,163,287
22413,163,288
22839,163,289
23712,163,290
1930,162,291
2289,162,292
6131,162,293
196,161,294
22376,161,295
1433,160,296
1441,160,297
1601,160,298
2247,160,299
2473,160,300
3732,160,301
4545,160,302
4656,160,303
6204,160,304
23517,160,305
274,159,306
1473,159,307
2323,159,308
2464,159,309
3012,159,310
22635,159,311
447,158,312
2315,158,313
2472,158,314
3810,158,315
4202,158,316
22513,158,317
802,157,318
1209,157,319
1853,157,320
21573,157,321
2071,156,322
2373,156,323
4523,156,324
8773,156,325
22644,156,326
23182,156,327
547,155,328
1264,155,329
1617,155,330
9914,155,331
21858,155,332
23348,155,333
11,154,334
797,154,335
1017,154,336
2242,154,337
2334,154,338
5198,154,339
7427,154,340
18,153,341
1277,153,342
1314,153,343
2659,153,344
5112,153,345
9920,153,346
14235,153,347
22918,153,348
4629,152,349
5110,152,350
6375,152,351
243,151,352
290,151,353
458,151,354
643,151,355
779,151,356
3475,151,357
8828,151,358
21696,151,359
1551,150,360
3094,150,361
21920,150,362
22397,150,363
4570,149,364
246,148,365
1555,148,366
3024,148,367
6029,148,368
23234,148,369
23397,148,370
828,147,371
2895,147,372
22882,147,373
397,146,374
2127,146,375
3581,146,376
22380,146,377
22883,146,378
23341,146,379
374,145,380
2533,145,381
3268,145,382
6589,145,383
22649,145,384
552,144,385
1795,144,386
593,143,387
761,143,388
1356,143,389
4565,143,390
22459,143,391
1321,142,392
2190,142,393
2465,142,394
13021,142,395
22990,142,396
25751,142,397
992,141,398
1593,141,399
4610,141,400
4764,141,401
22,140,402
406,140,403
517,140,404
1287,140,405
1790,140,406
2364,140,407
4657,140,408
6121,140,409
1021,139,410
4891,139,411
5015,139,412
8968,139,413
12369,139,414
1508,138,415
2305,138,416
4820,138,417
12340,138,418
22365,138,419
3420,137,420
10689,137,421
1061,136,422
1620,136,423
5174,136,424
10882,136,425
23207,136,426
28687,136,427
37902,136,428
4735,135,429
9778,135,430
10787,135,431
22902,135,432
791,134,433
1067,134,434
1589,134,435
1938,134,436
4272,134,437
5079,134,438
7649,134,439
23869,134,440
594,133,441
934,133,442
1782,133,443
14529,133,444
22553,133,445
23717,133,446
31,132,447
1183,132,448
3121,132,449
3601,132,450
5195,132,451
5512,132,452
5515,132,453
5536,132,454
11880,132,455
22572,132,456
36,131,457
292,131,458
1025,131,459
3052,131,460
20712,131,461
621,130,462
677,130,463
1857,130,464
765,129,465
1182,129,466
1855,129,467
2461,129,468
7353,129,469
9364,129,470
9770,129,471
23293,129,472
23308,129,473
24079,129,474
3078,128,475
21859,128,476
323,127,477
766,127,478
2637,127,479
2908,127,480
3611,127,481
3616,127,482
22966,127,483
6184,126,484
9163,126,485
20951,126,486
24209,126,487
24260,126,488
24542,126,489
1910,125,490
3096,125,491
10797,125,492
22585,125,493
23027,125,494
402,124,495
1706,124,496
2011,124,497
5211,124,498
19007,124,499
21176,124,500
23396,124,501
199,123,502
838,123,503
1127,123,504
5636,123,505
2299,122,506
2972,122,507
3591,122,508
4841,122,509
5030,122,510
5887,122,511
22578,122,512
461,121,513
733,121,514
1615,121,515
1821,121,516
3021,121,517
4003,121,518
22406,121,519
22432,121,520
1284,120,521
3288,120,522
5017,120,523
6081,120,524
6751,120,525
12031,120,526
21154,120,527
21535,120,528
23030,120,529
267,119,530
1004,119,531
1937,119,532
2249,119,533
3572,119,534
4111,119,535
5470,119,536
8537,119,537
9306,119,538
22435,119,539
25080,119,540
277,118,541
605,118,542
2246,118,543
4344,118,544
6833,118,545
7417,118,546
7572,118,547
8890,118,548
14637,118,549
22630,118,550
22835,118,551
23699,118,552
1436,117,553
2656,117,554
4327,117,555
4684,117,556
8912,117,557
10883,117,558
24049,117,559
24580,117,560
275,116,561
1674,116,562
1784,116,563
1996,116,564
2301,116,565
2976,116,566
3195,116,567
4037,116,568
5047,116,569
5131,116,570
8155,116,571
22446,116,572
24419,116,573
24505,116,574
331,115,575
1638,115,576
1906,115,577
8847,115,578
12180,115,579
19727,115,580
22597,115,581
297,114,582
450,114,583
1582,114,584
1625,114,585
1788,114,586
22921,114,587
22948,114,588
2360,113,589
10525,113,590
10843,113,591
21917,113,592
1665,112,593
3047,112,594
3409,112,595
4910,112,596
8884,112,597
12144,112,598
22592,112,599
591,111,600
1210,111,601
1445,111,602
2341,111,603
2343,111,604
3152,111,605
4702,111,606
25018,111,607
557,110,608
692,110,609
1492,110,610
8252,110,611
9316,110,612
13682,110,613
412,109,614
953,109,615
1029,109,616
2460,109,617
5445,109,618
6558,109,619
6593,109,620
12519,109,621
22929,109,622
23028,109,623
24230,109,624
27588,109,625
585,108,626
598,108,627
969,108,628
1875,108,629
3615,108,630
5615,108,631
6389,108,632
23117,108,633
503,107,634
1611,107,635
2567,107,636
2679,107,637
3011,107,638
4625,107,639
6398,107,640
7831,107,641
13339,107,642
15753,107,643
17498,107,644
22194,107,645
23340,107,646
24555,107,647
1022,106,648
3039,106,649
3089,106,650
4827,106,651
6630,106,652
22875,106,653
23872,106,654
25738,106,655
477,105,656
558,105,657
1288,105,658
1636,105,659
3421,105,660
4729,105,661
6609,105,662
8388,105,663
12265,105,664
15230,105,665
21620,105,666
22366,105,667
23233,105,668
23885,105,669
26446,105,670
2483,104,671
3079,104,672
3469,104,673
4995,104,674
7408,104,675
7605,104,676
8597,104,677
9471,104,678
9793,104,679
21901,104,680
22405,104,681
22834,104,682
536,103,683
763,103,684
2025,103,685
2324,103,686
3134,103,687
9528,103,688
9588,103,689
12733,103,690
23015,103,691
184,102,692
202,102,693
294,102,694
408,102,695
3211,102,696
4829,102,697
5359,102,698
5439,102,699
6760,102,700
7546,102,701
7859,102,702
37,101,703
422,101,704
1424,101,705
1613,101,706
2466,101,707
2880,101,708
3419,101,709
3471,101,710
3736,101,711
4738,101,712
5114,101,713
11860,101,714
22903,101,715
24078,101,716
26492,101,717
19,100,718
291,100,719
691,100,720
877,100,721
2146,100,722
3019,100,723
3076,100,724
5226,100,725
14329,100,726
24185,100,727
37705,100,728
50,99,729
211,99,730
600,99,731
2923,99,732
3464,99,733
3598,99,734
3792,99,735
6038,99,736
7461,99,737
7550,99,738
13798,99,739
14744,99,740
22961,99,741
24065,99,742
24179,99,743
632,98,744
977,98,745
2096,98,746
2276,98,747
2740,98,748
3618,98,749
6650,98,750
7365,98,751
7998,98,752
11652,98,753
12603,98,754
12627,98,755
15384,98,756
16498,98,757
22905,98,758
22952,98,759
23224,98,760
27076,98,761
542,97,762
878,97,763
1515,97,764
1685,97,765
1708,97,766
5104,97,767
5553,97,768
20725,97,769
21122,97,770
22722,97,771
23884,97,772
24535,97,773
26110,97,774
300,96,775
303,96,776
540,96,777
1851,96,778
7664,96,779
10472,96,780
10547,96,781
16141,96,782
446,95,783
1842,95,784
4924,95,785
6687,95,786
6983,95,787
11719,95,788
21635,95,789
22372,95,790
239,94,791
1317,94,792
1552,94,793
1845,94,794
2541,94,795
3606,94,796
3758,94,797
5538,94,798
7681,94,799
8133,94,800
11704,94,801
20683,94,802
22725,94,803
25111,94,804
321,93,805
800,93,806
3196,93,807
5271,93,808
5560,93,809
6933,93,810
8150,93,811
8622,93,812
10877,93,813
13277,93,814
22566,93,815
27655,93,816
556,92,817
1469,92,818
2405,92,819
3031,92,820
3551,92,821
4242,92,822
5379,92,823
18458,92,824
18983,92,825
19653,92,826
21950,92,827
22430,92,828
23343,92,829
24497,92,830
276,91,831
810,91,832
830,91,833
924,91,834
1683,91,835
4079,91,836
5440,91,837
7666,91,838
8013,91,839
12182,91,840
12889,91,841
23539,91,842
24264,91,843
24427,91,844
28706,91,845
782,90,846
1212,90,847
1217,90,848
1325,90,849
2292,90,850
3077,90,851
3522,90,852
4198,90,853
4888,90,854
5685,90,855
5926,90,856
5928,90,857
9216,90,858
14315,90,859
15180,90,860
22370,90,861
23301,90,862
25059,90,863
186,89,864
1563,89,865
2014,89,866
2361,89,867
3082,89,868
3231,89,869
3784,89,870
4900,89,871
6142,89,872
6455,89,873
6559,89,874
9642,89,875
11164,89,876
14138,89,877
15337,89,878
21904,89,879
22409,89,880
22410,89,881
23505,89,882
27296,89,883
513,88,884
1711,88,885
1959,88,886
2258,88,887
2924,88,888
3087,88,889
3304,88,890
3655,88,891
6821,88,892
6942,88,893
6980,88,894
7457,88,895
8799,88,896
8850,88,897
9918,88,898
11343,88,899
12382,88,900
18641,88,901
22491,88,902
22609,88,903
23709,88,904
28067,88,905
13,87,906
481,87,907
1541,87,908
1998,87,909
2093,87,910
2283,87,911
3101,87,912
3465,87,913
3569,87,914
4575,87,915
4609,87,916
4792,87,917
4914,87,918
5273,87,919
8157,87,920
8366,87,921
22662,87,922
23193,87,923
24591,87,924
250,86,925
313,86,926
329,86,927
767,86,928
904,86,929
2222,86,930
2511,86,931
3794,86,932
4194,86,933
4522,86,934
5256,86,935
5278,86,936
7364,86,937
8189,86,938
12439,86,939
18307,86,940
19337,86,941
22959,86,942
23109,86,943
23200,86,944
23310,86,945
26325,86,946
549,85,947
1577,85,948
1847,85,949
2265,85,950
3051,85,951
4244,85,952
5147,85,953
5344,85,954
7384,85,955
7745,85,956
13599,85,957
17391,85,958
21115,85,959
22652,85,960
23112,85,961
263,84,962
622,84,963
1066,84,964
1168,84,965
1319,84,966
1792,84,967
2387,84,968
2750,84,969
3610,84,970
4569,84,971
5604,84,972
6347,84,973
6757,84,974
7897,84,975
22450,84,976
22625,84,977
500,83,978
1443,83,979
1852,83,980
1965,83,981
2327,83,982
3048,83,983
3352,83,984
3795,83,985
5225,83,986
5237,83,987
5279,83,988
7458,83,989
9185,83,990
9602,83,991
10524,83,992
17007,83,993
18391,83,994
21342,83,995
180,82,996
200,82,997
201,82,998
356,82,999
484,82,1000
1010,82,1001
1189,82,1002
2251,82,1003
2359,82,1004
2800,82,1005
3604,82,1006
3737,82,1007
3768,82,1008
4432,82,1009
4871,82,1010
7145,82,1011
9293,82,1012
9531,82,1013
10551,82,1014
13839,82,1015
14312,82,1016
16145,82,1017
18878,82,1018
22574,82,1019
23646,82,1020
28742,82,1021
465,81,1022
1015,81,1023
1087,81,1024
1850,81,1025
2022,81,1026
2306,81,1027
2415,81,1028
4319,81,1029
5343,81,1030
5582,81,1031
6826,81,1032
8305,81,1033
12110,81,1034
18514,81,1035
20719,81,1036
21461,81,1037
22632,81,1038
22958,81,1039
24430,81,1040
26375,81,1041
27243,81,1042
564,80,1043
654,80,1044
1466,80,1045
1717,80,1046
2346,80,1047
2478,80,1048
4654,80,1049
5272,80,1050
6824,80,1051
9213,80,1052
12438,80,1053
21918,80,1054
22369,80,1055
22433,80,1056
22656,80,1057
22941,80,1058
23509,80,1059
23710,80,1060
35008,80,1061
312,79,1062
473,79,1063
496,79,1064
681,79,1065
893,79,1066
1198,79,1067
1772,79,1068
3038,79,1069
5274,79,1070
8931,79,1071
10414,79,1072
21145,79,1073
22317,79,1074
22363,79,1075
23216,79,1076
1941,78,1077
3099,78,1078
4798,78,1079
4890,78,1080
4905,78,1081
5275,78,1082
6379,78,1083
6520,78,1084
6610,78,1085
8299,78,1086
9296,78,1087
9348,78,1088
10082,78,1089
10722,78,1090
13266,78,1091
20689,78,1092
22411,78,1093
23896,78,1094
24977,78,1095
27293,78,1096
30670,78,1097
280,77,1098
455,77,1099
466,77,1100
493,77,1101
1077,77,1102
1233,77,1103
1442,77,1104
1962,77,1105
2056,77,1106
2255,77,1107
3035,77,1108
3189,77,1109
3609,77,1110
4434,77,1111
4458,77,1112
4819,77,1113
5382,77,1114
5770,77,1115
6057,77,1116
6930,77,1117
7367,77,1118
7936,77,1119
8542,77,1120
8845,77,1121
9593,77,1122
10486,77,1123
16996,77,1124
22381,77,1125
22521,77,1126
23734,77,1127
25667,77,1128
26378,77,1129
330,76,1130
501,76,1131
679,76,1132
825,76,1133
1262,76,1134
1586,76,1135
1610,76,1136
1735,76,1137
1758,76,1138
2058,76,1139
2434,76,1140
3297,76,1141
3323,76,1142
3739,76,1143
6170,76,1144
7393,76,1145
8728,76,1146
10383,76,1147
10626,76,1148
15411,76,1149
17754,76,1150
21130,76,1151
22509,76,1152
23931,76,1153
25039,76,1154
25189,76,1155
26830,76,1156
27302,76,1157
30128,76,1158
32077,76,1159
400,75,1160
842,75,1161
1789,75,1162
1849,75,1163
2467,75,1164
2687,75,1165
2813,75,1166
3064,75,1167
3072,75,1168
3190,75,1169
3349,75,1170
3765,75,1171
5276,75,1172
5386,75,1173
7125,75,1174
8573,75,1175
11367,75,1176
12111,75,1177
12605,75,1178
14791,75,1179
15344,75,1180
19006,75,1181
19309,75,1182
21905,75,1183
21923,75,1184
22655,75,1185
25309,75,1186
26441,75,1187
28399,75,1188
707,74,1189
783,74,1190
1464,74,1191
2278,74,1192
3138,74,1193
3946,74,1194
4571,74,1195
4685,74,1196
4828,74,1197
5519,74,1198
5639,74,1199
6599,74,1200
13323,74,1201
15555,74,1202
20395,74,1203
21548,74,1204
22464,74,1205
23683,74,1206
24281,74,1207
31349,74,1208
33399,74,1209
132,73,1210
270,73,1211
375,73,1212
806,73,1213
1714,73,1214
2929,73,1215
3171,73,1216
4039,73,1217
4230,73,1218
5006,73,1219
10583,73,1220
13333,73,1221
17643,73,1222
23532,73,1223
24046,73,1224
24508,73,1225
24520,73,1226
24529,73,1227
25077,73,1228
26371,73,1229
26651,73,1230
336,72,1231
699,72,1232
1354,72,1233
1762,72,1234
2201,72,1235
2406,72,1236
2566,72,1237
3263,72,1238
3788,72,1239
4231,72,1240
4627,72,1241
4830,72,1242
4895,72,1243
5168,72,1244
5287,72,1245
7290,72,1246
7306,72,1247
7592,72,1248
10225,72,1249
15872,72,1250
21287,72,1251
22436,72,1252
23681,72,1253
23874,72,1254
728,71,1255
958,71,1256
1014,71,1257
1027,71,1258
1031,71,1259
1358,71,1260
1417,71,1261
1545,71,1262
1791,71,1263
1816,71,1264
1918,71,1265
2195,71,1266
2282,71,1267
3023,71,1268
3472,71,1269
3955,71,1270
4341,71,1271
5111,71,1272
5589,71,1273
6922,71,1274
8543,71,1275
8604,71,1276
9639,71,1277
9851,71,1278
9962,71,1279
9980,71,1280
13248,71,1281
13800,71,1282
17066,71,1283
21926,71,1284
22640,71,1285
22657,71,1286
23665,71,1287
23927,71,1288
32473,71,1289
33581,71,1290
38773,71,1291
21,70,1292
334,70,1293
437,70,1294
826,70,1295
1527,70,1296
1739,70,1297
2116,70,1298
2369,70,1299
2427,70,1300
3034,70,1301
3463,70,1302
4648,70,1303
5162,70,1304
5767,70,1305
6207,70,1306
6452,70,1307
8674,70,1308
9626,70,1309
13005,70,1310
14866,70,1311
19107,70,1312
22401,70,1313
22514,70,1314
22526,70,1315
25319,70,1316
26377,70,1317
31798,70,1318
209,69,1319
340,69,1320
780,69,1321
1204,69,1322
1422,69,1323
1632,69,1324
1846,69,1325
2193,69,1326
2417,69,1327
2536,69,1328
4246,69,1329
4602,69,1330
5144,69,1331
6696,69,1332
7335,69,1333
8653,69,1334
10607,69,1335
11944,69,1336
12172,69,1337
12960,69,1338
13130,69,1339
13324,69,1340
15904,69,1341
16586,69,1342
18402,69,1343
19621,69,1344
19669,69,1345
22403,69,1346
22490,69,1347
24186,69,1348
24712,69,1349
207,68,1350
324,68,1351
409,68,1352
976,68,1353
1224,68,1354
1503,68,1355
1663,68,1356
2482,68,1357
2843,68,1358
3328,68,1359
3767,68,1360
4186,68,1361
5277,68,1362
5412,68,1363
5518,68,1364
5740,68,1365
8337,68,1366
9369,68,1367
9652,68,1368
9783,68,1369
10350,68,1370
10702,68,1371
12525,68,1372
18056,68,1373
19652,68,1374
22977,68,1375
23026,68,1376
23306,68,1377
24543,68,1378
25521,68,1379
26049,68,1380
26959,68,1381
27531,68,1382
49,67,1383
265,67,1384
1644,67,1385
1779,67,1386
1835,67,1387
2241,67,1388
2345,67,1389
2382,67,1390
2647,67,1391
3697,67,1392
4582,67,1393
5056,67,1394
5250,67,1395
6625,67,1396
6664,67,1397
6928,67,1398
7398,67,1399
8532,67,1400
8544,67,1401
8772,67,1402
9781,67,1403
10480,67,1404
10649,67,1405
10897,67,1406
11672,67,1407
12103,67,1408
12476,67,1409
12730,67,1410
12810,67,1411
13828,67,1412
13858,67,1413
15338,67,1414
18947,67,1415
21147,67,1416
21167,67,1417
22589,67,1418
22605,67,1419
22671,67,1420
26040,67,1421
26348,67,1422
27199,67,1423
179,66,1424
1085,66,1425
1268,66,1426
1786,66,1427
1955,66,1428
2674,66,1429
2893,66,1430
3088,66,1431
3093,66,1432
3120,66,1433
4776,66,1434
6631,66,1435
7021,66,1436
8844,66,1437
9584,66,1438
9650,66,1439
10554,66,1440
11699,66,1441
12131,66,1442
12192,66,1443
12399,66,1444
13664,66,1445
13947,66,1446
14701,66,1447
15235,66,1448
16982,66,1449
17772,66,1450
20735,66,1451
21902,66,1452
21903,66,1453
22211,66,1454
22497,66,1455
22602,66,1456
23516,66,1457
24099,66,1458
27218,66,1459
32080,66,1460
452,65,1461
580,65,1462
937,65,1463
1042,65,1464
1211,65,1465
1562,65,1466
1870,65,1467
1995,65,1468
2016,65,1469
2061,65,1470
2317,65,1471
2457,65,1472
2616,65,1473
2624,65,1474
2954,65,1475
3501,65,1476
3562,65,1477
3849,65,1478
3945,65,1479
4640,65,1480
5004,65,1481
5617,65,1482
6012,65,1483
6449,65,1484
6647,65,1485
7288,65,1486
8393,65,1487
8415,65,1488
8554,65,1489
8739,65,1490
9916,65,1491
10081,65,1492
11711,65,1493
12112,65,1494
12554,65,1495
12893,65,1496
14071,65,1497
15770,65,1498
16984,65,1499
17644,65,1500
19383,65,1501
23087,65,1502
23096,65,1503
24054,65,1504
25260,65,1505
25834,65,1506
29800,65,1507
36155,65,1508
511,64,1509
1191,64,1510
1231,64,1511
1619,64,1512
1848,64,1513
2078,64,1514
2627,64,1515
2650,64,1516
2963,64,1517
2970,64,1518
3373,64,1519
3846,64,1520
4813,64,1521
4843,64,1522
4894,64,1523
5008,64,1524
5397,64,1525
5410,64,1526
6181,64,1527
7643,64,1528
7777,64,1529
8778,64,1530
8779,64,1531
10805,64,1532
11106,64,1533
12155,64,1534
12831,64,1535
16213,64,1536
18384,64,1537
20615,64,1538
21174,64,1539
21324,64,1540
24686,64,1541
25088,64,1542
26048,64,1543
251,63,1544
476,63,1545
494,63,1546
666,63,1547
1064,63,1548
1679,63,1549
2358,63,1550
2554,63,1551
3097,63,1552
3875,63,1553
4160,63,1554
4371,63,1555
4416,63,1556
4858,63,1557
5288,63,1558
5418,63,1559
5532,63,1560
5973,63,1561
7347,63,1562
7758,63,1563
8367,63,1564
8605,63,1565
8785,63,1566
8879,63,1567
10255,63,1568
10492,63,1569
10660,63,1570
11172,63,1571
11795,63,1572
12022,63,1573
12266,63,1574
12329,63,1575
13312,63,1576
14755,63,1577
19112,63,1578
21158,63,1579
21169,63,1580
21914,63,1581
22378,63,1582
22419,63,1583
22893,63,1584
24101,63,1585
24180,63,1586
24746,63,1587
24923,63,1588
25312,63,1589
25759,63,1590
27168,63,1591
35001,63,1592
17,62,1593
158,62,1594
298,62,1595
490,62,1596
874,62,1597
1336,62,1598
1925,62,1599
2084,62,1600
2180,62,1601
2295,62,1602
2404,62,1603
2622,62,1604
2651,62,1605
2694,62,1606
2903,62,1607
3533,62,1608
4030,62,1609
4908,62,1610
6179,62,1611
6232,62,1612
6984,62,1613
8612,62,1614
8614,62,1615
10495,62,1616
10742,62,1617
10789,62,1618
10953,62,1619
11144,62,1620
11607,62,1621
12149,62,1622
12308,62,1623
12523,62,1624
14175,62,1625
15707,62,1626
16986,62,1627
18630,62,1628
19109,62,1629
21116,62,1630
22127,62,1631
22337,62,1632
23185,62,1633
25254,62,1634
25588,62,1635
30759,62,1636
337,61,1637
454,61,1638
495,61,1639
522,61,1640
1186,61,1641
1730,61,1642
2372,61,1643
2380,61,1644
2652,61,1645
2660,61,1646
2877,61,1647
2896,61,1648
3098,61,1649
3199,61,1650
4769,61,1651
4826,61,1652
5541,61,1653
5558,61,1654
6011,61,1655
6178,61,1656
6182,61,1657
6753,61,1658
7703,61,1659
7974,61,1660
8132,61,1661
8610,61,1662
8868,61,1663
9597,61,1664
9808,61,1665
11639,61,1666
12273,61,1667
12319,61,1668
12374,61,1669
13808,61,1670
14603,61,1671
21519,61,1672
22421,61,1673
22949,61,1674
23213,61,1675
23232,61,1676
23890,61,1677
24311,61,1678
25639,61,1679
26633,61,1680
27161,61,1681
27288,61,1682
27712,61,1683
463,60,1684
602,60,1685
793,60,1686
1878,60,1687
2089,60,1688
2568,60,1689
3131,60,1690
3200,60,1691
3270,60,1692
3300,60,1693
3487,60,1694
4221,60,1695
4526,60,1696
4628,60,1697
4732,60,1698
4906,60,1699
5775,60,1700
7305,60,1701
7368,60,1702
7378,60,1703
7977,60,1704
8163,60,1705
8418,60,1706
8861,60,1707
9356,60,1708
9591,60,1709
9830,60,1710
10236,60,1711
10280,60,1712
10923,60,1713
12360,60,1714
13017,60,1715
16391,60,1716
16997,60,1717
21862,60,1718
21941,60,1719
22404,60,1720
22639,60,1721
23010,60,1722
23016,60,1723
23212,60,1724
23922,60,1725
24447,60,1726
28018,60,1727
28065,60,1728
28750,60,1729
29180,60,1730
30253,60,1731
37706,60,1732
515,59,1733
586,59,1734
680,59,1735
910,59,1736
1380,59,1737
1506,59,1738
2155,59,1739
2418,59,1740
2485,59,1741
2599,59,1742
2956,59,1743
3144,59,1744
3267,59,1745
3577,59,1746
4766,59,1747
4787,59,1748
6171,59,1749
7911,59,1750
8183,59,1751
11373,59,1752
11390,59,1753
13157,59,1754
13222,59,1755
13386,59,1756
13827,59,1757
13920,59,1758
17573,59,1759
20730,59,1760
21142,59,1761
21942,59,1762
23705,59,1763
25103,59,1764
25247,59,1765
25277,59,1766
26380,59,1767
26721,59,1768
26827,59,1769
28054,59,1770
34541,59,1771
171,58,1772
229,58,1773
245,58,1774
255,58,1775
507,58,1776
911,58,1777
1375,58,1778
1574,58,1779
1863,58,1780
2342,58,1781
2375,58,1782
2489,58,1783
3109,58,1784
3386,58,1785
3820,58,1786
4477,58,1787
4490,58,1788
4608,58,1789
4635,58,1790
5389,58,1791
6180,58,1792
6611,58,1793
6641,58,1794
8540,58,1795
13038,58,1796
13045,58,1797
13275,58,1798
13444,58,1799
13923,58,1800
14037,58,1801
17079,58,1802
18467,58,1803
18746,58,1804
20680,58,1805
20749,58,1806
21694,58,1807
22172,58,1808
22445,58,1809
23913,58,1810
23914,58,1811
24252,58,1812
25650,58,1813
27108,58,1814
29740,58,1815
31740,58,1816
35496,58,1817
38562,58,1818
32,57,1819
190,57,1820
469,57,1821
479,57,1822
534,57,1823
687,57,1824
696,57,1825
807,57,1826
1020,57,1827
1104,57,1828
1362,57,1829
1378,57,1830
1718,57,1831
1764,57,1832
2117,57,1833
2153,57,1834
2922,57,1835
3026,57,1836
3307,57,1837
3474,57,1838
3486,57,1839
5646,57,1840
6110,57,1841
6704,57,1842
6793,57,1843
7725,57,1844
8633,57,1845
8790,57,1846
8913,57,1847
9985,57,1848
10471,57,1849
11141,57,1850
11380,57,1851
11837,57,1852
11891,57,1853
12332,57,1854
12365,57,1855
12387,57,1856
13322,57,1857
14423,57,1858
14686,57,1859
20688,57,1860
20754,57,1861
21579,57,1862
22187,57,1863
22547,57,1864
22582,57,1865
22739,57,1866
22830,57,1867
23641,57,1868
23923,57,1869
24100,57,1870
25902,57,1871
28809,57,1872
29109,57,1873
31970,57,1874
34554,57,1875
36161,57,1876
262,56,1877
502,56,1878
686,56,1879
764,56,1880
903,56,1881
1199,56,1882
1372,56,1883
1377,56,1884
1623,56,1885
1671,56,1886
1818,56,1887
2876,56,1888
3322,56,1889
3541,56,1890
4542,56,1891
4634,56,1892
4726,56,1893
5313,56,1894
5435,56,1895
5703,56,1896
6172,56,1897
7548,56,1898
7894,56,1899
7989,56,1900
8751,56,1901
8894,56,1902
8918,56,1903
9375,56,1904
9396,56,1905
9894,56,1906
9895,56,1907
12150,56,1908
12301,56,1909
12320,56,1910
12916,56,1911
13904,56,1912
16019,56,1913
17189,56,1914
17811,56,1915
21135,56,1916
21693,56,1917
21924,56,1918
22539,56,1919
23407,56,1920
23671,56,1921
23700,56,1922
24115,56,1923
24116,56,1924
24616,56,1925
25338,56,1926
25682,56,1927
26228,56,1928
27256,56,1929
29801,56,1930
31316,56,1931
34883,56,1932
35176,56,1933
167,55,1934
551,55,1935
928,55,1936
1371,55,1937
1785,55,1938
1832,55,1939
2397,55,1940
2507,55,1941
2595,55,1942
2654,55,1943
3069,55,1944
3080,55,1945
3271,55,1946
3432,55,1947
3689,55,1948
4873,55,1949
5340,55,1950
5607,55,1951
6412,55,1952
6747,55,1953
6761,55,1954
6962,55,1955
8274,55,1956
8763,55,1957
8900,55,1958
10209,55,1959
10488,55,1960
10830,55,1961
10957,55,1962
11078,55,1963
11383,55,1964
11584,55,1965
14463,55,1966
14626,55,1967
16694,55,1968
17175,55,1969
19117,55,1970
21149,55,1971
24058,55,1972
24229,55,1973
24296,55,1974
24740,55,1975
25333,55,1976
25577,55,1977
26104,55,1978
26710,55,1979
26752,55,1980
27107,55,1981
27252,55,1982
27511,55,1983
27573,55,1984
28047,55,1985
34695,55,1986
215,54,1987
237,54,1988
531,54,1989
676,54,1990
678,54,1991
881,54,1992
1056,54,1993
1215,54,1994
1368,54,1995
1370,54,1996
1511,54,1997
1712,54,1998
2099,54,1999
2123,54,2000
2522,54,2001
2653,54,2002
3085,54,2003
3155,54,2004
3187,54,2005
3809,54,2006
3899,54,2007
3956,54,2008
4214,54,2009
4220,54,2010
4728,54,2011
5280,54,2012
6042,54,2013
6324,54,2014
6825,54,2015
6921,54,2016
8522,54,2017
8611,54,2018
9235,54,2019
9240,54,2020
10485,54,2021
12225,54,2022
12613,54,2023
14304,54,2024
19541,54,2025
20421,54,2026
20713,54,2027
21358,54,2028
21577,54,2029
22549,54,2030
22980,54,2031
25074,54,2032
25294,54,2033
25523,54,2034
25683,54,2035
27159,54,2036
27306,54,2037
39204,54,2038
333,53,2039
521,53,2040
590,53,2041
630,53,2042
729,53,2043
909,53,2044
944,53,2045
1060,53,2046
1194,53,2047
1365,53,2048
1366,53,2049
1381,53,2050
1432,53,2051
1496,53,2052
1591,53,2053
2027,53,2054
2132,53,2055
2540,53,2056
3132,53,2057
3769,53,2058
3787,53,2059
3974,53,2060
4203,53,2061
4525,53,2062
4543,53,2063
4736,53,2064
4775,53,2065
5048,53,2066
5368,53,2067
5378,53,2068
6139,53,2069
6931,53,2070
7452,53,2071
7612,53,2072
7791,53,2073
7846,53,2074
8385,53,2075
8410,53,2076
8896,53,2077
9924,53,2078
10031,53,2079
10128,53,2080
10508,53,2081
11720,53,2082
12050,53,2083
12062,53,2084
12260,53,2085
12383,53,2086
13365,53,2087
14687,53,2088
15110,53,2089
15144,53,2090
15343,53,2091
15355,53,2092
16393,53,2093
17815,53,2094
17816,53,2095
18022,53,2096
20825,53,2097
21563,53,2098
22501,53,2099
22534,53,2100
22631,53,2101
23037,53,2102
24561,53,2103
25241,53,2104
27084,53,2105
29551,53,2106
32057,53,2107
32483,53,2108
35006,53,2109
16,52,2110
45,52,2111
168,52,2112
669,52,2113
1364,52,2114
1369,52,2115
1390,52,2116
1487,52,2117
1806,52,2118
2398,52,2119
2491,52,2120
2514,52,2121
3313,52,2122
3574,52,2123
3786,52,2124
3958,52,2125
4200,52,2126
4577,52,2127
5879,52,2128
6044,52,2129
6733,52,2130
6790,52,2131
7423,52,2132
7518,52,2133
8587,52,2134
8794,52,2135
9964,52,2136
10215,52,2137
10799,52,2138
12177,52,2139
12391,52,2140
12489,52,2141
12557,52,2142
13306,52,2143
13722,52,2144
14062,52,2145
14255,52,2146
16101,52,2147
16421,52,2148
18113,52,2149
18702,52,2150
20588,52,2151
21270,52,2152
22535,52,2153
23012,52,2154
23912,52,2155
23915,52,2156
24979,52,2157
25527,52,2158
25747,52,2159
25844,52,2160
26643,52,2161
26979,52,2162
26984,52,2163
464,51,2164
538,51,2165
693,51,2166
815,51,2167
901,51,2168
970,51,2169
1072,51,2170
1208,51,2171
1237,51,2172
1418,51,2173
1467,51,2174
1624,51,2175
1726,51,2176
1820,51,2177
2015,51,2178
2273,51,2179
2883,51,2180
2887,51,2181
2937,51,2182
2965,51,2183
3095,51,2184
3668,51,2185
3711,51,2186
3901,51,2187
4215,51,2188
4283,51,2189
4461,51,2190
4531,51,2191
4576,51,2192
4603,51,2193
5377,51,2194
5422,51,2195
6010,51,2196
6792,51,2197
7064,51,2198
7459,51,2199
9223,51,2200
10035,51,2201
10091,51,2202
10304,51,2203
11134,51,2204
12366,51,2205
12538,51,2206
12612,51,2207
14322,51,2208
15022,51,2209
17798,51,2210
20541,51,2211
20718,51,2212
21138,51,2213
21864,51,2214
22615,51,2215
22968,51,2216
23916,51,2217
24105,51,2218
24306,51,2219
24467,51,2220
25604,51,2221
25605,51,2222
25698,51,2223
26645,51,2224
26683,51,2225
26887,51,2226
30745,51,2227
34884,51,2228
136,50,2229
164,50,2230
244,50,2231
253,50,2232
438,50,2233
523,50,2234
908,50,2235
1078,50,2236
1257,50,2237
1684,50,2238
1754,50,2239
2090,50,2240
2270,50,2241
2655,50,2242
2702,50,2243
2736,50,2244
2748,50,2245
3206,50,2246
3264,50,2247
3366,50,2248
3397,50,2249
3589,50,2250
3928,50,2251
4803,50,2252
5138,50,2253
5347,50,2254
5370,50,2255
5765,50,2256
5766,50,2257
6701,50,2258
6904,50,2259
6963,50,2260
7276,50,2261
7388,50,2262
8348,50,2263
8699,50,2264
8750,50,2265
9281,50,2266
9491,50,2267
10575,50,2268
11386,50,2269
12034,50,2270
12193,50,2271
12317,50,2272
12462,50,2273
15710,50,2274
16515,50,2275
16634,50,2276
16664,50,2277
16846,50,2278
17107,50,2279
17430,50,2280
22471,50,2281
22593,50,2282
22626,50,2283
22877,50,2284
22878,50,2285
22894,50,2286
22965,50,2287
23406,50,2288
23504,50,2289
23519,50,2290
23533,50,2291
23919,50,2292
24037,50,2293
24550,50,2294
24952,50,2295
25055,50,2296
25076,50,2297
25240,50,2298
26980,50,2299
27681,50,2300
27875,50,2301
27947,50,2302
28681,50,2303
34998,50,2304
311,49,2305
650,49,2306
683,49,2307
757,49,2308
803,49,2309
1195,49,2310
1294,49,2311
1544,49,2312
1590,49,2313
1654,49,2314
2179,49,2315
2281,49,2316
2555,49,2317
2633,49,2318
2840,49,2319
2961,49,2320
3040,49,2321
3367,49,2322
3719,49,2323
3829,49,2324
4572,49,2325
5041,49,2326
5505,49,2327
5527,49,2328
5599,49,2329
5692,49,2330
5763,49,2331
6047,49,2332
6130,49,2333
6537,49,2334
7001,49,2335
7012,49,2336
7207,49,2337
7455,49,2338
7728,49,2339
7983,49,2340
8273,49,2341
8601,49,2342
8854,49,2343
8936,49,2344
9764,49,2345
9877,49,2346
10417,49,2347
12356,49,2348
13112,49,2349
13349,49,2350
13512,49,2351
13823,49,2352
15923,49,2353
18520,49,2354
20249,49,2355
20753,49,2356
21555,49,2357
21841,49,2358
21930,49,2359
22727,49,2360
22989,49,2361
23036,49,2362
23038,49,2363
23184,49,2364
23663,49,2365
24118,49,2366
24503,49,2367
24649,49,2368
25000,49,2369
25126,49,2370
28179,49,2371
28795,49,2372
378,48,2373
399,48,2374
403,48,2375
504,48,2376
566,48,2377
682,48,2378
685,48,2379
981,48,2380
1569,48,2381
1660,48,2382
1783,48,2383
1787,48,2384
2115,48,2385
2357,48,2386
2421,48,2387
2436,48,2388
2543,48,2389
2664,48,2390
2821,48,2391
2925,48,2392
2938,48,2393
3265,48,2394
3292,48,2395
3390,48,2396
4117,48,2397
4498,48,2398
4784,48,2399
5000,48,2400
5429,48,2401
5510,48,2402
5550,48,2403
6077,48,2404
6109,48,2405
6789,48,2406
6927,48,2407
6969,48,2408
7948,48,2409
7994,48,2410
8156,48,2411
9228,48,2412
9850,48,2413
10610,48,2414
10725,48,2415
11476,48,2416
11757,48,2417
11854,48,2418
12200,48,2419
13035,48,2420
13665,48,2421
13669,48,2422
13987,48,2423
13993,48,2424
15379,48,2425
15421,48,2426
15894,48,2427
16045,48,2428
16689,48,2429
17214,48,2430
18513,48,2431
18994,48,2432
19127,48,2433
20728,48,2434
22422,48,2435
23106,48,2436
23196,48,2437
23387,48,2438
24361,48,2439
25057,48,2440
25528,48,2441
25974,48,2442
26365,48,2443
27654,48,2444
29619,48,2445
37136,48,2446
163,47,2447
401,47,2448
404,47,2449
453,47,2450
491,47,2451
721,47,2452
905,47,2453
1032,47,2454
1383,47,2455
1385,47,2456
1388,47,2457
1398,47,2458
1778,47,2459
1800,47,2460
1897,47,2461
2081,47,2462
2174,47,2463
2277,47,2464
2495,47,2465
2676,47,2466
2797,47,2467
2830,47,2468
3037,47,2469
3221,47,2470
3605,47,2471
4133,47,2472
4253,47,2473
4342,47,2474
4836,47,2475
4959,47,2476
5113,47,2477
5300,47,2478
6088,47,2479
6371,47,2480
6605,47,2481
6791,47,2482
7129,47,2483
7362,47,2484
7920,47,2485
8332,47,2486
9363,47,2487
9862,47,2488
9984,47,2489
10040,47,2490
10140,47,2491
10323,47,2492
10490,47,2493
10783,47,2494
11721,47,2495
12726,47,2496
13154,47,2497
13822,47,2498
13907,47,2499
16265,47,2500
16711,47,2501
17062,47,2502
17081,47,2503
18558,47,2504
18708,47,2505
18853,47,2506
19357,47,2507
21943,47,2508
22131,47,2509
22219,47,2510
22573,47,2511
22575,47,2512
22874,47,2513
22995,47,2514
23192,47,2515
23219,47,2516
23385,47,2517
23529,47,2518
23685,47,2519
24153,47,2520
24195,47,2521
24564,47,2522
24588,47,2523
24907,47,2524
25193,47,2525
25514,47,2526
26281,47,2527
26472,47,2528
27015,47,2529
27106,47,2530
27678,47,2531
28768,47,2532
29774,47,2533
34011,47,2534
34320,47,2535
35007,47,2536
109,46,2537
520,46,2538
658,46,2539
796,46,2540
798,46,2541
850,46,2542
887,46,2543
906,46,2544
1386,46,2545
1425,46,2546
1549,46,2547
1899,46,2548
2006,46,2549
2098,46,2550
2412,46,2551
2648,46,2552
2863,46,2553
2947,46,2554
3006,46,2555
3036,46,2556
3090,46,2557
3091,46,2558
3248,46,2559
3559,46,2560
3638,46,2561
3685,46,2562
3687,46,2563
3793,46,2564
4796,46,2565
4939,46,2566
5014,46,2567
5457,46,2568
5547,46,2569
5578,46,2570
5747,46,2571
5751,46,2572
5991,46,2573
6173,46,2574
6492,46,2575
6507,46,2576
6794,46,2577
6832,46,2578
7155,46,2579
7394,46,2580
7473,46,2581
8003,46,2582
8197,46,2583
8239,46,2584
8690,46,2585
8855,46,2586
8939,46,2587
9291,46,2588
9578,46,2589
9989,46,2590
10102,46,2591
10721,46,2592
10735,46,2593
10878,46,2594
11230,46,2595
11354,46,2596
11702,46,2597
12140,46,2598
13299,46,2599
13757,46,2600
14215,46,2601
14640,46,2602
14877,46,2603
15600,46,2604
16046,46,2605
16050,46,2606
16525,46,2607
16737,46,2608
16869,46,2609
17216,46,2610
17501,46,2611
20743,46,2612
21132,46,2613
22398,46,2614
22440,46,2615
22579,46,2616
22633,46,2617
23904,46,2618
24507,46,2619
24776,46,2620
25044,46,2621
25675,46,2622
26109,46,2623
26655,46,2624
26985,46,2625
27072,46,2626
27089,46,2627
27721,46,2628
29035,46,2629
29220,46,2630
31304,46,2631
31803,46,2632
34180,46,2633
37707,46,2634
35,45,2635
281,45,2636
371,45,2637
445,45,2638
489,45,2639
563,45,2640
684,45,2641
747,45,2642
772,45,2643
824,45,2644
907,45,2645
1244,45,2646
1384,45,2647
1439,45,2648
1476,45,2649
1478,45,2650
1629,45,2651
1893,45,2652
2001,45,2653
2073,45,2654
2226,45,2655
2539,45,2656
2597,45,2657
2667,45,2658
2680,45,2659
3136,45,2660
3372,45,2661
3664,45,2662
3954,45,2663
4185,45,2664
4362,45,2665
4409,45,2666
4429,45,2667
4740,45,2668
4793,45,2669
4824,45,2670
4930,45,2671
5502,45,2672
5528,45,2673
5593,45,2674
5675,45,2675
5682,45,2676
6581,45,2677
6618,45,2678
7490,45,2679
7641,45,2680
7797,45,2681
8402,45,2682
8644,45,2683
9359,45,2684
9797,45,2685
10366,45,2686
10498,45,2687
10989,45,2688
11473,45,2689
11615,45,2690
11924,45,2691
12322,45,2692
12452,45,2693
13999,45,2694
14592,45,2695
14776,45,2696
14880,45,2697
16102,45,2698
16246,45,2699
16399,45,2700
16437,45,2701
17012,45,2702
17352,45,2703
17516,45,2704
17803,45,2705
17903,45,2706
19005,45,2707
20579,45,2708
20742,45,2709
22133,45,2710
22371,45,2711
22591,45,2712
22603,45,2713
22654,45,2714
22826,45,2715
23014,45,2716
23296,45,2717
23392,45,2718
23513,45,2719
23674,45,2720
23679,45,2721
24663,45,2722
25027,45,2723
25606,45,2724
25684,45,2725
25920,45,2726
27045,45,2727
27315,45,2728
27324,45,2729
27647,45,2730
27935,45,2731
29520,45,2732
29833,45,2733
30179,45,2734
30278,45,2735
33383,45,2736
37479,45,2737
37544,45,2738
169,44,2739
299,44,2740
411,44,2741
688,44,2742
689,44,2743
1082,44,2744
1600,44,2745
1602,44,2746
2135,44,2747
2221,44,2748
2291,44,2749
2308,44,2750
2318,44,2751
2332,44,2752
2347,44,2753
2717,44,2754
2902,44,2755
2941,44,2756
2959,44,2757
3396,44,2758
3400,44,2759
3808,44,2760
4159,44,2761
4288,44,2762
4332,44,2763
4363,44,2764
4561,44,2765
5012,44,2766
5297,44,2767
5447,44,2768
5514,44,2769
5632,44,2770
5771,44,2771
5860,44,2772
5983,44,2773
6291,44,2774
7183,44,2775
7199,44,2776
8296,44,2777
8579,44,2778
8584,44,2779
8682,44,2780
8832,44,2781
8966,44,2782
9298,44,2783
9647,44,2784
9986,44,2785
10150,44,2786
10394,44,2787
10479,44,2788
10512,44,2789
11339,44,2790
11588,44,2791
12622,44,2792
12702,44,2793
12862,44,2794
13504,44,2795
14213,44,2796
14622,44,2797
14719,44,2798
14873,44,2799
15442,44,2800
15518,44,2801
15522,44,2802
15893,44,2803
17017,44,2804
17209,44,2805
17685,44,2806
18050,44,2807
18463,44,2808
19368,44,2809
19384,44,2810
19745,44,2811
20814,44,2812
22456,44,2813
22457,44,2814
22466,44,2815
23011,44,2816
23540,44,2817
24197,44,2818
24262,44,2819
24420,44,2820
24611,44,2821
25578,44,2822
26068,44,2823
26974,44,2824
27489,44,2825
27665,44,2826
28466,44,2827
28573,44,2828
28628,44,2829
28812,44,2830
30461,44,2831
30578,44,2832
30712,44,2833
123,43,2834
162,43,2835
425,43,2836
483,43,2837
587,43,2838
609,43,2839
756,43,2840
770,43,2841
808,43,2842
861,43,2843
1126,43,2844
1228,43,2845
1361,43,2846
1488,43,2847
1666,43,2848
1741,43,2849
2000,43,2850
2065,43,2851
2124,43,2852
2212,43,2853
2253,43,2854
2256,43,2855
2393,43,2856
2453,43,2857
2492,43,2858
2737,43,2859
2940,43,2860
3025,43,2861
3074,43,2862
3250,43,2863
3701,43,2864
3925,43,2865
4046,43,2866
4082,43,2867
4353,43,2868
4419,43,2869
4730,43,2870
5246,43,2871
5508,43,2872
5530,43,2873
5637,43,2874
5778,43,2875
6177,43,2876
6445,43,2877
6446,43,2878
6705,43,2879
6715,43,2880
6786,43,2881
6945,43,2882
6978,43,2883
7148,43,2884
7525,43,2885
7697,43,2886
8146,43,2887
8275,43,2888
8308,43,2889
9453,43,2890
10411,43,2891
10499,43,2892
10519,43,2893
10732,43,2894
10932,43,2895
11108,43,2896
11435,43,2897
11796,43,2898
11800,43,2899
11870,43,2900
12342,43,2901
12478,43,2902
12845,43,2903
13139,43,2904
13160,43,2905
13727,43,2906
14511,43,2907
15418,43,2908
16262,43,2909
18438,43,2910
19353,43,2911
20726,43,2912
21160,43,2913
21177,43,2914
21703,43,2915
22362,43,2916
22637,43,2917
22913,43,2918
23090,43,2919
23355,43,2920
23675,43,2921
23925,43,2922
24071,43,2923
24595,43,2924
24921,43,2925
24929,43,2926
24983,43,2927
25248,43,2928
25634,43,2929
25877,43,2930
26244,43,2931
26947,43,2932
27533,43,2933
27753,43,2934
27808,43,2935
28833,43,2936
37729,43,2937
43,42,2938
405,42,2939
470,42,2940
472,42,2941
528,42,2942
561,42,2943
641,42,2944
653,42,2945
820,42,2946
902,42,2947
1038,42,2948
1156,42,2949
1197,42,2950
1283,42,2951
1353,42,2952
1556,42,2953
1676,42,2954
1794,42,2955
1829,42,2956
1881,42,2957
2102,42,2958
2739,42,2959
3033,42,2960
3162,42,2961
3177,42,2962
3223,42,2963
3402,42,2964
3621,42,2965
4271,42,2966
4466,42,2967
4567,42,2968
4596,42,2969
4673,42,2970
4831,42,2971
4893,42,2972
5107,42,2973
5251,42,2974
5619,42,2975
5769,42,2976
6023,42,2977
6079,42,2978
6576,42,2979
6702,42,2980
6820,42,2981
7371,42,2982
7557,42,2983
7873,42,2984
8117,42,2985
8264,42,2986
8336,42,2987
8548,42,2988
8893,42,2989
8937,42,2990
9292,42,2991
9755,42,2992
9852,42,2993
9861,42,2994
10627,42,2995
10837,42,2996
10868,42,2997
11600,42,2998
11694,42,2999
12624,42,3000
12953,42,3001
13016,42,3002
13034,42,3003
13135,42,3004
14516,42,3005
14831,42,3006
15000,42,3007
16321,42,3008
16640,42,3009
16641,42,3010
16734,42,3011
18545,42,3012
21165,42,3013
22427,42,3014
22946,42,3015
23019,42,3016
23097,42,3017
23879,42,3018
23929,42,3019
24006,42,3020
24442,42,3021
25124,42,3022
25607,42,3023
25723,42,3024
25774,42,3025
26126,42,3026
26703,42,3027
26839,42,3028
26931,42,3029
27263,42,3030
27346,42,3031
27523,42,3032
27578,42,3033
28514,42,3034
28808,42,3035
28896,42,3036
29773,42,3037
29973,42,3038
31062,42,3039
32082,42,3040
34108,42,3041
37118,42,3042
25,41,3043
216,41,3044
221,41,3045
527,41,3046
537,41,3047
888,41,3048
1039,41,3049
1248,41,3050
1253,41,3051
1427,41,3052
1435,41,3053
1468,41,3054
1616,41,3055
1896,41,3056
2013,41,3057
2162,41,3058
2501,41,3059
2807,41,3060
2906,41,3061
2933,41,3062
3108,41,3063
3243,41,3064
3302,41,3065
3310,41,3066
4059,41,3067
4256,41,3068
4273,41,3069
4321,41,3070
4338,41,3071
4599,41,3072
4892,41,3073
4974,41,3074
5140,41,3075
5393,41,3076
5415,41,3077
5503,41,3078
5534,41,3079
5598,41,3080
6087,41,3081
6175,41,3082
6607,41,3083
6818,41,3084
6834,41,3085
7118,41,3086
7156,41,3087
7682,41,3088
7972,41,3089
8375,41,3090
8570,41,3091
8789,41,3092
8928,41,3093
9220,41,3094
9864,41,3095
10324,41,3096
10487,41,3097
10644,41,3098
10645,41,3099
10812,41,3100
10947,41,3101
11161,41,3102
11679,41,3103
12465,41,3104
12491,41,3105
12958,41,3106
13001,41,3107
13065,41,3108
13327,41,3109
14128,41,3110
14136,41,3111
14449,41,3112
15098,41,3113
16922,41,3114
17093,41,3115
17778,41,3116
18058,41,3117
18543,41,3118
18775,41,3119
19602,41,3120
19661,41,3121
20182,41,3122
21069,41,3123
21450,41,3124
21518,41,3125
21885,41,3126
22391,41,3127
22502,41,3128
22506,41,3129
22608,41,3130
22641,41,3131
23221,41,3132
23266,41,3133
23311,41,3134
23901,41,3135
24273,41,3136
24421,41,3137
24573,41,3138
24607,41,3139
24982,41,3140
25041,41,3141
25148,41,3142
25679,41,3143
25701,41,3144
26085,41,3145
26833,41,3146
27040,41,3147
27307,41,3148
29170,41,3149
30441,41,3150
30666,41,3151
31165,41,3152
32475,41,3153
32719,41,3154
32866,41,3155
35597,41,3156
451,40,3157
751,40,3158
804,40,3159
1019,40,3160
1260,40,3161
1299,40,3162
1426,40,3163
1731,40,3164
1988,40,3165
2088,40,3166
2172,40,3167
2284,40,3168
2302,40,3169
2413,40,3170
2713,40,3171
2786,40,3172
2819,40,3173
2932,40,3174
2944,40,3175
3056,40,3176
3140,40,3177
3316,40,3178
3778,40,3179
4139,40,3180
4189,40,3181
4236,40,3182
4329,40,3183
5142,40,3184
5145,40,3185
5406,40,3186
5565,40,3187
5628,40,3188
6099,40,3189
6111,40,3190
6392,40,3191
6406,40,3192
6533,40,3193
6883,40,3194
7009,40,3195
7832,40,3196
7993,40,3197
8009,40,3198
8463,40,3199
8636,40,3200
8641,40,3201
8840,40,3202
9751,40,3203
9826,40,3204
10330,40,3205
10367,40,3206
10412,40,3207
10833,40,3208
10835,40,3209
11685,40,3210
12120,40,3211
12324,40,3212
12587,40,3213
12732,40,3214
13273,40,3215
13807,40,3216
14318,40,3217
14642,40,3218
14662,40,3219
15996,40,3220
16006,40,3221
17201,40,3222
17499,40,3223
17514,40,3224
17777,40,3225
19227,40,3226
20102,40,3227
20641,40,3228
20648,40,3229
20723,40,3230
21180,40,3231
21857,40,3232
22426,40,3233
22463,40,3234
22607,40,3235
22876,40,3236
23025,40,3237
23203,40,3238
23881,40,3239
23963,40,3240
24111,40,3241
24125,40,3242
24136,40,3243
24141,40,3244
24168,40,3245
24292,40,3246
24574,40,3247
24786,40,3248
24791,40,3249
24990,40,3250
25179,40,3251
25649,40,3252
25700,40,3253
25714,40,3254
26778,40,3255
27255,40,3256
27776,40,3257
28804,40,3258
29675,40,3259
32069,40,3260
32307,40,3261
32520,40,3262
34318,40,3263
37580,40,3264
39161,40,3265
346,39,3266
498,39,3267
506,39,3268
510,39,3269
713,39,3270
784,39,3271
845,39,3272
875,39,3273
882,39,3274
1157,39,3275
1230,39,3276
1279,39,3277
1322,39,3278
1395,39,3279
1709,39,3280
1742,39,3281
1771,39,3282
2178,39,3283
2189,39,3284
2269,39,3285
2409,39,3286
2548,39,3287
2701,39,3288
2824,39,3289
3073,39,3290
3342,39,3291
3399,39,3292
3467,39,3293
3480,39,3294
3490,39,3295
3525,39,3296
3600,39,3297
3633,39,3298
3749,39,3299
3915,39,3300
3941,39,3301
4000,39,3302
4318,39,3303
4521,39,3304
4658,39,3305
4720,39,3306
4767,39,3307
5240,39,3308
5360,39,3309
5405,39,3310
5601,39,3311
5635,39,3312
5840,39,3313
6453,39,3314
6575,39,3315
6595,39,3316
6916,39,3317
7085,39,3318
7123,39,3319
7301,39,3320
7355,39,3321
7633,39,3322
7642,39,3323
8214,39,3324
8328,39,3325
8634,39,3326
8749,39,3327
8783,39,3328
9391,39,3329
9594,39,3330
9608,39,3331
9618,39,3332
9775,39,3333
10265,39,3334
10337,39,3335
10482,39,3336
10581,39,3337
10620,39,3338
10819,39,3339
10904,39,3340
11126,39,3341
11636,39,3342
11789,39,3343
12126,39,3344
12179,39,3345
12306,39,3346
12325,39,3347
12894,39,3348
13141,39,3349
13217,39,3350
13375,39,3351
13484,39,3352
13687,39,3353
13788,39,3354
13795,39,3355
14288,39,3356
14306,39,3357
15070,39,3358
15395,39,3359
15656,39,3360
15789,39,3361
15818,39,3362
15820,39,3363
15994,39,3364
16000,39,3365
16232,39,3366
16254,39,3367
16389,39,3368
16445,39,3369
16486,39,3370
16706,39,3371
17159,39,3372
17589,39,3373
17767,39,3374
17781,39,3375
18004,39,3376
18312,39,3377
19739,39,3378
19949,39,3379
20199,39,3380
21121,39,3381
21521,39,3382
21739,39,3383
21963,39,3384
22536,39,3385
22617,39,3386
22634,39,3387
22718,39,3388
22944,39,3389
23155,39,3390
23360,39,3391
23372,39,3392
23541,39,3393
23721,39,3394
23728,39,3395
23867,39,3396
24035,39,3397
24040,39,3398
24082,39,3399
24213,39,3400
24318,39,3401
24408,39,3402
24623,39,3403
25230,39,3404
25566,39,3405
25582,39,3406
25666,39,3407
25767,39,3408
26078,39,3409
26351,39,3410
26448,39,3411
26540,39,3412
26569,39,3413
26678,39,3414
26713,39,3415
27494,39,3416
27584,39,3417
28997,39,3418
29230,39,3419
30222,39,3420
30359,39,3421
31220,39,3422
31222,39,3423
32870,39,3424
33313,39,3425
34111,39,3426
39400,39,3427
40043,39,3428
127,38,3429
273,38,3430
467,38,3431
475,38,3432
532,38,3433
611,38,3434
852,38,3435
951,38,3436
1107,38,3437
1134,38,3438
1448,38,3439
1452,38,3440
1455,38,3441
1807,38,3442
1915,38,3443
1973,38,3444
2041,38,3445
2086,38,3446
2107,38,3447
2119,38,3448
2130,38,3449
2580,38,3450
2584,38,3451
2991,38,3452
3252,38,3453
3401,38,3454
3776,38,3455
3914,38,3456
4048,38,3457
4407,38,3458
4680,38,3459
4687,38,3460
4755,38,3461
4799,38,3462
4944,38,3463
5094,38,3464
5116,38,3465
5407,38,3466
5450,38,3467
5631,38,3468
5678,38,3469
5882,38,3470
6127,38,3471
6377,38,3472
6393,38,3473
6431,38,3474
6444,38,3475
6588,38,3476
6801,38,3477
7169,38,3478
7363,38,3479
7576,38,3480
7656,38,3481
7865,38,3482
7872,38,3483
7916,38,3484
8053,38,3485
8317,38,3486
8846,38,3487
9226,38,3488
9441,38,3489
9701,38,3490
9714,38,3491
10108,38,3492
10476,38,3493
11166,38,3494
11206,38,3495
11703,38,3496
11713,38,3497
11770,38,3498
11851,38,3499
12124,38,3500
12293,38,3501
12298,38,3502
12534,38,3503
12998,38,3504
13031,38,3505
13308,38,3506
13491,38,3507
13496,38,3508
13505,38,3509
14129,38,3510
14220,38,3511
14453,38,3512
14597,38,3513
14617,38,3514
14624,38,3515
14773,38,3516
15035,38,3517
15598,38,3518
15768,38,3519
16025,38,3520
17009,38,3521
17016,38,3522
17030,38,3523
17146,38,3524
17628,38,3525
17946,38,3526
18818,38,3527
18957,38,3528
19106,38,3529
20248,38,3530
21133,38,3531
21546,38,3532
22373,38,3533
22663,38,3534
22962,38,3535
23126,38,3536
23188,38,3537
23298,38,3538
23347,38,3539
23384,38,3540
23609,38,3541
23612,38,3542
24123,38,3543
24126,38,3544
24129,38,3545
24156,38,3546
24436,38,3547
24512,38,3548
24514,38,3549
24824,38,3550
24915,38,3551
25056,38,3552
25233,38,3553
25437,38,3554
25440,38,3555
26402,38,3556
26482,38,3557
26610,38,3558
27246,38,3559
27940,38,3560
27991,38,3561
29481,38,3562
29769,38,3563
29780,38,3564
31513,38,3565
32723,38,3566
34194,38,3567
35000,38,3568
37704,38,3569
38167,38,3570
40056,38,3571
248,37,3572
416,37,3573
441,37,3574
487,37,3575
524,37,3576
565,37,3577
631,37,3578
776,37,3579
839,37,3580
892,37,3581
945,37,3582
1030,37,3583
1034,37,3584
1122,37,3585
1213,37,3586
1310,37,3587
1824,37,3588
2032,37,3589
2085,37,3590
2137,37,3591
2314,37,3592
2463,37,3593
2745,37,3594
2835,37,3595
2967,37,3596
3030,37,3597
3045,37,3598
3413,37,3599
3426,37,3600
3554,37,3601
3681,37,3602
3715,37,3603
3755,37,3604
3920,37,3605
3973,37,3606
4122,37,3607
4131,37,3608
4297,37,3609
4562,37,3610
4574,37,3611
4682,37,3612
4887,37,3613
4964,37,3614
5177,37,3615
5458,37,3616
5655,37,3617
5851,37,3618
5997,37,3619
6125,37,3620
6174,37,3621
6387,37,3622
6415,37,3623
6521,37,3624
6542,37,3625
6571,37,3626
6638,37,3627
6744,37,3628
6773,37,3629
6929,37,3630
6951,37,3631
7203,37,3632
7262,37,3633
7369,37,3634
7468,37,3635
7667,37,3636
7706,37,3637
7793,37,3638
7947,37,3639
7987,37,3640
8118,37,3641
8263,37,3642
8301,37,3643
8501,37,3644
8606,37,3645
8688,37,3646
8774,37,3647
8792,37,3648
8836,37,3649
8888,37,3650
8897,37,3651
9183,37,3652
9271,37,3653
9432,37,3654
9571,37,3655
9678,37,3656
9734,37,3657
9832,37,3658
9871,37,3659
9971,37,3660
9990,37,3661
10009,37,3662
10123,37,3663
10134,37,3664
10247,37,3665
10836,37,3666
11032,37,3667
12092,37,3668
12290,37,3669
12311,37,3670
12440,37,3671
12488,37,3672
12583,37,3673
12602,37,3674
12932,37,3675
13072,37,3676
13213,37,3677
13580,37,3678
14139,37,3679
15218,37,3680
15874,37,3681
16129,37,3682
16499,37,3683
16512,37,3684
16771,37,3685
17478,37,3686
17492,37,3687
17808,37,3688
18368,37,3689
18570,37,3690
19113,37,3691
20548,37,3692
22129,37,3693
23034,37,3694
23202,37,3695
23512,37,3696
23687,37,3697
23714,37,3698
24089,37,3699
24177,37,3700
24631,37,3701
24989,37,3702
25182,37,3703
25313,37,3704
25370,37,3705
25435,37,3706
26123,37,3707
26279,37,3708
26399,37,3709
26606,37,3710
26626,37,3711
27007,37,3712
27259,37,3713
27274,37,3714
27576,37,3715
28269,37,3716
28297,37,3717
28601,37,3718
28631,37,3719
28675,37,3720
30333,37,3721
30822,37,3722
32014,37,3723
33630,37,3724
35061,37,3725
35181,37,3726
37046,37,3727
38265,37,3728
38774,37,3729
9,36,3730
152,36,3731
320,36,3732
474,36,3733
670,36,3734
990,36,3735
1096,36,3736
1142,36,3737
1295,36,3738
1330,36,3739
1419,36,3740
1524,36,3741
1702,36,3742
1797,36,3743
1805,36,3744
1876,36,3745
1970,36,3746
2113,36,3747
2219,36,3748
2287,36,3749
2439,36,3750
2553,36,3751
2709,36,3752
2907,36,3753
2957,36,3754
3049,36,3755
3147,36,3756
3422,36,3757
3542,36,3758
3552,36,3759
3637,36,3760
3648,36,3761
3759,36,3762
3854,36,3763
4006,36,3764
4119,36,3765
4422,36,3766
4686,36,3767
4782,36,3768
4833,36,3769
4837,36,3770
4993,36,3771
5100,36,3772
5115,36,3773
5125,36,3774
5487,36,3775
5523,36,3776
5673,36,3777
5691,36,3778
5701,36,3779
5883,36,3780
5893,36,3781
5905,36,3782
5951,36,3783
6009,36,3784
6076,36,3785
6206,36,3786
6619,36,3787
6756,36,3788
7122,36,3789
7309,36,3790
7385,36,3791
8067,36,3792
8170,36,3793
8326,36,3794
8369,36,3795
8704,36,3796
9595,36,3797
9609,36,3798
9625,36,3799
9730,36,3800
9763,36,3801
9769,36,3802
9907,36,3803
10224,36,3804
10475,36,3805
10559,36,3806
10656,36,3807
10734,36,3808
10808,36,3809
11556,36,3810
12304,36,3811
12370,36,3812
12466,36,3813
12565,36,3814
12727,36,3815
13211,36,3816
13363,36,3817
13501,36,3818
13741,36,3819
13881,36,3820
13928,36,3821
14239,36,3822
14283,36,3823
15007,36,3824
15567,36,3825
15712,36,3826
15907,36,3827
17222,36,3828
17451,36,3829
17745,36,3830
17825,36,3831
18301,36,3832
18445,36,3833
18451,36,3834
18459,36,3835
18747,36,3836
19114,36,3837
19334,36,3838
19463,36,3839
19670,36,3840
19878,36,3841
20141,36,3842
20247,36,3843
20575,36,3844
21099,36,3845
21151,36,3846
21322,36,3847
21347,36,3848
21372,36,3849
21588,36,3850
22367,36,3851
22368,36,3852
22424,36,3853
22523,36,3854
22648,36,3855
22736,36,3856
22925,36,3857
23263,36,3858
23370,36,3859
23670,36,3860
23894,36,3861
23935,36,3862
24012,36,3863
24495,36,3864
24567,36,3865
24894,36,3866
24959,36,3867
25023,36,3868
25238,36,3869
25847,36,3870
25908,36,3871
26047,36,3872
26067,36,3873
26077,36,3874
26312,36,3875
26662,36,3876
27069,36,3877
27271,36,3878
27326,36,3879
27581,36,3880
27644,36,3881
27725,36,3882
27932,36,3883
27963,36,3884
28365,36,3885
29499,36,3886
29518,36,3887
29533,36,3888
29837,36,3889
31368,36,3890
32298,36,3891
33376,36,3892
33933,36,3893
39722,36,3894
39928,36,3895
12,35,3896
492,35,3897
570,35,3898
574,35,3899
601,35,3900
786,35,3901
921,35,3902
1133,35,3903
1203,35,3904
1844,35,3905
1939,35,3906
2033,35,3907
2259,35,3908
2449,35,3909
2592,35,3910
2611,35,3911
2649,35,3912
2714,35,3913
2847,35,3914
3008,35,3915
3029,35,3916
3063,35,3917
3081,35,3918
3106,35,3919
3212,35,3920
3240,35,3921
3370,35,3922
3392,35,3923
3407,35,3924
3456,35,3925
3735,35,3926
3746,35,3927
3821,35,3928
3918,35,3929
3919,35,3930
3950,35,3931
4053,35,3932
4118,35,3933
4330,35,3934
4380,35,3935
4689,35,3936
4768,35,3937
4770,35,3938
5091,35,3939
5136,35,3940
5173,35,3941
5184,35,3942
5202,35,3943
5223,35,3944
5290,35,3945
5321,35,3946
5339,35,3947
5398,35,3948
5546,35,3949
5557,35,3950
5888,35,3951
5935,35,3952
6385,35,3953
6529,35,3954
6530,35,3955
6677,35,3956
6685,35,3957
6712,35,3958
6779,35,3959
6901,35,3960
7111,35,3961
7164,35,3962
7171,35,3963
7236,35,3964
7594,35,3965
7631,35,3966
7672,35,3967
8011,35,3968
8440,35,3969
8600,35,3970
8625,35,3971
8685,35,3972
8691,35,3973
8693,35,3974
8962,35,3975
9634,35,3976
9666,35,3977
10041,35,3978
10106,35,3979
10146,35,3980
10165,35,3981
10223,35,3982
10269,35,3983
10303,35,3984
10410,35,3985
10520,35,3986
10961,35,3987
10966,35,3988
11136,35,3989
11355,35,3990
11439,35,3991
11751,35,3992
12108,35,3993
12109,35,3994
12122,35,3995
12170,35,3996
12274,35,3997
12368,35,3998
12376,35,3999
13482,35,4000
13643,35,4001
13655,35,4002
13754,35,4003
13770,35,4004
14878,35,4005
15281,35,4006
15780,35,4007
15791,35,4008
16602,35,4009
16720,35,4010
18400,35,4011
18540,35,4012
18559,35,4013
18625,35,4014
18898,35,4015
18962,35,4016
19003,35,4017
19071,35,4018
19250,35,4019
19280,35,4020
19360,35,4021
19778,35,4022
20386,35,4023
20666,35,4024
20744,35,4025
21451,35,4026
21540,35,4027
21827,35,4028
22493,35,4029
22499,35,4030
22594,35,4031
22653,35,4032
22698,35,4033
22723,35,4034
22931,35,4035
23039,35,4036
23218,35,4037
23229,35,4038
23695,35,4039
24072,35,4040
24114,35,4041
24295,35,4042
24414,35,4043
24635,35,4044
24888,35,4045
25006,35,4046
25629,35,4047
25876,35,4048
26484,35,4049
26618,35,4050
26688,35,4051
26702,35,4052
27054,35,4053
27265,35,4054
27950,35,4055
28678,35,4056
28793,35,4057
29472,35,4058
29739,35,4059
29743,35,4060
29754,35,4061
30236,35,4062
30276,35,4063
32245,35,4064
32358,35,4065
32865,35,4066
33777,35,4067
34641,35,4068
34878,35,4069
36164,35,4070
37190,35,4071
38238,35,4072
39,34,4073
135,34,4074
174,34,4075
328,34,4076
341,34,4077
381,34,4078
442,34,4079
512,34,4080
629,34,4081
703,34,4082
794,34,4083
873,34,4084
957,34,4085
1111,34,4086
1141,34,4087
1240,34,4088
1438,34,4089
1477,34,4090
1528,34,4091
1960,34,4092
1969,34,4093
2026,34,4094
2689,34,4095
2693,34,4096
2792,34,4097
2881,34,4098
2935,34,4099
3043,34,4100
3054,34,4101
3084,34,4102
3100,34,4103
3103,34,4104
3281,34,4105
3404,34,4106
3410,34,4107
3643,34,4108
3727,34,4109
3738,34,4110
3770,34,4111
3801,34,4112
3803,34,4113
4001,34,4114
4036,34,4115
4091,34,4116
4275,34,4117
4585,34,4118
4696,34,4119
5161,34,4120
5426,34,4121
5485,34,4122
5695,34,4123
6052,34,4124
6147,34,4125
6176,34,4126
6247,34,4127
6360,34,4128
6594,34,4129
6738,34,4130
6746,34,4131
6972,34,4132
7163,34,4133
7604,34,4134
8126,34,4135
8289,34,4136
8453,34,4137
8645,34,4138
8753,34,4139
8940,34,4140
8969,34,4141
9042,34,4142
9314,34,4143
9321,34,4144
9325,34,4145
9585,34,4146
9768,34,4147
9882,34,4148
10095,34,4149
10122,34,4150
10167,34,4151
10291,34,4152
10309,34,4153
10326,34,4154
10556,34,4155
10621,34,4156
10823,34,4157
10931,34,4158
11091,34,4159
11245,34,4160
11855,34,4161
12012,34,4162
12013,34,4163
12310,34,4164
12323,34,4165
12957,34,4166
13208,34,4167
13594,34,4168
13784,34,4169
13860,34,4170
13861,34,4171
13890,34,4172
14572,34,4173
14788,34,4174
15013,34,4175
15064,34,4176
15137,34,4177
15652,34,4178
15699,34,4179
15903,34,4180
15991,34,4181
16106,34,4182
16256,34,4183
16440,34,4184
16496,34,4185
16542,34,4186
16544,34,4187
16667,34,4188
16864,34,4189
16877,34,4190
16914,34,4191
17025,34,4192
17055,34,4193
17452,34,4194
18144,34,4195
18429,34,4196
18644,34,4197
18649,34,4198
18889,34,4199
18986,34,4200
19029,34,4201
19229,34,4202
19292,34,4203
19379,34,4204
19789,34,4205
19791,34,4206
20531,34,4207
20532,34,4208
21727,34,4209
21888,34,4210
21893,34,4211
21936,34,4212
22268,34,4213
22484,34,4214
22847,34,4215
22997,34,4216
23022,34,4217
23294,34,4218
23329,34,4219
23502,34,4220
23535,34,4221
23816,34,4222
24066,34,4223
24206,34,4224
24403,34,4225
24470,34,4226
24685,34,4227
24902,34,4228
24978,34,4229
25140,34,4230
25376,34,4231
25669,34,4232
26354,34,4233
26382,34,4234
26491,34,4235
26731,34,4236
27167,34,4237
27291,34,4238
27454,34,4239
27513,34,4240
28017,34,4241
28990,34,4242
29318,34,4243
29320,34,4244
29461,34,4245
29508,34,4246
29748,34,4247
29943,34,4248
30320,34,4249
31094,34,4250
31700,34,4251
35004,34,4252
36144,34,4253
38192,34,4254
38219,34,4255
145,33,4256
213,33,4257
222,33,4258
326,33,4259
363,33,4260
398,33,4261
448,33,4262
525,33,4263
554,33,4264
583,33,4265
652,33,4266
656,33,4267
668,33,4268
1125,33,4269
1357,33,4270
1393,33,4271
1405,33,4272
1522,33,4273
1525,33,4274
1612,33,4275
1740,33,4276
1798,33,4277
1817,33,4278
2038,33,4279
2111,33,4280
2150,33,4281
2286,33,4282
2545,33,4283
2691,33,4284
2699,33,4285
2849,33,4286
2969,33,4287
3332,33,4288
3489,33,4289
4171,33,4290
4309,33,4291
4326,33,4292
4337,33,4293
4529,33,4294
4699,33,4295
4704,33,4296
4962,33,4297
5077,33,4298
5151,33,4299
5192,33,4300
5399,33,4301
5408,33,4302
5520,33,4303
5545,33,4304
5629,33,4305
5670,33,4306
5702,33,4307
5896,33,4308
6070,33,4309
6396,33,4310
6477,33,4311
6499,33,4312
6973,33,4313
6999,33,4314
7084,33,4315
7287,33,4316
7410,33,4317
7531,33,4318
7971,33,4319
8152,33,4320
8219,33,4321
8271,33,4322
8302,33,4323
8364,33,4324
8571,33,4325
8586,33,4326
8620,33,4327
8831,33,4328
8941,33,4329
9187,33,4330
9189,33,4331
9461,33,4332
9606,33,4333
9784,33,4334
9814,33,4335
9868,33,4336
9879,33,4337
9938,33,4338
9963,33,4339
9987,33,4340
10249,33,4341
10448,33,4342
10460,33,4343
10473,33,4344
10491,33,4345
10557,33,4346
10624,33,4347
10788,33,4348
10802,33,4349
10814,33,4350
11220,33,4351
11365,33,4352
11387,33,4353
11493,33,4354
11736,33,4355
11840,33,4356
12106,33,4357
12123,33,4358
12183,33,4359
12415,33,4360
12421,33,4361
12445,33,4362
12909,33,4363
12950,33,4364
13009,33,4365
13142,33,4366
13221,33,4367
13314,33,4368
13493,33,4369
13708,33,4370
13804,33,4371
13875,33,4372
14765,33,4373
14868,33,4374
15445,33,4375
15912,33,4376
15939,33,4377
16384,33,4378
16392,33,4379
16435,33,4380
16643,33,4381
16717,33,4382
16878,33,4383
17077,33,4384
17264,33,4385
17579,33,4386
18447,33,4387
18550,33,4388
18581,33,4389
19226,33,4390
19245,33,4391
19771,33,4392
19966,33,4393
20105,33,4394
20376,33,4395
21242,33,4396
21609,33,4397
21667,33,4398
21860,33,4399
22123,33,4400
22531,33,4401
22550,33,4402
22551,33,4403
22559,33,4404
22620,33,4405
22685,33,4406
22939,33,4407
23002,33,4408
23070,33,4409
23477,33,4410
23677,33,4411
23736,33,4412
23909,33,4413
24018,33,4414
24032,33,4415
24055,33,4416
24083,33,4417
24400,33,4418
24409,33,4419
24449,33,4420
24546,33,4421
24587,33,4422
24618,33,4423
24677,33,4424
24696,33,4425
24714,33,4426
24796,33,4427
25028,33,4428
25097,33,4429
25907,33,4430
25915,33,4431
26376,33,4432
26450,33,4433
26621,33,4434
26623,33,4435
26799,33,4436
26824,33,4437
26971,33,4438
27270,33,4439
27273,33,4440
27822,33,4441
27825,33,4442
28050,33,4443
28274,33,4444
28732,33,4445
28781,33,4446
28811,33,4447
29049,33,4448
29197,33,4449
29375,33,4450
29476,33,4451
30043,33,4452
30316,33,4453
30458,33,4454
31055,33,4455
32949,33,4456
33782,33,4457
34245,33,4458
34319,33,4459
35480,33,4460
35779,33,4461
36140,33,4462
15,32,4463
110,32,4464
131,32,4465
226,32,4466
391,32,4467
419,32,4468
579,32,4469
655,32,4470
664,32,4471
989,32,4472
1050,32,4473
1149,32,4474
1152,32,4475
1172,32,4476
1218,32,4477
1303,32,4478
1323,32,4479
1495,32,4480
1498,32,4481
1543,32,4482
1618,32,4483
1808,32,4484
1909,32,4485
2044,32,4486
2068,32,4487
2602,32,4488
2642,32,4489
2668,32,4490
2844,32,4491
3014,32,4492
3046,32,4493
3202,32,4494
3251,32,4495
3341,32,4496
3363,32,4497
3448,32,4498
3634,32,4499
3992,32,4500
3995,32,4501
4336,32,4502
4441,32,4503
4695,32,4504
4765,32,4505
4812,32,4506
4832,32,4507
4926,32,4508
4952,32,4509
4956,32,4510
5065,32,4511
5135,32,4512
5284,32,4513
5342,32,4514
5400,32,4515
5453,32,4516
5456,32,4517
5469,32,4518
5577,32,4519
6022,32,4520
6055,32,4521
6263,32,4522
6758,32,4523
6799,32,4524
6923,32,4525
6991,32,4526
7790,32,4527
8047,32,4528
8063,32,4529
8321,32,4530
8595,32,4531
8702,32,4532
8738,32,4533
8748,32,4534
9212,32,4535
9280,32,4536
9393,32,4537
9492,32,4538
10248,32,4539
10349,32,4540
10484,32,4541
10587,32,4542
10881,32,4543
11113,32,4544
11311,32,4545
11438,32,4546
11472,32,4547
11504,32,4548
11522,32,4549
11536,32,4550
11730,32,4551
12133,32,4552
12146,32,4553
12157,32,4554
12158,32,4555
12299,32,4556
12430,32,4557
12799,32,4558
12851,32,4559
12919,32,4560
13301,32,4561
13411,32,4562
14132,32,4563
14391,32,4564
14587,32,4565
14614,32,4566
14817,32,4567
15104,32,4568
15111,32,4569
15360,32,4570
15614,32,4571
15829,32,4572
16094,32,4573
16139,32,4574
16157,32,4575
16505,32,4576
16624,32,4577
16685,32,4578
16732,32,4579
16920,32,4580
17011,32,4581
17142,32,4582
17161,32,4583
17328,32,4584
17766,32,4585
18023,32,4586
18061,32,4587
18122,32,4588
19046,32,4589
19921,32,4590
20034,32,4591
20741,32,4592
20836,32,4593
21120,32,4594
21148,32,4595
21259,32,4596
21333,32,4597
21526,32,4598
22529,32,4599
22545,32,4600
22606,32,4601
22744,32,4602
22843,32,4603
22896,32,4604
22930,32,4605
22967,32,4606
23116,32,4607
23194,32,4608
23658,32,4609
23703,32,4610
23729,32,4611
23932,32,4612
24013,32,4613
24048,32,4614
24196,32,4615
24276,32,4616
24278,32,4617
24425,32,4618
24733,32,4619
24752,32,4620
25012,32,4621
25195,32,4622
25303,32,4623
25496,32,4624
25581,32,4625
25644,32,4626
25695,32,4627
25953,32,4628
26124,32,4629
26370,32,4630
26693,32,4631
26951,32,4632
26957,32,4633
27197,32,4634
27262,32,4635
27281,32,4636
27328,32,4637
27512,32,4638
27535,32,4639
27592,32,4640
27783,32,4641
27898,32,4642
27918,32,4643
28221,32,4644
28470,32,4645
28576,32,4646
28636,32,4647
28815,32,4648
28828,32,4649
29166,32,4650
29475,32,4651
29477,32,4652
29505,32,4653
31097,32,4654
31241,32,4655
31278,32,4656
31286,32,4657
31635,32,4658
31731,32,4659
32354,32,4660
32834,32,4661
34276,32,4662
34565,32,4663
35396,32,4664
36440,32,4665
36504,32,4666
37680,32,4667
37702,32,4668
38216,32,4669
38437,32,4670
638,31,4671
705,31,4672
762,31,4673
920,31,4674
1086,31,4675
1154,31,4676
1412,31,4677
1472,31,4678
1519,31,4679
1608,31,4680
1956,31,4681
1993,31,4682
2020,31,4683
2142,31,4684
2207,31,4685
2274,31,4686
2351,31,4687
2448,31,4688
2712,31,4689
2825,31,4690
2934,31,4691
3050,31,4692
3125,31,4693
3127,31,4694
3219,31,4695
3294,31,4696
3315,31,4697
3504,31,4698
3594,31,4699
3720,31,4700
3764,31,4701
3895,31,4702
3935,31,4703
3970,31,4704
3998,31,4705
4045,31,4706
4074,31,4707
4261,31,4708
4328,31,4709
4384,31,4710
4465,31,4711
4536,31,4712
4650,31,4713
4698,31,4714
4840,31,4715
4859,31,4716
5126,31,4717
5182,31,4718
5214,31,4719
5221,31,4720
5283,31,4721
5475,31,4722
5555,31,4723
5595,31,4724
5663,31,4725
5772,31,4726
5950,31,4727
6123,31,4728
6482,31,4729
6525,31,4730
6634,31,4731
6947,31,4732
6948,31,4733
6959,31,4734
6970,31,4735
7352,31,4736
7357,31,4737
7374,31,4738
7471,31,4739
7482,31,4740
7708,31,4741
7720,31,4742
7748,31,4743
8005,31,4744
8115,31,4745
8128,31,4746
8187,31,4747
8297,31,4748
8404,31,4749
8580,31,4750
8632,31,4751
8754,31,4752
8805,31,4753
8902,31,4754
9206,31,4755
9470,31,4756
9494,31,4757
9580,31,4758
9754,31,4759
9761,31,4760
9786,31,4761
9885,31,4762
9926,31,4763
9998,31,4764
10030,31,4765
10204,31,4766
10493,31,4767
10569,31,4768
10623,31,4769
10724,31,4770
10806,31,4771
10955,31,4772
11099,31,4773
11277,31,4774
11513,31,4775
11637,31,4776
11667,31,4777
11697,31,4778
11931,31,4779
12159,31,4780
12259,31,4781
12270,31,4782
12312,31,4783
12482,31,4784
12632,31,4785
12696,31,4786
12879,31,4787
12937,31,4788
13127,31,4789
13175,31,4790
13212,31,4791
13263,31,4792
13276,31,4793
13506,31,4794
13567,31,4795
13617,31,4796
13942,31,4797
14049,31,4798
14202,31,4799
14297,31,4800
14399,31,4801
14586,31,4802
14802,31,4803
15145,31,4804
15409,31,4805
15563,31,4806
15565,31,4807
16088,31,4808
16165,31,4809
16235,31,4810
16520,31,4811
16988,31,4812
17084,31,4813
17296,31,4814
18158,31,4815
18457,31,4816
18715,31,4817
18764,31,4818
19034,31,4819
19285,31,4820
19370,31,4821
19450,31,4822
19614,31,4823
19687,31,4824
20035,31,4825
20036,31,4826
20355,31,4827
20564,31,4828
20650,31,4829
20722,31,4830
21289,31,4831
21745,31,4832
21886,31,4833
22001,31,4834
22166,31,4835
22229,31,4836
22267,31,4837
22504,31,4838
22636,31,4839
22827,31,4840
22884,31,4841
22904,31,4842
23342,31,4843
23522,31,4844
23536,31,4845
23636,31,4846
23813,31,4847
23862,31,4848
23876,31,4849
23933,31,4850
24057,31,4851
24062,31,4852
24190,31,4853
24293,31,4854
24454,31,4855
24472,31,4856
24506,31,4857
24606,31,4858
24742,31,4859
25019,31,4860
25021,31,4861
25112,31,4862
26111,31,4863
26211,31,4864
26471,31,4865
26737,31,4866
26878,31,4867
26963,31,4868
27009,31,4869
27257,31,4870
27447,31,4871
27659,31,4872
27666,31,4873
27843,31,4874
28298,31,4875
28633,31,4876
28716,31,4877
28771,31,4878
28794,31,4879
29267,31,4880
29526,31,4881
29527,31,4882
29750,31,4883
30280,31,4884
30591,31,4885
30818,31,4886
31084,31,4887
31312,31,4888
31813,31,4889
31926,31,4890
32165,31,4891
32518,31,4892
34173,31,4893
34793,31,4894
35368,31,4895
35387,31,4896
35556,31,4897
35691,31,4898
36154,31,4899
37191,31,4900
37708,31,4901
107,30,4902
126,30,4903
287,30,4904
385,30,4905
497,30,4906
560,30,4907
577,30,4908
697,30,4909
781,30,4910
799,30,4911
894,30,4912
988,30,4913
1041,30,4914
1148,30,4915
1225,30,4916
1367,30,4917
1399,30,4918
1444,30,4919
1520,30,4920
1567,30,4921
1614,30,4922
1622,30,4923
1647,30,4924
1658,30,4925
1687,30,4926
1804,30,4927
1822,30,4928
1856,30,4929
2047,30,4930
2087,30,4931
2148,30,4932
2239,30,4933
2321,30,4934
2408,30,4935
2505,30,4936
2530,30,4937
2753,30,4938
2960,30,4939
2964,30,4940
2993,30,4941
3175,30,4942
3198,30,4943
3229,30,4944
3275,30,4945
3317,30,4946
3451,30,4947
3492,30,4948
3730,30,4949
3782,30,4950
3833,30,4951
3843,30,4952
3907,30,4953
3933,30,4954
3990,30,4955
4153,30,4956
4280,30,4957
4411,30,4958
4527,30,4959
4597,30,4960
4601,30,4961
4611,30,4962
4757,30,4963
4786,30,4964
4788,30,4965
4847,30,4966
4920,30,4967
4947,30,4968
5058,30,4969
5063,30,4970
5075,30,4971
5158,30,4972
5181,30,4973
5305,30,4974
5587,30,4975
5683,30,4976
5693,30,4977
5881,30,4978
5923,30,4979
5990,30,4980
6019,30,4981
6149,30,4982
6202,30,4983
6353,30,4984
6478,30,4985
6569,30,4986
6776,30,4987
6835,30,4988
7134,30,4989
7204,30,4990
7283,30,4991
7390,30,4992
7448,30,4993
7470,30,4994
7782,30,4995
8021,30,4996
8135,30,4997
8371,30,4998
8394,30,4999
8411,30,5000
8546,30,5001
8608,30,5002
8618,30,5003
8670,30,5004
8767,30,5005
8771,30,5006
8776,30,5007
8787,30,5008
8856,30,5009
8948,30,5010
9247,30,5011
9394,30,5012
9405,30,5013
9497,30,5014
9512,30,5015
9723,30,5016
9731,30,5017
9898,30,5018
9997,30,5019
10116,30,5020
10143,30,5021
10239,30,5022
10435,30,5023
10683,30,5024
10711,30,5025
10821,30,5026
10925,30,5027
11112,30,5028
11116,30,5029
11400,30,5030
11599,30,5031
11669,30,5032
11771,30,5033
11818,30,5034
11858,30,5035
12498,30,5036
12601,30,5037
12618,30,5038
12626,30,5039
12637,30,5040
12648,30,5041
12798,30,5042
12849,30,5043
12992,30,5044
13165,30,5045
13257,30,5046
13326,30,5047
13509,30,5048
13609,30,5049
13794,30,5050
14163,30,5051
14338,30,5052
14444,30,5053
14521,30,5054
14663,30,5055
14670,30,5056
14735,30,5057
15112,30,5058
15115,30,5059
15251,30,5060
15470,30,5061
15711,30,5062
15783,30,5063
15877,30,5064
15880,30,5065
15926,30,5066
16425,30,5067
16455,30,5068
16558,30,5069
16891,30,5070
16964,30,5071
17020,30,5072
17128,30,5073
17285,30,5074
17684,30,5075
17846,30,5076
18281,30,5077
18311,30,5078
18607,30,5079
18961,30,5080
19004,30,5081
19143,30,5082
19346,30,5083
19363,30,5084
19430,30,5085
19605,30,5086
19776,30,5087
20074,30,5088
20390,30,5089
20503,30,5090
20681,30,5091
20699,30,5092
20734,30,5093
20854,30,5094
20980,30,5095
21032,30,5096
21164,30,5097
21377,30,5098
21428,30,5099
21697,30,5100
21895,30,5101
21922,30,5102
21971,30,5103
22242,30,5104
22388,30,5105
22414,30,5106
22415,30,5107
22557,30,5108
22571,30,5109
22619,30,5110
22650,30,5111
22928,30,5112
22937,30,5113
22987,30,5114
23120,30,5115
23460,30,5116
23484,30,5117
23556,30,5118
23713,30,5119
23808,30,5120
23852,30,5121
23887,30,5122
23897,30,5123
24207,30,5124
24254,30,5125
24448,30,5126
24451,30,5127
24680,30,5128
24706,30,5129
24723,30,5130
24741,30,5131
24753,30,5132
24901,30,5133
25001,30,5134
25002,30,5135
25062,30,5136
25302,30,5137
25350,30,5138
25532,30,5139
25651,30,5140
26098,30,5141
26303,30,5142
26443,30,5143
26456,30,5144
26500,30,5145
26965,30,5146
27071,30,5147
27195,30,5148
27226,30,5149
27502,30,5150
27507,30,5151
27530,30,5152
27599,30,5153
27652,30,5154
27850,30,5155
27958,30,5156
28030,30,5157
28214,30,5158
28510,30,5159
28820,30,5160
29026,30,5161
29307,30,5162
29497,30,5163
29530,30,5164
29734,30,5165
30615,30,5166
30671,30,5167
30691,30,5168
31448,30,5169
31568,30,5170
31712,30,5171
32066,30,5172
32081,30,5173
32526,30,5174
33389,30,5175
34163,30,5176
35059,30,5177
35149,30,5178
35178,30,5179
35564,30,5180
36078,30,5181
37038,30,5182
37238,30,5183
37460,30,5184
150,29,5185
178,29,5186
308,29,5187
485,29,5188
614,29,5189
635,29,5190
717,29,5191
746,29,5192
754,29,5193
840,29,5194
933,29,5195
954,29,5196
1051,29,5197
1109,29,5198
1120,29,5199
1252,29,5200
1263,29,5201
1282,29,5202
1306,29,5203
1332,29,5204
1389,29,5205
1479,29,5206
1583,29,5207
1637,29,5208
1652,29,5209
1695,29,5210
1728,29,5211
1810,29,5212
1834,29,5213
1891,29,5214
1923,29,5215
1963,29,5216
1986,29,5217
2007,29,5218
2214,29,5219
2229,29,5220
2344,29,5221
2394,29,5222
2444,29,5223
2499,29,5224
2626,29,5225
2639,29,5226
2665,29,5227
2729,29,5228
2735,29,5229
2921,29,5230
2926,29,5231
2992,29,5232
3126,29,5233
3197,29,5234
3216,29,5235
3411,29,5236
3493,29,5237
3494,29,5238
3683,29,5239
3913,29,5240
3993,29,5241
4250,29,5242
4252,29,5243
4268,29,5244
4276,29,5245
4303,29,5246
4424,29,5247
4479,29,5248
4557,29,5249
4583,29,5250
4605,29,5251
4659,29,5252
4670,29,5253
4805,29,5254
4872,29,5255
4907,29,5256
4996,29,5257
5053,29,5258
5186,29,5259
5188,29,5260
5501,29,5261
5524,29,5262
5588,29,5263
5925,29,5264
6098,29,5265
6388,29,5266
6491,29,5267
6570,29,5268
6579,29,5269
6651,29,5270
6673,29,5271
6694,29,5272
6764,29,5273
6777,29,5274
6800,29,5275
6839,29,5276
6869,29,5277
6914,29,5278
6919,29,5279
6934,29,5280
6976,29,5281
7077,29,5282
7318,29,5283
7453,29,5284
8173,29,5285
8225,29,5286
8262,29,5287
8290,29,5288
8295,29,5289
8360,29,5290
8524,29,5291
8686,29,5292
8781,29,5293
8806,29,5294
9001,29,5295
9186,29,5296
9496,29,5297
9523,29,5298
9886,29,5299
9900,29,5300
9978,29,5301
10053,29,5302
10191,29,5303
10273,29,5304
10315,29,5305
10463,29,5306
10483,29,5307
11124,29,5308
11221,29,5309
11452,29,5310
11458,29,5311
11519,29,5312
12105,29,5313
12145,29,5314
12166,29,5315
12171,29,5316
12355,29,5317
12495,29,5318
12570,29,5319
12595,29,5320
12676,29,5321
12680,29,5322
12825,29,5323
13362,29,5324
13376,29,5325
13778,29,5326
13855,29,5327
13956,29,5328
14092,29,5329
14126,29,5330
14181,29,5331
14370,29,5332
14381,29,5333
14395,29,5334
14451,29,5335
14612,29,5336
14625,29,5337
15089,29,5338
15249,29,5339
15334,29,5340
15374,29,5341
15571,29,5342
16073,29,5343
16377,29,5344
16668,29,5345
16678,29,5346
16863,29,5347
17051,29,5348
17076,29,5349
17149,29,5350
17720,29,5351
17810,29,5352
17856,29,5353
18282,29,5354
18336,29,5355
18487,29,5356
18539,29,5357
18610,29,5358
18717,29,5359
18820,29,5360
18960,29,5361
19223,29,5362
19338,29,5363
19642,29,5364
19649,29,5365
19774,29,5366
20431,29,5367
20580,29,5368
20816,29,5369
21131,29,5370
21150,29,5371
21182,29,5372
21497,29,5373
21559,29,5374
21700,29,5375
21865,29,5376
21921,29,5377
21968,29,5378
22271,29,5379
22478,29,5380
22587,29,5381
22672,29,5382
22737,29,5383
22907,29,5384
22916,29,5385
23091,29,5386
23248,29,5387
23265,29,5388
23344,29,5389
23394,29,5390
23440,29,5391
23607,29,5392
23614,29,5393
23810,29,5394
23855,29,5395
23910,29,5396
23926,29,5397
23984,29,5398
24026,29,5399
24042,29,5400
24068,29,5401
24106,29,5402
24147,29,5403
24204,29,5404
24228,29,5405
24243,29,5406
24265,29,5407
24284,29,5408
24617,29,5409
24716,29,5410
24981,29,5411
25162,29,5412
25268,29,5413
25362,29,5414
25692,29,5415
25842,29,5416
25904,29,5417
26000,29,5418
26071,29,5419
26282,29,5420
26543,29,5421
27096,29,5422
27216,29,5423
27297,29,5424
27301,29,5425
27458,29,5426
27942,29,5427
28048,29,5428
28915,29,5429
29006,29,5430
29189,29,5431
29211,29,5432
29258,29,5433
29441,29,5434
29708,29,5435
29810,29,5436
29812,29,5437
30031,29,5438
30117,29,5439
30173,29,5440
30178,29,5441
30190,29,5442
30239,29,5443
30275,29,5444
30425,29,5445
30934,29,5446
31435,29,5447
31612,29,5448
31796,29,5449
31958,29,5450
32212,29,5451
32219,29,5452
32237,29,5453
32601,29,5454
33745,29,5455
34537,29,5456
35891,29,5457
36064,29,5458
36160,29,5459
36211,29,5460
36872,29,5461
36905,29,5462
37675,29,5463
37701,29,5464
40347,29,5465
33,28,5466
84,28,5467
166,28,5468
183,28,5469
219,28,5470
304,28,5471
367,28,5472
396,28,5473
407,28,5474
499,28,5475
514,28,5476
548,28,5477
569,28,5478
701,28,5479
739,28,5480
841,28,5481
862,28,5482
868,28,5483
1062,28,5484
1100,28,5485
1129,28,5486
1229,28,5487
1379,28,5488
1391,28,5489
1642,28,5490
1690,28,5491
1693,28,5492
1720,28,5493
1729,28,5494
1935,28,5495
2074,28,5496
2112,28,5497
2383,28,5498
2438,28,5499
2494,28,5500
2557,28,5501
2570,28,5502
2641,28,5503
2765,28,5504
2832,28,5505
2845,28,5506
2850,28,5507
3068,28,5508
3116,28,5509
3137,28,5510
3194,28,5511
3227,28,5512
3378,28,5513
3457,28,5514
3511,28,5515
3596,28,5516
3817,28,5517
3857,28,5518
3871,28,5519
3873,28,5520
3898,28,5521
3951,28,5522
3980,28,5523
3996,28,5524
4071,28,5525
4076,28,5526
4101,28,5527
4410,28,5528
4460,28,5529
4532,28,5530
4584,28,5531
4674,28,5532
4753,28,5533
4800,28,5534
5002,28,5535
5120,28,5536
5152,28,5537
5185,28,5538
5299,28,5539
5350,28,5540
5358,28,5541
5562,28,5542
5777,28,5543
5854,28,5544
5891,28,5545
5962,28,5546
6031,28,5547
6282,28,5548
6370,28,5549
6527,28,5550
6616,28,5551
6640,28,5552
6656,28,5553
6768,28,5554
6859,28,5555
6888,28,5556
6993,28,5557
7042,28,5558
7130,28,5559
7330,28,5560
7358,28,5561
7405,28,5562
7420,28,5563
7476,28,5564
7704,28,5565
7750,28,5566
7848,28,5567
7944,28,5568
8248,28,5569
8429,28,5570
8433,28,5571
8503,28,5572
8575,28,5573
8637,28,5574
8798,28,5575
8860,28,5576
9028,28,5577
9270,28,5578
9309,28,5579
9373,28,5580
9436,28,5581
9458,28,5582
9619,28,5583
9772,28,5584
9908,28,5585
10049,28,5586
10173,28,5587
10266,28,5588
10449,28,5589
10504,28,5590
10584,28,5591
10662,28,5592
10684,28,5593
10801,28,5594
10804,28,5595
10905,28,5596
11433,28,5597
11574,28,5598
11576,28,5599
11647,28,5600
11651,28,5601
11887,28,5602
11935,28,5603
12024,28,5604
12296,28,5605
12364,28,5606
12367,28,5607
12499,28,5608
12539,28,5609
12586,28,5610
12709,28,5611
13042,28,5612
13116,28,5613
13300,28,5614
13307,28,5615
13414,28,5616
13424,28,5617
13450,28,5618
13768,28,5619
13775,28,5620
13852,28,5621
13930,28,5622
14166,28,5623
14551,28,5624
14627,28,5625
14731,28,5626
14859,28,5627
14892,28,5628
15059,28,5629
15132,28,5630
15388,28,5631
15765,28,5632
15841,28,5633
15922,28,5634
16198,28,5635
16223,28,5636
16993,28,5637
17085,28,5638
17094,28,5639
17408,28,5640
17440,28,5641
17627,28,5642
18248,28,5643
18272,28,5644
18333,28,5645
18663,28,5646
18674,28,5647
18772,28,5648
19001,28,5649
19053,28,5650
19099,28,5651
19595,28,5652
19657,28,5653
19909,28,5654
20067,28,5655
20282,28,5656
20539,28,5657
20642,28,5658
20702,28,5659
20823,28,5660
21074,28,5661
21430,28,5662
21523,28,5663
21551,28,5664
22018,28,5665
22105,28,5666
22266,28,5667
22434,28,5668
22590,28,5669
22599,28,5670
22675,28,5671
22800,28,5672
22858,28,5673
22866,28,5674
22911,28,5675
22983,28,5676
23345,28,5677
23518,28,5678
23524,28,5679
23678,28,5680
23863,28,5681
24050,28,5682
24167,28,5683
24224,28,5684
24231,28,5685
24461,28,5686
24488,28,5687
24630,28,5688
24708,28,5689
24799,28,5690
24887,28,5691
24895,28,5692
24910,28,5693
24946,28,5694
24968,28,5695
25067,28,5696
25157,28,5697
25493,28,5698
25648,28,5699
25668,28,5700
25676,28,5701
25737,28,5702
25841,28,5703
25916,28,5704
25917,28,5705
26064,28,5706
26432,28,5707
26445,28,5708
26592,28,5709
26604,28,5710
26636,28,5711
27148,28,5712
27258,28,5713
27344,28,5714
27498,28,5715
27516,28,5716
27938,28,5717
27941,28,5718
28281,28,5719
28295,28,5720
29002,28,5721
29057,28,5722
29144,28,5723
29178,28,5724
29221,28,5725
29364,28,5726
29567,28,5727
29782,28,5728
29945,28,5729
30098,28,5730
30238,28,5731
31442,28,5732
31498,28,5733
31688,28,5734
31746,28,5735
32053,28,5736
32320,28,5737
32363,28,5738
32836,28,5739
32846,28,5740
32862,28,5741
33137,28,5742
33291,28,5743
33564,28,5744
33921,28,5745
34020,28,5746
34203,28,5747
34708,28,5748
36484,28,5749
37018,28,5750
37748,28,5751
38179,28,5752
38188,28,5753
39188,28,5754
519,27,5755
572,27,5756
624,27,5757
637,27,5758
661,27,5759
817,27,5760
833,27,5761
858,27,5762
916,27,5763
997,27,5764
1026,27,5765
1033,27,5766
1057,27,5767
1106,27,5768
1227,27,5769
1232,27,5770
1298,27,5771
1304,27,5772
1407,27,5773
1516,27,5774
1572,27,5775
1578,27,5776
1581,27,5777
1749,27,5778
1885,27,5779
1921,27,5780
1977,27,5781
2075,27,5782
2108,27,5783
2205,27,5784
2262,27,5785
2395,27,5786
2425,27,5787
2490,27,5788
2512,27,5789
2593,27,5790
2675,27,5791
2731,27,5792
2809,27,5793
2870,27,5794
2913,27,5795
2917,27,5796
2939,27,5797
3102,27,5798
3118,27,5799
3143,27,5800
3164,27,5801
3183,27,5802
3256,27,5803
3437,27,5804
3445,27,5805
3453,27,5806
3455,27,5807
3526,27,5808
3545,27,5809
3790,27,5810
3878,27,5811
3976,27,5812
4080,27,5813
4162,27,5814
4201,27,5815
4210,27,5816
4278,27,5817
4378,27,5818
4393,27,5819
4401,27,5820
4440,27,5821
4456,27,5822
4462,27,5823
4499,27,5824
4606,27,5825
4624,27,5826
4825,27,5827
4885,27,5828
4990,27,5829
5355,27,5830
5402,27,5831
5432,27,5832
5448,27,5833
5465,27,5834
5486,27,5835
5551,27,5836
5776,27,5837
5870,27,5838
6219,27,5839
6364,27,5840
6719,27,5841
6774,27,5842
6847,27,5843
6940,27,5844
7135,27,5845
7194,27,5846
7257,27,5847
7311,27,5848
7332,27,5849
7336,27,5850
7389,27,5851
7424,27,5852
7435,27,5853
7467,27,5854
7776,27,5855
7904,27,5856
8037,27,5857
8253,27,5858
8320,27,5859
8452,27,5860
8527,27,5861
8590,27,5862
8602,27,5863
8639,27,5864
8664,27,5865
8689,27,5866
8695,27,5867
8830,27,5868
8985,27,5869
8986,27,5870
9197,27,5871
9224,27,5872
9233,27,5873
9324,27,5874
9332,27,5875
9338,27,5876
9350,27,5877
9353,27,5878
9590,27,5879
9603,27,5880
9655,27,5881
9657,27,5882
9925,27,5883
9996,27,5884
10125,27,5885
10212,27,5886
10261,27,5887
10395,27,5888
10502,27,5889
10579,27,5890
10615,27,5891
10719,27,5892
10757,27,5893
10798,27,5894
10859,27,5895
10933,27,5896
11224,27,5897
11250,27,5898
11665,27,5899
11688,27,5900
11843,27,5901
11979,27,5902
11982,27,5903
12129,27,5904
12160,27,5905
12162,27,5906
12169,27,5907
12194,27,5908
12262,27,5909
12338,27,5910
12406,27,5911
12479,27,5912
12549,27,5913
12564,27,5914
12623,27,5915
12682,27,5916
12787,27,5917
13033,27,5918
13066,27,5919
13206,27,5920
13406,27,5921
13628,27,5922
13700,27,5923
13736,27,5924
13902,27,5925
13921,27,5926
14091,27,5927
14216,27,5928
14581,27,5929
14639,27,5930
14742,27,5931
14840,27,5932
14896,27,5933
15270,27,5934
15335,27,5935
15380,27,5936
15422,27,5937
15754,27,5938
15826,27,5939
15848,27,5940
15971,27,5941
16003,27,5942
16004,27,5943
16121,27,5944
16368,27,5945
16423,27,5946
16500,27,5947
16590,27,5948
16637,27,5949
16645,27,5950
16662,27,5951
16813,27,5952
16904,27,5953
16921,27,5954
16961,27,5955
17006,27,5956
17050,27,5957
17064,27,5958
17088,27,5959
17115,27,5960
17407,27,5961
17660,27,5962
17681,27,5963
17831,27,5964
17895,27,5965
18120,27,5966
18129,27,5967
18201,27,5968
18285,27,5969
18290,27,5970
18508,27,5971
18767,27,5972
18826,27,5973
18981,27,5974
19038,27,5975
19303,27,5976
19371,27,5977
19476,27,5978
19513,27,5979
20005,27,5980
20023,27,5981
20162,27,5982
20196,27,5983
20283,27,5984
20524,27,5985
21084,27,5986
21106,27,5987
21417,27,5988
21788,27,5989
21798,27,5990
21812,27,5991
21900,27,5992
21907,27,5993
21910,27,5994
21919,27,5995
21927,27,5996
21953,27,5997
22058,27,5998
22128,27,5999
22217,27,6000
22218,27,6001
22226,27,6002
22319,27,6003
22441,27,6004
22505,27,6005
22764,27,6006
22900,27,6007
22906,27,6008
23009,27,6009
23195,27,6010
23231,27,6011
23503,27,6012
23603,27,6013
23627,27,6014
23856,27,6015
23895,27,6016
23938,27,6017
24041,27,6018
24113,27,6019
24192,27,6020
24321,27,6021
24428,27,6022
24457,27,6023
24500,27,6024
24545,27,6025
24719,27,6026
24829,27,6027
24841,27,6028
24916,27,6029
24999,27,6030
25099,27,6031
25134,27,6032
25269,27,6033
25275,27,6034
25307,27,6035
25328,27,6036
25448,27,6037
25558,27,6038
25572,27,6039
25574,27,6040
25843,27,6041
26063,27,6042
26099,27,6043
26125,27,6044
26293,27,6045
26350,27,6046
26648,27,6047
26701,27,6048
26795,27,6049
27022,27,6050
27095,27,6051
27275,27,6052
27521,27,6053
27538,27,6054
27561,27,6055
27852,27,6056
27946,27,6057
27955,27,6058
28064,27,6059
28175,27,6060
28186,27,6061
28216,27,6062
28371,27,6063
28461,27,6064
28468,27,6065
28663,27,6066
28930,27,6067
29016,27,6068
29055,27,6069
29407,27,6070
29415,27,6071
30148,27,6072
30174,27,6073
30247,27,6074
30274,27,6075
30520,27,6076
30629,27,6077
31042,27,6078
31205,27,6079
31856,27,6080
31943,27,6081
32707,27,6082
32732,27,6083
32773,27,6084
33381,27,6085
33561,27,6086
33575,27,6087
34010,27,6088
35282,27,6089
35404,27,6090
36191,27,6091
37359,27,6092
37373,27,6093
37423,27,6094
38494,27,6095
38831,27,6096
39008,27,6097
173,26,6098
368,26,6099
386,26,6100
415,26,6101
426,26,6102
508,26,6103
541,26,6104
616,26,6105
659,26,6106
913,26,6107
1265,26,6108
1286,26,6109
1376,26,6110
1406,26,6111
1521,26,6112
1631,26,6113
1640,26,6114
1692,26,6115
1732,26,6116
2005,26,6117
2024,26,6118
2055,26,6119
2076,26,6120
2082,26,6121
2104,26,6122
2121,26,6123
2125,26,6124
2159,26,6125
2163,26,6126
2176,26,6127
2202,26,6128
2264,26,6129
2267,26,6130
2309,26,6131
2451,26,6132
2486,26,6133
2605,26,6134
2678,26,6135
2771,26,6136
2900,26,6137
2942,26,6138
2958,26,6139
2962,26,6140
3041,26,6141
3062,26,6142
3065,26,6143
3075,26,6144
3122,26,6145
3245,26,6146
3326,26,6147
3403,26,6148
3538,26,6149
3553,26,6150
3583,26,6151
3626,26,6152
3722,26,6153
3814,26,6154
3902,26,6155
3927,26,6156
3991,26,6157
3997,26,6158
4004,26,6159
4013,26,6160
4024,26,6161
4064,26,6162
4136,26,6163
4149,26,6164
4392,26,6165
4447,26,6166
4538,26,6167
4558,26,6168
4560,26,6169
4568,26,6170
4587,26,6171
4679,26,6172
4722,26,6173
4789,26,6174
4938,26,6175
5170,26,6176
5180,26,6177
5376,26,6178
5451,26,6179
5478,26,6180
5705,26,6181
5709,26,6182
5799,26,6183
5886,26,6184
5953,26,6185
6028,26,6186
6039,26,6187
6040,26,6188
6061,26,6189
6145,26,6190
6276,26,6191
6381,26,6192
6383,26,6193
6539,26,6194
6546,26,6195
6842,26,6196
6906,26,6197
7141,26,6198
7195,26,6199
7286,26,6200
7322,26,6201
7354,26,6202
7404,26,6203
7419,26,6204
7431,26,6205
7469,26,6206
7733,26,6207
7794,26,6208
7889,26,6209
7892,26,6210
7951,26,6211
8028,26,6212
8052,26,6213
8054,26,6214
8142,26,6215
8172,26,6216
8279,26,6217
8334,26,6218
8365,26,6219
8591,26,6220
8755,26,6221
8780,26,6222
9166,26,6223
9211,26,6224
9239,26,6225
9241,26,6226
9310,26,6227
9327,26,6228
9577,26,6229
9596,26,6230
9621,26,6231
9623,26,6232
9648,26,6233
9672,26,6234
9720,26,6235
9748,26,6236
9776,26,6237
9937,26,6238
10068,26,6239
10090,26,6240
10147,26,6241
10230,26,6242
10278,26,6243
10306,26,6244
10327,26,6245
10340,26,6246
10370,26,6247
10374,26,6248
10517,26,6249
10647,26,6250
10650,26,6251
10715,26,6252
10813,26,6253
10834,26,6254
10838,26,6255
10847,26,6256
10942,26,6257
10987,26,6258
11241,26,6259
11293,26,6260
11382,26,6261
11468,26,6262
11482,26,6263
11632,26,6264
11677,26,6265
11759,26,6266
12080,26,6267
12102,26,6268
12161,26,6269
12176,26,6270
12214,26,6271
12305,26,6272
12316,26,6273
12321,26,6274
12345,26,6275
12551,26,6276
12600,26,6277
12801,26,6278
12936,26,6279
13053,26,6280
13166,26,6281
13267,26,6282
13543,26,6283
13801,26,6284
13856,26,6285
13874,26,6286
13876,26,6287
13880,26,6288
13889,26,6289
14296,26,6290
14588,26,6291
14665,26,6292
14745,26,6293
14832,26,6294
14932,26,6295
15029,26,6296
15214,26,6297
15312,26,6298
15415,26,6299
15479,26,6300
15901,26,6301
16040,26,6302
16062,26,6303
16181,26,6304
16188,26,6305
16319,26,6306
16398,26,6307
16424,26,6308
16619,26,6309
16889,26,6310
16960,26,6311
16979,26,6312
17032,26,6313
17045,26,6314
17086,26,6315
17121,26,6316
17139,26,6317
17152,26,6318
17179,26,6319
17190,26,6320
17262,26,6321
17349,26,6322
17422,26,6323
17448,26,6324
17735,26,6325
17805,26,6326
17970,26,6327
18066,26,6328
18123,26,6329
18214,26,6330
18261,26,6331
18269,26,6332
18433,26,6333
18486,26,6334
18535,26,6335
18577,26,6336
18578,26,6337
18623,26,6338
18624,26,6339
18664,26,6340
19002,26,6341
19080,26,6342
19120,26,6343
19136,26,6344
19502,26,6345
19723,26,6346
19748,26,6347
19781,26,6348
19826,26,6349
19902,26,6350
20190,26,6351
20758,26,6352
20790,26,6353
20801,26,6354
21014,26,6355
21143,26,6356
21474,26,6357
21732,26,6358
21892,26,6359
22003,26,6360
22037,26,6361
22173,26,6362
22379,26,6363
22386,26,6364
22473,26,6365
22508,26,6366
22642,26,6367
22708,26,6368
22832,26,6369
22862,26,6370
22885,26,6371
22945,26,6372
22998,26,6373
23023,26,6374
23081,26,6375
23302,26,6376
23479,26,6377
23537,26,6378
23575,26,6379
23618,26,6380
23643,26,6381
23719,26,6382
23783,26,6383
23814,26,6384
24075,26,6385
24096,26,6386
24200,26,6387
24236,26,6388
24298,26,6389
24355,26,6390
24450,26,6391
24528,26,6392
24583,26,6393
24669,26,6394
24751,26,6395
24912,26,6396
24973,26,6397
25007,26,6398
25115,26,6399
25137,26,6400
25161,26,6401
25261,26,6402
25324,26,6403
25529,26,6404
25663,26,6405
25671,26,6406
25712,26,6407
25913,26,6408
26074,26,6409
26292,26,6410
26406,26,6411
26407,26,6412
26451,26,6413
26475,26,6414
26707,26,6415
26852,26,6416
27014,26,6417
27189,26,6418
27212,26,6419
27213,26,6420
27242,26,6421
27251,26,6422
27299,26,6423
27359,26,6424
27364,26,6425
27571,26,6426
27593,26,6427
27728,26,6428
27904,26,6429
27923,26,6430
27927,26,6431
27995,26,6432
28037,26,6433
28324,26,6434
28509,26,6435
28747,26,6436
28782,26,6437
29018,26,6438
29062,26,6439
29719,26,6440
30565,26,6441
30606,26,6442
30775,26,6443
30788,26,6444
31924,26,6445
31952,26,6446
32721,26,6447
32868,26,6448
32884,26,6449
33320,26,6450
33682,26,6451
33704,26,6452
34428,26,6453
35423,26,6454
35892,26,6455
36068,26,6456
36146,26,6457
36152,26,6458
36173,26,6459
36212,26,6460
36305,26,6461
36321,26,6462
36509,26,6463
37568,26,6464
37916,26,6465
38178,26,6466
38222,26,6467
38461,26,6468
38929,26,6469
39589,26,6470
39899,26,6471
40266,26,6472
93,25,6473
134,25,6474
142,25,6475
212,25,6476
264,25,6477
347,25,6478
627,25,6479
736,25,6480
741,25,6481
759,25,6482
844,25,6483
853,25,6484
880,25,6485
1065,25,6486
1101,25,6487
1105,25,6488
1174,25,6489
1219,25,6490
1311,25,6491
1315,25,6492
1326,25,6493
1344,25,6494
1387,25,6495
1440,25,6496
1494,25,6497
1576,25,6498
1606,25,6499
1607,25,6500
1668,25,6501
1697,25,6502
1745,25,6503
1759,25,6504
1760,25,6505
1830,25,6506
1841,25,6507
1934,25,6508
2054,25,6509
2059,25,6510
2083,25,6511
2175,25,6512
2232,25,6513
2257,25,6514
2454,25,6515
2488,25,6516
2727,25,6517
2754,25,6518
2859,25,6519
2894,25,6520
3028,25,6521
3086,25,6522
3295,25,6523
3369,25,6524
3377,25,6525
3612,25,6526
3830,25,6527
3840,25,6528
4052,25,6529
4072,25,6530
4128,25,6531
4180,25,6532
4436,25,6533
4463,25,6534
4492,25,6535
4614,25,6536
4651,25,6537
4661,25,6538
4861,25,6539
4955,25,6540
4960,25,6541
5090,25,6542
5109,25,6543
5318,25,6544
5466,25,6545
5474,25,6546
5490,25,6547
5552,25,6548
5640,25,6549
5921,25,6550
5975,25,6551
6074,25,6552
6089,25,6553
6095,25,6554
6104,25,6555
6126,25,6556
6271,25,6557
6304,25,6558
6414,25,6559
6613,25,6560
6620,25,6561
6810,25,6562
6855,25,6563
6889,25,6564
6936,25,6565
6946,25,6566
7093,25,6567
7439,25,6568
7652,25,6569
7781,25,6570
7874,25,6571
7883,25,6572
7940,25,6573
8035,25,6574
8134,25,6575
8185,25,6576
8200,25,6577
8235,25,6578
8236,25,6579
8288,25,6580
8549,25,6581
8577,25,6582
8681,25,6583
8741,25,6584
8761,25,6585
8782,25,6586
8862,25,6587
8977,25,6588
9165,25,6589
9173,25,6590
9261,25,6591
9454,25,6592
9478,25,6593
9636,25,6594
9661,25,6595
9823,25,6596
10070,25,6597
10238,25,6598
10241,25,6599
10289,25,6600
10447,25,6601
10511,25,6602
10549,25,6603
10603,25,6604
10661,25,6605
10670,25,6606
10706,25,6607
10730,25,6608
10968,25,6609
11174,25,6610
11240,25,6611
11450,25,6612
11483,25,6613
11537,25,6614
11598,25,6615
11610,25,6616
11654,25,6617
11660,25,6618
11684,25,6619
11836,25,6620
11842,25,6621
11846,25,6622
11890,25,6623
12006,25,6624
12094,25,6625
12099,25,6626
12115,25,6627
12136,25,6628
12174,25,6629
12189,25,6630
12210,25,6631
12286,25,6632
12532,25,6633
12540,25,6634
12591,25,6635
12694,25,6636
12755,25,6637
12788,25,6638
12789,25,6639
12863,25,6640
12898,25,6641
13003,25,6642
13137,25,6643
13202,25,6644
13282,25,6645
13294,25,6646
13523,25,6647
13703,25,6648
13909,25,6649
13935,25,6650
13969,25,6651
14142,25,6652
14190,25,6653
14229,25,6654
14253,25,6655
14390,25,6656
14392,25,6657
14394,25,6658
14450,25,6659
14483,25,6660
14620,25,6661
14786,25,6662
14793,25,6663
14816,25,6664
14871,25,6665
15068,25,6666
15091,25,6667
15097,25,6668
15106,25,6669
15166,25,6670
15169,25,6671
15329,25,6672
15413,25,6673
15516,25,6674
15610,25,6675
15746,25,6676
15900,25,6677
15988,25,6678
16079,25,6679
16324,25,6680
16345,25,6681
16493,25,6682
16597,25,6683
16613,25,6684
16614,25,6685
16615,25,6686
16724,25,6687
16738,25,6688
16809,25,6689
16839,25,6690
17074,25,6691
17087,25,6692
17167,25,6693
17261,25,6694
17357,25,6695
17596,25,6696
17764,25,6697
17882,25,6698
17926,25,6699
17972,25,6700
17976,25,6701
18155,25,6702
18169,25,6703
18300,25,6704
18308,25,6705
18329,25,6706
18490,25,6707
18592,25,6708
18821,25,6709
18828,25,6710
18861,25,6711
18990,25,6712
19157,25,6713
19473,25,6714
19504,25,6715
19539,25,6716
19549,25,6717
19654,25,6718
19769,25,6719
19839,25,6720
20055,25,6721
20062,25,6722
20168,25,6723
20203,25,6724
20213,25,6725
20325,25,6726
20470,25,6727
20508,25,6728
20519,25,6729
20686,25,6730
20703,25,6731
20711,25,6732
20835,25,6733
20870,25,6734
20997,25,6735
21028,25,6736
21064,25,6737
21072,25,6738
21095,25,6739
21214,25,6740
21306,25,6741
21318,25,6742
21364,25,6743
21375,25,6744
21564,25,6745
21578,25,6746
21929,25,6747
22057,25,6748
22095,25,6749
22117,25,6750
22221,25,6751
22227,25,6752
22277,25,6753
22400,25,6754
22425,25,6755
22460,25,6756
22546,25,6757
22570,25,6758
22702,25,6759
22735,25,6760
22747,25,6761
22785,25,6762
22833,25,6763
22841,25,6764
23205,25,6765
23314,25,6766
23353,25,6767
23501,25,6768
23531,25,6769
23570,25,6770
23606,25,6771
23653,25,6772
23656,25,6773
23727,25,6774
23782,25,6775
23826,25,6776
23851,25,6777
23853,25,6778
23886,25,6779
23924,25,6780
23934,25,6781
23959,25,6782
23964,25,6783
24280,25,6784
24310,25,6785
24460,25,6786
24462,25,6787
24473,25,6788
24544,25,6789
24560,25,6790
24670,25,6791
24924,25,6792
25072,25,6793
25163,25,6794
25249,25,6795
25341,25,6796
25652,25,6797
25724,25,6798
25732,25,6799
25879,25,6800
25995,25,6801
26105,25,6802
26225,25,6803
26335,25,6804
26355,25,6805
26379,25,6806
26416,25,6807
26479,25,6808
26505,25,6809
26720,25,6810
26828,25,6811
26920,25,6812
27013,25,6813
27075,25,6814
27091,25,6815
27098,25,6816
27136,25,6817
27169,25,6818
27186,25,6819
27484,25,6820
27609,25,6821
27794,25,6822
27886,25,6823
27901,25,6824
27931,25,6825
27997,25,6826
28163,25,6827
28322,25,6828
28398,25,6829
28433,25,6830
28497,25,6831
28685,25,6832
28731,25,6833
28825,25,6834
28982,25,6835
29213,25,6836
29305,25,6837
29378,25,6838
29392,25,6839
29419,25,6840
29422,25,6841
29542,25,6842
29794,25,6843
29871,25,6844
29936,25,6845
29987,25,6846
30025,25,6847
30115,25,6848
30189,25,6849
30368,25,6850
30706,25,6851
30877,25,6852
31150,25,6853
31243,25,6854
31273,25,6855
31277,25,6856
31346,25,6857
31702,25,6858
31971,25,6859
31972,25,6860
32457,25,6861
32544,25,6862
32844,25,6863
32948,25,6864
33369,25,6865
33379,25,6866
33458,25,6867
33527,25,6868
33579,25,6869
34109,25,6870
34341,25,6871
34689,25,6872
34725,25,6873
34743,25,6874
34748,25,6875
34806,25,6876
34809,25,6877
34859,25,6878
35002,25,6879
35281,25,6880
35446,25,6881
35587,25,6882
36501,25,6883
36615,25,6884
37265,25,6885
37341,25,6886
37783,25,6887
37896,25,6888
38194,25,6889
38303,25,6890
38440,25,6891
38554,25,6892
40164,25,6893
40348,25,6894
40367,25,6895
210,24,6896
268,24,6897
335,24,6898
388,24,6899
433,24,6900
480,24,6901
482,24,6902
596,24,6903
651,24,6904
711,24,6905
719,24,6906
727,24,6907
932,24,6908
935,24,6909
1011,24,6910
1084,24,6911
1132,24,6912
1193,24,6913
1251,24,6914
1278,24,6915
1309,24,6916
1331,24,6917
1338,24,6918
1382,24,6919
1420,24,6920
1565,24,6921
1641,24,6922
1698,24,6923
1699,24,6924
1752,24,6925
1757,24,6926
1767,24,6927
1781,24,6928
1854,24,6929
1865,24,6930
1964,24,6931
2064,24,6932
2114,24,6933
2177,24,6934
2243,24,6935
2254,24,6936
2430,24,6937
2462,24,6938
2775,24,6939
2836,24,6940
2851,24,6941
2927,24,6942
2952,24,6943
3010,24,6944
3032,24,6945
3112,24,6946
3201,24,6947
3224,24,6948
3246,24,6949
3376,24,6950
3447,24,6951
3534,24,6952
3555,24,6953
3565,24,6954
3588,24,6955
3741,24,6956
3772,24,6957
3777,24,6958
3872,24,6959
3965,24,6960
3989,24,6961
4061,24,6962
4295,24,6963
4394,24,6964
4481,24,6965
4528,24,6966
4535,24,6967
4620,24,6968
4642,24,6969
4655,24,6970
4693,24,6971
4721,24,6972
4771,24,6973
4802,24,6974
4835,24,6975
4850,24,6976
5166,24,6977
5314,24,6978
5488,24,6979
5494,24,6980
5590,24,6981
5657,24,6982
5679,24,6983
5699,24,6984
5728,24,6985
5932,24,6986
6017,24,6987
6068,24,6988
6106,24,6989
6132,24,6990
6194,24,6991
6289,24,6992
6448,24,6993
6590,24,6994
6597,24,6995
6604,24,6996
6695,24,6997
6783,24,6998
6812,24,6999
6903,24,7000
6935,24,7001
7054,24,7002
7088,24,7003
7105,24,7004
7185,24,7005
7303,24,7006
7326,24,7007
7337,24,7008
7350,24,7009
7508,24,7010
7556,24,7011
7596,24,7012
7611,24,7013
7669,24,7014
7743,24,7015
7941,24,7016
7952,24,7017
7973,24,7018
8014,24,7019
8027,24,7020
8036,24,7021
8064,24,7022
8066,24,7023
8151,24,7024
8190,24,7025
8204,24,7026
8233,24,7027
8269,24,7028
8451,24,7029
8576,24,7030
8594,24,7031
8650,24,7032
8658,24,7033
8709,24,7034
8791,24,7035
8910,24,7036
8942,24,7037
8964,24,7038
8980,24,7039
9134,24,7040
9227,24,7041
9278,24,7042
9319,24,7043
9447,24,7044
9448,24,7045
9506,24,7046
9615,24,7047
9637,24,7048
9640,24,7049
9715,24,7050
9889,24,7051
9930,24,7052
9936,24,7053
10135,24,7054
10142,24,7055
10145,24,7056
10159,24,7057
10271,24,7058
10308,24,7059
10332,24,7060
10384,24,7061
10481,24,7062
10529,24,7063
10536,24,7064
10590,24,7065
10628,24,7066
10635,24,7067
10707,24,7068
10729,24,7069
10736,24,7070
10848,24,7071
10885,24,7072
10967,24,7073
11042,24,7074
11045,24,7075
11101,24,7076
11146,24,7077
11190,24,7078
11192,24,7079
11233,24,7080
11300,24,7081
11410,24,7082
11560,24,7083
11595,24,7084
11621,24,7085
11628,24,7086
11850,24,7087
12003,24,7088
12043,24,7089
12091,24,7090
12199,24,7091
12241,24,7092
12283,24,7093
12328,24,7094
12379,24,7095
12386,24,7096
12544,24,7097
12556,24,7098
12559,24,7099
12621,24,7100
12661,24,7101
12698,24,7102
12724,24,7103
12745,24,7104
12746,24,7105
12993,24,7106
13006,24,7107
13061,24,7108
13108,24,7109
13144,24,7110
13181,24,7111
13296,24,7112
13304,24,7113
13374,24,7114
13428,24,7115
13476,24,7116
13557,24,7117
13629,24,7118
13657,24,7119
13671,24,7120
13730,24,7121
13765,24,7122
13832,24,7123
13883,24,7124
14059,24,7125
14260,24,7126
14443,24,7127
14552,24,7128
14591,24,7129
14628,24,7130
14633,24,7131
14696,24,7132
14723,24,7133
14751,24,7134
14872,24,7135
14895,24,7136
14911,24,7137
15006,24,7138
15213,24,7139
15333,24,7140
15372,24,7141
15463,24,7142
15536,24,7143
15559,24,7144
15617,24,7145
15618,24,7146
15625,24,7147
15713,24,7148
15784,24,7149
15854,24,7150
15876,24,7151
15909,24,7152
15942,24,7153
16109,24,7154
16252,24,7155
16282,24,7156
16309,24,7157
16761,24,7158
16795,24,7159
16812,24,7160
16874,24,7161
16875,24,7162
16968,24,7163
17053,24,7164
17057,24,7165
17123,24,7166
17211,24,7167
17226,24,7168
17278,24,7169
17287,24,7170
17412,24,7171
17487,24,7172
17542,24,7173
17615,24,7174
17758,24,7175
17775,24,7176
17997,24,7177
18027,24,7178
18112,24,7179
18127,24,7180
18132,24,7181
18262,24,7182
18295,24,7183
18306,24,7184
18340,24,7185
18406,24,7186
18489,24,7187
18650,24,7188
18666,24,7189
18797,24,7190
18857,24,7191
19000,24,7192
19307,24,7193
19691,24,7194
19749,24,7195
19799,24,7196
20029,24,7197
20103,24,7198
20159,24,7199
20259,24,7200
20399,24,7201
20973,24,7202
21038,24,7203
21091,24,7204
21129,24,7205
21325,24,7206
21352,24,7207
21374,24,7208
21414,24,7209
21475,24,7210
21509,24,7211
21596,24,7212
21644,24,7213
21682,24,7214
21837,24,7215
21868,24,7216
21925,24,7217
22038,24,7218
22094,24,7219
22114,24,7220
22156,24,7221
22272,24,7222
22481,24,7223
22519,24,7224
22525,24,7225
22666,24,7226
22799,24,7227
22909,24,7228
22923,24,7229
23102,24,7230
23179,24,7231
23211,24,7232
23256,24,7233
23300,24,7234
23374,24,7235
23500,24,7236
23543,24,7237
23576,24,7238
23577,24,7239
23752,24,7240
23765,24,7241
23773,24,7242
23860,24,7243
23920,24,7244
24007,24,7245
24043,24,7246
24081,24,7247
24134,24,7248
24159,24,7249
24173,24,7250
24232,24,7251
24246,24,7252
24249,24,7253
24271,24,7254
24405,24,7255
24444,24,7256
24486,24,7257
24516,24,7258
24553,24,7259
24624,24,7260
24745,24,7261
24749,24,7262
24771,24,7263
24914,24,7264
24928,24,7265
24945,24,7266
24971,24,7267
25017,24,7268
25151,24,7269
25181,24,7270
25271,24,7271
25680,24,7272
25721,24,7273
26121,24,7274
26122,24,7275
26127,24,7276
26198,24,7277
26199,24,7278
26340,24,7279
26498,24,7280
26530,24,7281
26537,24,7282
26579,24,7283
26630,24,7284
26635,24,7285
26704,24,7286
26845,24,7287
27068,24,7288
27209,24,7289
27217,24,7290
27248,24,7291
27276,24,7292
27308,24,7293
27601,24,7294
27686,24,7295
27744,24,7296
27887,24,7297
27949,24,7298
27973,24,7299
28112,24,7300
28173,24,7301
28279,24,7302
28327,24,7303
28387,24,7304
28402,24,7305
28615,24,7306
28725,24,7307
28783,24,7308
29106,24,7309
29186,24,7310
29287,24,7311
29306,24,7312
29314,24,7313
29315,24,7314
29479,24,7315
29491,24,7316
29558,24,7317
29766,24,7318
29777,24,7319
29789,24,7320
29890,24,7321
30080,24,7322
30312,24,7323
30337,24,7324
30628,24,7325
30810,24,7326
30907,24,7327
31057,24,7328
31397,24,7329
31613,24,7330
31715,24,7331
31768,24,7332
31821,24,7333
31878,24,7334
31997,24,7335
32022,24,7336
32162,24,7337
32185,24,7338
32220,24,7339
32505,24,7340
32599,24,7341
32670,24,7342
32889,24,7343
33040,24,7344
33267,24,7345
33269,24,7346
33309,24,7347
33578,24,7348
33586,24,7349
34298,24,7350
34310,24,7351
34448,24,7352
35227,24,7353
35579,24,7354
36185,24,7355
36300,24,7356
36643,24,7357
36772,24,7358
37103,24,7359
37289,24,7360
37901,24,7361
38098,24,7362
38405,24,7363
38456,24,7364
38619,24,7365
39765,24,7366
52,23,7367
227,23,7368
271,23,7369
272,23,7370
286,23,7371
457,23,7372
530,23,7373
592,23,7374
768,23,7375
789,23,7376
849,23,7377
857,23,7378
942,23,7379
998,23,7380
1069,23,7381
1079,23,7382
1150,23,7383
1176,23,7384
1305,23,7385
1373,23,7386
1374,23,7387
1459,23,7388
1651,23,7389
1890,23,7390
1917,23,7391
1919,23,7392
1931,23,7393
1971,23,7394
2070,23,7395
2080,23,7396
2268,23,7397
2272,23,7398
2307,23,7399
2352,23,7400
2391,23,7401
2392,23,7402
2400,23,7403
2588,23,7404
2666,23,7405
2686,23,7406
2722,23,7407
2768,23,7408
2814,23,7409
2817,23,7410
2911,23,7411
3042,23,7412
3151,23,7413
3383,23,7414
3431,23,7415
3454,23,7416
3483,23,7417
3488,23,7418
3563,23,7419
3566,23,7420
3627,23,7421
3652,23,7422
3678,23,7423
3704,23,7424
3731,23,7425
3791,23,7426
3806,23,7427
3811,23,7428
3823,23,7429
3932,23,7430
4049,23,7431
4077,23,7432
4107,23,7433
4172,23,7434
4361,23,7435
4373,23,7436
4381,23,7437
4385,23,7438
4450,23,7439
4663,23,7440
4678,23,7441
4690,23,7442
4705,23,7443
4734,23,7444
4774,23,7445
4778,23,7446
4844,23,7447
5009,23,7448
5050,23,7449
5067,23,7450
5095,23,7451
5102,23,7452
5127,23,7453
5156,23,7454
5176,23,7455
5199,23,7456
5230,23,7457
5282,23,7458
5312,23,7459
5338,23,7460
5345,23,7461
5361,23,7462
5462,23,7463
5468,23,7464
5531,23,7465
5676,23,7466
5687,23,7467
5798,23,7468
6128,23,7469
6223,23,7470
6265,23,7471
6285,23,7472
6323,23,7473
6329,23,7474
6376,23,7475
6459,23,7476
6472,23,7477
6487,23,7478
6584,23,7479
6629,23,7480
6633,23,7481
6769,23,7482
6775,23,7483
6808,23,7484
6985,23,7485
7013,23,7486
7018,23,7487
7268,23,7488
7270,23,7489
7294,23,7490
7481,23,7491
7658,23,7492
7709,23,7493
7735,23,7494
7744,23,7495
7996,23,7496
8057,23,7497
8104,23,7498
8272,23,7499
8280,23,7500
8331,23,7501
8386,23,7502
8397,23,7503
8515,23,7504
8555,23,7505
8657,23,7506
8660,23,7507
8730,23,7508
8735,23,7509
8795,23,7510
8863,23,7511
8924,23,7512
8952,23,7513
9047,23,7514
9118,23,7515
9256,23,7516
9264,23,7517
9303,23,7518
9383,23,7519
9401,23,7520
9403,23,7521
9426,23,7522
9446,23,7523
9452,23,7524
9463,23,7525
9469,23,7526
9500,23,7527
9630,23,7528
9677,23,7529
9733,23,7530
9794,23,7531
9827,23,7532
9948,23,7533
9951,23,7534
10005,23,7535
10130,23,7536
10233,23,7537
10234,23,7538
10279,23,7539
10320,23,7540
10353,23,7541
10362,23,7542
10378,23,7543
10382,23,7544
10478,23,7545
10497,23,7546
10537,23,7547
10582,23,7548
10726,23,7549
10782,23,7550
10785,23,7551
10914,23,7552
10934,23,7553
10950,23,7554
11236,23,7555
11238,23,7556
11388,23,7557
11527,23,7558
11543,23,7559
11581,23,7560
11585,23,7561
11708,23,7562
11710,23,7563
11742,23,7564
12025,23,7565
12089,23,7566
12107,23,7567
12132,23,7568
12151,23,7569
12154,23,7570
12184,23,7571
12271,23,7572
12390,23,7573
12467,23,7574
12469,23,7575
12524,23,7576
12594,23,7577
12642,23,7578
12722,23,7579
12735,23,7580
12850,23,7581
12928,23,7582
12931,23,7583
12963,23,7584
12976,23,7585
12984,23,7586
13036,23,7587
13088,23,7588
13183,23,7589
13274,23,7590
13321,23,7591
13425,23,7592
13469,23,7593
13573,23,7594
13595,23,7595
13642,23,7596
13661,23,7597
13733,23,7598
13791,23,7599
13834,23,7600
14026,23,7601
14031,23,7602
14041,23,7603
14275,23,7604
14377,23,7605
14436,23,7606
14467,23,7607
14477,23,7608
14500,23,7609
14519,23,7610
14609,23,7611
14664,23,7612
14740,23,7613
14779,23,7614
14781,23,7615
14789,23,7616
14815,23,7617
14883,23,7618
14925,23,7619
14981,23,7620
15147,23,7621
15250,23,7622
15370,23,7623
15441,23,7624
15449,23,7625
15487,23,7626
15601,23,7627
15759,23,7628
15809,23,7629
16118,23,7630
16152,23,7631
16517,23,7632
16535,23,7633
16793,23,7634
16811,23,7635
16856,23,7636
17005,23,7637
17040,23,7638
17080,23,7639
17113,23,7640
17295,23,7641
17313,23,7642
17377,23,7643
17401,23,7644
17403,23,7645
17423,23,7646
17529,23,7647
17784,23,7648
17905,23,7649
17943,23,7650
18008,23,7651
18032,23,7652
18162,23,7653
18288,23,7654
18531,23,7655
18621,23,7656
18662,23,7657
18665,23,7658
18669,23,7659
18993,23,7660
19047,23,7661
19060,23,7662
19095,23,7663
19275,23,7664
19283,23,7665
19364,23,7666
19413,23,7667
19483,23,7668
19557,23,7669
19579,23,7670
19740,23,7671
19887,23,7672
19937,23,7673
20443,23,7674
20453,23,7675
20477,23,7676
20513,23,7677
20528,23,7678
20733,23,7679
20810,23,7680
21018,23,7681
21159,23,7682
21166,23,7683
21237,23,7684
21508,23,7685
21524,23,7686
21725,23,7687
21846,23,7688
22345,23,7689
22418,23,7690
22451,23,7691
22452,23,7692
22645,23,7693
22808,23,7694
22886,23,7695
22898,23,7696
22927,23,7697
23021,23,7698
23049,23,7699
23143,23,7700
23288,23,7701
23383,23,7702
23525,23,7703
23655,23,7704
24010,23,7705
24031,23,7706
24077,23,7707
24088,23,7708
24121,23,7709
24233,23,7710
24282,23,7711
24302,23,7712
24386,23,7713
24533,23,7714
24538,23,7715
24554,23,7716
24679,23,7717
24788,23,7718
24794,23,7719
24801,23,7720
24852,23,7721
24854,23,7722
24992,23,7723
25068,23,7724
25073,23,7725
25083,23,7726
25135,23,7727
25185,23,7728
25192,23,7729
25418,23,7730
25626,23,7731
25685,23,7732
25722,23,7733
25771,23,7734
26012,23,7735
26057,23,7736
26166,23,7737
26383,23,7738
26536,23,7739
26568,23,7740
26735,23,7741
26831,23,7742
26950,23,7743
26992,23,7744
26997,23,7745
27035,23,7746
27041,23,7747
27057,23,7748
27063,23,7749
27087,23,7750
27241,23,7751
27569,23,7752
27585,23,7753
27663,23,7754
27708,23,7755
27735,23,7756
27810,23,7757
27844,23,7758
27882,23,7759
27929,23,7760
28062,23,7761
28155,23,7762
28250,23,7763
28469,23,7764
28507,23,7765
28526,23,7766
28674,23,7767
28753,23,7768
28762,23,7769
28777,23,7770
28826,23,7771
28850,23,7772
28927,23,7773
29010,23,7774
29019,23,7775
29100,23,7776
29143,23,7777
29244,23,7778
29494,23,7779
29663,23,7780
29722,23,7781
29781,23,7782
30004,23,7783
30029,23,7784
30112,23,7785
30244,23,7786
30315,23,7787
30494,23,7788
30590,23,7789
30648,23,7790
30830,23,7791
30833,23,7792
31014,23,7793
31142,23,7794
31950,23,7795
32215,23,7796
32302,23,7797
32361,23,7798
32755,23,7799
32861,23,7800
33127,23,7801
33189,23,7802
33210,23,7803
33528,23,7804
33560,23,7805
33658,23,7806
33897,23,7807
33926,23,7808
33964,23,7809
34017,23,7810
34024,23,7811
34425,23,7812
34426,23,7813
34664,23,7814
35024,23,7815
35164,23,7816
35189,23,7817
35283,23,7818
35388,23,7819
35551,23,7820
36233,23,7821
36269,23,7822
36477,23,7823
36733,23,7824
37101,23,7825
37186,23,7826
37321,23,7827
37386,23,7828
38273,23,7829
38298,23,7830
38300,23,7831
38629,23,7832
38807,23,7833
39163,23,7834
39386,23,7835
39443,23,7836
40131,23,7837
14,22,7838
54,22,7839
172,22,7840
349,22,7841
418,22,7842
444,22,7843
488,22,7844
615,22,7845
667,22,7846
745,22,7847
865,22,7848
896,22,7849
931,22,7850
965,22,7851
973,22,7852
996,22,7853
1009,22,7854
1016,22,7855
1070,22,7856
1113,22,7857
1121,22,7858
1163,22,7859
1167,22,7860
1258,22,7861
1413,22,7862
1454,22,7863
1483,22,7864
1514,22,7865
1529,22,7866
1560,22,7867
1646,22,7868
1662,22,7869
1691,22,7870
1700,22,7871
1777,22,7872
1793,22,7873
1796,22,7874
1836,22,7875
1880,22,7876
2036,22,7877
2050,22,7878
2066,22,7879
2077,22,7880
2118,22,7881
2143,22,7882
2144,22,7883
2181,22,7884
2403,22,7885
2556,22,7886
2558,22,7887
2574,22,7888
2746,22,7889
2751,22,7890
2905,22,7891
2978,22,7892
3142,22,7893
3230,22,7894
3244,22,7895
3262,22,7896
3305,22,7897
3333,22,7898
3365,22,7899
3385,22,7900
3443,22,7901
3510,22,7902
3532,22,7903
3622,22,7904
3676,22,7905
3699,22,7906
3797,22,7907
3869,22,7908
3883,22,7909
3884,22,7910
3937,22,7911
3972,22,7912
4018,22,7913
4156,22,7914
4170,22,7915
4249,22,7916
4254,22,7917
4343,22,7918
4418,22,7919
4485,22,7920
4510,22,7921
4546,22,7922
4592,22,7923
4719,22,7924
4723,22,7925
4725,22,7926
4777,22,7927
4783,22,7928
4821,22,7929
4822,22,7930
5189,22,7931
5212,22,7932
5381,22,7933
5384,22,7934
5443,22,7935
5455,22,7936
5459,22,7937
5507,22,7938
5748,22,7939
5815,22,7940
5853,22,7941
5907,22,7942
6100,22,7943
6102,22,7944
6250,22,7945
6367,22,7946
6524,22,7947
6560,22,7948
6574,22,7949
6621,22,7950
6657,22,7951
6700,22,7952
6750,22,7953
6891,22,7954
6981,22,7955
7037,22,7956
7121,22,7957
7177,22,7958
7212,22,7959
7249,22,7960
7256,22,7961
7412,22,7962
7422,22,7963
7534,22,7964
7627,22,7965
7644,22,7966
7648,22,7967
7698,22,7968
7742,22,7969
7985,22,7970
8031,22,7971
8044,22,7972
8206,22,7973
8313,22,7974
8315,22,7975
8439,22,7976
8447,22,7977
8720,22,7978
8727,22,7979
8838,22,7980
8842,22,7981
8963,22,7982
8988,22,7983
9050,22,7984
9153,22,7985
9181,22,7986
9257,22,7987
9328,22,7988
9333,22,7989
9395,22,7990
9435,22,7991
9543,22,7992
9610,22,7993
9611,22,7994
9662,22,7995
9789,22,7996
9795,22,7997
9800,22,7998
9843,22,7999
9863,22,8000
9940,22,8001
10059,22,8002
10112,22,8003
10139,22,8004
10174,22,8005
10201,22,8006
10399,22,8007
10416,22,8008
10477,22,8009
10505,22,8010
10533,22,8011
10586,22,8012
10593,22,8013
10717,22,8014
10731,22,8015
10840,22,8016
10857,22,8017
10890,22,8018
10891,22,8019
10903,22,8020
10908,22,8021
10910,22,8022
10918,22,8023
10941,22,8024
10965,22,8025
11052,22,8026
11115,22,8027
11185,22,8028
11249,22,8029
11260,22,8030
11329,22,8031
11353,22,8032
11442,22,8033
11480,22,8034
11511,22,8035
11528,22,8036
11604,22,8037
11689,22,8038
11746,22,8039
11777,22,8040
11788,22,8041
11811,22,8042
11853,22,8043
11862,22,8044
11871,22,8045
11950,22,8046
11989,22,8047
12066,22,8048
12084,22,8049
12101,22,8050
12143,22,8051
12251,22,8052
12256,22,8053
12288,22,8054
12302,22,8055
12318,22,8056
12359,22,8057
12426,22,8058
12435,22,8059
12475,22,8060
12566,22,8061
12577,22,8062
12695,22,8063
12858,22,8064
12884,22,8065
12948,22,8066
13002,22,8067
13098,22,8068
13110,22,8069
13119,22,8070
13125,22,8071
13190,22,8072
13317,22,8073
13356,22,8074
13368,22,8075
13370,22,8076
13378,22,8077
13405,22,8078
13480,22,8079
13525,22,8080
13571,22,8081
13622,22,8082
13755,22,8083
13759,22,8084
13766,22,8085
13789,22,8086
13803,22,8087
13859,22,8088
14008,22,8089
14035,22,8090
14075,22,8091
14154,22,8092
14340,22,8093
14364,22,8094
14466,22,8095
14634,22,8096
14655,22,8097
14764,22,8098
14825,22,8099
14827,22,8100
14833,22,8101
14856,22,8102
14862,22,8103
14881,22,8104
14971,22,8105
14972,22,8106
15050,22,8107
15053,22,8108
15126,22,8109
15187,22,8110
15215,22,8111
15232,22,8112
15255,22,8113
15272,22,8114
15292,22,8115
15389,22,8116
15412,22,8117
15414,22,8118
15419,22,8119
15488,22,8120
15537,22,8121
15544,22,8122
15589,22,8123
15638,22,8124
15757,22,8125
15832,22,8126
15895,22,8127
15902,22,8128
15919,22,8129
15947,22,8130
15989,22,8131
16076,22,8132
16310,22,8133
16380,22,8134
16516,22,8135
16530,22,8136
16543,22,8137
16554,22,8138
16596,22,8139
16672,22,8140
16911,22,8141
16912,22,8142
16930,22,8143
17039,22,8144
17041,22,8145
17042,22,8146
17091,22,8147
17108,22,8148
17173,22,8149
17210,22,8150
17279,22,8151
17746,22,8152
17822,22,8153
17868,22,8154
18130,22,8155
18131,22,8156
18150,22,8157
18170,22,8158
18242,22,8159
18243,22,8160
18264,22,8161
18271,22,8162
18375,22,8163
18461,22,8164
18527,22,8165
18532,22,8166
18537,22,8167
18555,22,8168
18695,22,8169
18704,22,8170
18750,22,8171
18756,22,8172
18875,22,8173
19439,22,8174
19587,22,8175
19624,22,8176
19634,22,8177
19765,22,8178
19824,22,8179
19929,22,8180
19931,22,8181
20032,22,8182
20109,22,8183
20214,22,8184
20466,22,8185
20517,22,8186
20636,22,8187
20640,22,8188
20732,22,8189
20789,22,8190
20824,22,8191
20826,22,8192
21088,22,8193
21092,22,8194
21117,22,8195
21285,22,8196
21334,22,8197
21341,22,8198
21543,22,8199
21567,22,8200
21626,22,8201
21650,22,8202
21705,22,8203
21718,22,8204
21744,22,8205
21750,22,8206
21762,22,8207
21836,22,8208
22007,22,8209
22118,22,8210
22120,22,8211
22190,22,8212
22216,22,8213
22249,22,8214
22412,22,8215
22420,22,8216
22483,22,8217
22507,22,8218
22554,22,8219
22768,22,8220
22797,22,8221
22910,22,8222
22934,22,8223
22940,22,8224
22973,22,8225
23249,22,8226
23307,22,8227
23349,22,8228
23351,22,8229
23481,22,8230
23485,22,8231
23560,22,8232
23688,22,8233
23732,22,8234
23740,22,8235
23833,22,8236
23905,22,8237
23921,22,8238
23990,22,8239
24034,22,8240
24084,22,8241
24085,22,8242
24130,22,8243
24226,22,8244
24247,22,8245
24259,22,8246
24274,22,8247
24289,22,8248
24364,22,8249
24402,22,8250
24446,22,8251
24496,22,8252
24522,22,8253
24627,22,8254
24637,22,8255
24672,22,8256
24846,22,8257
24926,22,8258
24962,22,8259
25038,22,8260
25045,22,8261
25242,22,8262
25292,22,8263
25296,22,8264
25301,22,8265
25344,22,8266
25351,22,8267
25485,22,8268
25487,22,8269
25540,22,8270
25559,22,8271
25697,22,8272
25740,22,8273
25756,22,8274
25800,22,8275
25813,22,8276
25838,22,8277
25923,22,8278
25992,22,8279
26070,22,8280
26097,22,8281
26119,22,8282
26135,22,8283
26148,22,8284
26197,22,8285
26392,22,8286
26403,22,8287
26466,22,8288
26493,22,8289
26562,22,8290
26669,22,8291
26676,22,8292
26705,22,8293
26854,22,8294
26930,22,8295
26939,22,8296
26946,22,8297
27023,22,8298
27093,22,8299
27165,22,8300
27280,22,8301
27305,22,8302
27343,22,8303
27345,22,8304
27505,22,8305
27608,22,8306
27641,22,8307
27643,22,8308
27682,22,8309
27815,22,8310
27861,22,8311
27876,22,8312
28043,22,8313
28086,22,8314
28156,22,8315
28317,22,8316
28341,22,8317
28413,22,8318
28458,22,8319
28495,22,8320
28695,22,8321
28780,22,8322
29012,22,8323
29084,22,8324
29128,22,8325
29173,22,8326
29358,22,8327
29435,22,8328
29484,22,8329
29488,22,8330
29684,22,8331
29772,22,8332
29882,22,8333
29986,22,8334
30051,22,8335
30068,22,8336
30254,22,8337
30410,22,8338
30446,22,8339
30673,22,8340
30707,22,8341
30713,22,8342
30774,22,8343
30823,22,8344
30906,22,8345
31026,22,8346
31028,22,8347
31077,22,8348
31098,22,8349
31153,22,8350
31212,22,8351
31214,22,8352
31480,22,8353
31563,22,8354
31641,22,8355
31689,22,8356
31781,22,8357
31811,22,8358
32156,22,8359
32175,22,8360
32375,22,8361
32380,22,8362
32734,22,8363
33048,22,8364
33219,22,8365
33404,22,8366
33441,22,8367
33584,22,8368
33587,22,8369
34000,22,8370
34018,22,8371
34141,22,8372
34790,22,8373
34935,22,8374
34950,22,8375
35180,22,8376
35570,22,8377
36005,22,8378
36177,22,8379
36204,22,8380
36317,22,8381
36487,22,8382
36704,22,8383
36746,22,8384
37175,22,8385
37275,22,8386
37308,22,8387
37418,22,8388
37677,22,8389
38090,22,8390
38140,22,8391
38182,22,8392
38186,22,8393
38214,22,8394
39709,22,8395
39963,22,8396
40132,22,8397
40225,22,8398
53,21,8399
85,21,8400
115,21,8401
147,21,8402
151,21,8403
232,21,8404
390,21,8405
555,21,8406
964,21,8407
994,21,8408
1053,21,8409
1073,21,8410
1103,21,8411
1115,21,8412
1130,21,8413
1187,21,8414
1188,21,8415
1221,21,8416
1274,21,8417
1334,21,8418
1396,21,8419
1434,21,8420
1475,21,8421
1566,21,8422
1597,21,8423
1604,21,8424
1694,21,8425
1837,21,8426
1877,21,8427
1928,21,8428
1958,21,8429
2042,21,8430
2134,21,8431
2160,21,8432
2325,21,8433
2353,21,8434
2370,21,8435
2371,21,8436
2426,21,8437
2455,21,8438
2469,21,8439
2498,21,8440
2524,21,8441
2563,21,8442
2586,21,8443
2590,21,8444
2681,21,8445
2697,21,8446
2704,21,8447
2782,21,8448
2968,21,8449
2974,21,8450
2994,21,8451
3220,21,8452
3318,21,8453
3325,21,8454
3357,21,8455
3384,21,8456
3442,21,8457
3468,21,8458
3506,21,8459
3547,21,8460
3557,21,8461
3582,21,8462
3586,21,8463
3619,21,8464
3658,21,8465
3744,21,8466
3747,21,8467
3862,21,8468
3880,21,8469
3885,21,8470
4011,21,8471
4040,21,8472
4075,21,8473
4087,21,8474
4129,21,8475
4157,21,8476
4161,21,8477
4347,21,8478
4366,21,8479
4370,21,8480
4383,21,8481
4469,21,8482
4493,21,8483
4530,21,8484
4537,21,8485
4664,21,8486
4692,21,8487
4724,21,8488
4807,21,8489
4853,21,8490
4857,21,8491
4882,21,8492
4898,21,8493
4909,21,8494
4950,21,8495
5171,21,8496
5183,21,8497
5215,21,8498
5224,21,8499
5268,21,8500
5292,21,8501
5374,21,8502
5517,21,8503
5566,21,8504
5622,21,8505
5654,21,8506
5707,21,8507
5732,21,8508
5756,21,8509
5791,21,8510
6090,21,8511
6107,21,8512
6135,21,8513
6158,21,8514
6212,21,8515
6233,21,8516
6380,21,8517
6399,21,8518
6456,21,8519
6488,21,8520
6550,21,8521
6603,21,8522
6635,21,8523
6684,21,8524
6804,21,8525
6843,21,8526
6866,21,8527
7031,21,8528
7050,21,8529
7059,21,8530
7079,21,8531
7080,21,8532
7089,21,8533
7137,21,8534
7142,21,8535
7154,21,8536
7173,21,8537
7182,21,8538
7274,21,8539
7504,21,8540
7513,21,8541
7519,21,8542
7558,21,8543
7567,21,8544
7608,21,8545
7637,21,8546
7747,21,8547
7830,21,8548
7912,21,8549
7991,21,8550
7997,21,8551
8001,21,8552
8002,21,8553
8043,21,8554
8045,21,8555
8061,21,8556
8116,21,8557
8136,21,8558
8199,21,8559
8258,21,8560
8304,21,8561
8389,21,8562
8519,21,8563
8582,21,8564
8592,21,8565
8603,21,8566
8619,21,8567
8621,21,8568
8651,21,8569
8700,21,8570
8719,21,8571
8775,21,8572
8870,21,8573
8895,21,8574
8981,21,8575
9013,21,8576
9127,21,8577
9138,21,8578
9139,21,8579
9236,21,8580
9317,21,8581
9344,21,8582
9385,21,8583
9408,21,8584
9456,21,8585
9464,21,8586
9467,21,8587
9692,21,8588
9766,21,8589
9773,21,8590
9806,21,8591
9840,21,8592
9860,21,8593
9941,21,8594
9956,21,8595
9975,21,8596
9983,21,8597
9988,21,8598
10026,21,8599
10119,21,8600
10120,21,8601
10127,21,8602
10153,21,8603
10164,21,8604
10168,21,8605
10250,21,8606
10253,21,8607
10358,21,8608
10441,21,8609
10494,21,8610
10527,21,8611
10633,21,8612
10652,21,8613
10696,21,8614
10784,21,8615
10900,21,8616
10911,21,8617
11058,21,8618
11147,21,8619
11244,21,8620
11374,21,8621
11422,21,8622
11437,21,8623
11440,21,8624
11541,21,8625
11747,21,8626
11835,21,8627
11848,21,8628
11886,21,8629
11933,21,8630
12002,21,8631
12114,21,8632
12268,21,8633
12327,21,8634
12389,21,8635
12402,21,8636
12410,21,8637
12412,21,8638
12424,21,8639
12484,21,8640
12501,21,8641
12514,21,8642
12522,21,8643
12537,21,8644
12555,21,8645
12558,21,8646
12584,21,8647
12697,21,8648
12705,21,8649
12813,21,8650
12855,21,8651
12870,21,8652
12871,21,8653
12968,21,8654
13041,21,8655
13076,21,8656
13120,21,8657
13128,21,8658
13172,21,8659
13236,21,8660
13338,21,8661
13340,21,8662
13345,21,8663
13361,21,8664
13410,21,8665
13441,21,8666
13479,21,8667
13533,21,8668
13588,21,8669
13673,21,8670
13677,21,8671
13833,21,8672
13846,21,8673
13851,21,8674
14067,21,8675
14157,21,8676
14183,21,8677
14230,21,8678
14233,21,8679
14247,21,8680
14266,21,8681
14281,21,8682
14295,21,8683
14300,21,8684
14308,21,8685
14375,21,8686
14456,21,8687
14491,21,8688
14505,21,8689
14510,21,8690
14600,21,8691
14615,21,8692
14659,21,8693
14677,21,8694
14708,21,8695
14734,21,8696
14752,21,8697
14837,21,8698
14867,21,8699
14975,21,8700
14995,21,8701
15088,21,8702
15116,21,8703
15124,21,8704
15152,21,8705
15156,21,8706
15158,21,8707
15220,21,8708
15222,21,8709
15225,21,8710
15263,21,8711
15278,21,8712
15296,21,8713
15363,21,8714
15405,21,8715
15464,21,8716
15489,21,8717
15561,21,8718
15597,21,8719
15620,21,8720
15622,21,8721
15630,21,8722
15647,21,8723
15767,21,8724
15802,21,8725
15918,21,8726
15983,21,8727
16035,21,8728
16065,21,8729
16127,21,8730
16173,21,8731
16263,21,8732
16416,21,8733
16495,21,8734
16519,21,8735
16566,21,8736
16636,21,8737
16710,21,8738
16760,21,8739
16872,21,8740
16923,21,8741
16951,21,8742
16975,21,8743
16980,21,8744
16983,21,8745
17037,21,8746
17078,21,8747
17148,21,8748
17217,21,8749
17272,21,8750
17273,21,8751
17393,21,8752
17413,21,8753
17454,21,8754
17580,21,8755
17673,21,8756
17679,21,8757
17704,21,8758
17706,21,8759
17752,21,8760
17757,21,8761
17887,21,8762
17911,21,8763
17951,21,8764
17961,21,8765
18180,21,8766
18191,21,8767
18315,21,8768
18338,21,8769
18374,21,8770
18405,21,8771
18454,21,8772
18512,21,8773
18542,21,8774
18760,21,8775
18847,21,8776
18852,21,8777
18860,21,8778
18879,21,8779
18883,21,8780
18894,21,8781
18932,21,8782
18985,21,8783
19092,21,8784
19131,21,8785
19286,21,8786
19323,21,8787
19354,21,8788
19388,21,8789
19494,21,8790
19528,21,8791
19581,21,8792
19633,21,8793
19666,21,8794
19732,21,8795
19841,21,8796
19874,21,8797
19897,21,8798
19898,21,8799
20028,21,8800
20046,21,8801
20068,21,8802
20104,21,8803
20123,21,8804
20125,21,8805
20130,21,8806
20222,21,8807
20295,21,8808
20551,21,8809
20602,21,8810
20608,21,8811
20618,21,8812
20696,21,8813
20720,21,8814
20721,21,8815
20747,21,8816
20771,21,8817
20799,21,8818
20812,21,8819
21201,21,8820
21256,21,8821
21262,21,8822
21332,21,8823
21340,21,8824
21349,21,8825
21353,21,8826
21363,21,8827
21376,21,8828
21418,21,8829
21501,21,8830
21517,21,8831
21533,21,8832
21544,21,8833
21581,21,8834
21595,21,8835
21632,21,8836
21660,21,8837
21707,21,8838
21741,21,8839
21839,21,8840
21863,21,8841
21891,21,8842
21954,21,8843
22102,21,8844
22155,21,8845
22212,21,8846
22213,21,8847
22234,21,8848
22265,21,8849
22299,21,8850
22377,21,8851
22389,21,8852
22627,21,8853
22643,21,8854
22659,21,8855
22670,21,8856
22684,21,8857
22724,21,8858
22731,21,8859
22796,21,8860
22859,21,8861
22915,21,8862
22917,21,8863
22963,21,8864
22972,21,8865
23005,21,8866
23017,21,8867
23020,21,8868
23045,21,8869
23107,21,8870
23145,21,8871
23153,21,8872
23187,21,8873
23366,21,8874
23420,21,8875
23506,21,8876
23562,21,8877
23566,21,8878
23608,21,8879
23664,21,8880
23693,21,8881
23776,21,8882
24009,21,8883
24044,21,8884
24059,21,8885
24166,21,8886
24188,21,8887
24205,21,8888
24208,21,8889
24294,21,8890
24369,21,8891
24412,21,8892
24418,21,8893
24487,21,8894
24493,21,8895
24537,21,8896
24584,21,8897
24592,21,8898
24625,21,8899
24678,21,8900
24728,21,8901
24735,21,8902
24748,21,8903
24756,21,8904
24947,21,8905
24996,21,8906
25005,21,8907
25037,21,8908
25065,21,8909
25078,21,8910
25121,21,8911
25130,21,8912
25253,21,8913
25255,21,8914
25267,21,8915
25347,21,8916
25433,21,8917
25516,21,8918
25557,21,8919
25638,21,8920
25673,21,8921
25704,21,8922
25711,21,8923
25730,21,8924
25875,21,8925
25930,21,8926
26041,21,8927
26046,21,8928
26055,21,8929
26059,21,8930
26062,21,8931
26069,21,8932
26185,21,8933
26214,21,8934
26229,21,8935
26405,21,8936
26453,21,8937
26480,21,8938
26541,21,8939
26563,21,8940
26580,21,8941
26614,21,8942
26967,21,8943
27156,21,8944
27158,21,8945
27287,21,8946
27304,21,8947
27353,21,8948
27596,21,8949
27669,21,8950
27696,21,8951
27816,21,8952
27845,21,8953
27873,21,8954
27891,21,8955
27937,21,8956
27989,21,8957
28034,21,8958
28060,21,8959
28077,21,8960
28174,21,8961
28222,21,8962
28224,21,8963
28348,21,8964
28351,21,8965
28516,21,8966
28521,21,8967
28545,21,8968
28568,21,8969
28610,21,8970
28660,21,8971
28715,21,8972
28735,21,8973
28743,21,8974
28765,21,8975
28770,21,8976
28863,21,8977
28905,21,8978
28919,21,8979
29003,21,8980
29164,21,8981
29322,21,8982
29340,21,8983
29341,21,8984
29525,21,8985
29612,21,8986
29674,21,8987
29710,21,8988
29824,21,8989
29843,21,8990
29935,21,8991
30172,21,8992
30176,21,8993
30218,21,8994
30299,21,8995
30513,21,8996
30589,21,8997
30687,21,8998
30724,21,8999
30940,21,9000
30948,21,9001
31067,21,9002
31114,21,9003
31289,21,9004
31404,21,9005
31419,21,9006
31636,21,9007
31711,21,9008
31748,21,9009
31758,21,9010
31859,21,9011
31886,21,9012
31896,21,9013
31900,21,9014
31907,21,9015
31932,21,9016
32079,21,9017
32235,21,9018
32337,21,9019
32399,21,9020
32559,21,9021
32561,21,9022
32562,21,9023
32804,21,9024
32805,21,9025
32990,21,9026
33013,21,9027
33178,21,9028
33288,21,9029
33424,21,9030
33659,21,9031
33759,21,9032
33787,21,9033
33813,21,9034
33831,21,9035
33859,21,9036
34048,21,9037
34186,21,9038
34466,21,9039
34496,21,9040
34709,21,9041
34734,21,9042
34870,21,9043
34934,21,9044
35644,21,9045
35722,21,9046
35828,21,9047
35982,21,9048
36107,21,9049
36163,21,9050
36252,21,9051
36351,21,9052
36525,21,9053
36629,21,9054
36640,21,9055
36732,21,9056
36781,21,9057
36836,21,9058
37287,21,9059
37288,21,9060
37410,21,9061
37762,21,9062
37795,21,9063
38161,21,9064
38190,21,9065
38245,21,9066
38602,21,9067
38638,21,9068
38756,21,9069
38997,21,9070
39114,21,9071
39615,21,9072
39639,21,9073
39803,21,9074
40297,21,9075
40355,21,9076
40624,21,9077
29,20,9078
67,20,9079
71,20,9080
118,20,9081
121,20,9082
254,20,9083
327,20,9084
343,20,9085
359,20,9086
384,20,9087
443,20,9088
526,20,9089
672,20,9090
737,20,9091
773,20,9092
788,20,9093
1028,20,9094
1180,20,9095
1190,20,9096
1196,20,9097
1202,20,9098
1205,20,9099
1297,20,9100
1312,20,9101
1348,20,9102
1486,20,9103
1548,20,9104
1554,20,9105
1559,20,9106
1564,20,9107
1584,20,9108
1605,20,9109
1630,20,9110
1659,20,9111
1716,20,9112
1724,20,9113
1753,20,9114
1761,20,9115
1809,20,9116
1826,20,9117
1967,20,9118
2105,20,9119
2225,20,9120
2250,20,9121
2280,20,9122
2322,20,9123
2381,20,9124
2388,20,9125
2452,20,9126
2504,20,9127
2520,20,9128
2610,20,9129
2638,20,9130
2658,20,9131
2690,20,9132
2705,20,9133
2758,20,9134
2796,20,9135
2846,20,9136
2973,20,9137
2988,20,9138
3017,20,9139
3128,20,9140
3129,20,9141
3161,20,9142
3234,20,9143
3440,20,9144
3444,20,9145
3540,20,9146
3629,20,9147
3707,20,9148
3723,20,9149
3785,20,9150
3796,20,9151
3859,20,9152
3982,20,9153
4093,20,9154
4098,20,9155
4120,20,9156
4135,20,9157
4173,20,9158
4238,20,9159
4245,20,9160
4281,20,9161
4302,20,9162
4452,20,9163
4482,20,9164
4607,20,9165
4691,20,9166
4697,20,9167
4706,20,9168
5005,20,9169
5060,20,9170
5070,20,9171
5099,20,9172
5129,20,9173
5134,20,9174
5153,20,9175
5159,20,9176
5258,20,9177
5320,20,9178
5383,20,9179
5603,20,9180
5610,20,9181
5674,20,9182
5741,20,9183
5743,20,9184
5859,20,9185
5875,20,9186
5901,20,9187
5916,20,9188
5939,20,9189
5944,20,9190
5980,20,9191
6006,20,9192
6007,20,9193
6020,20,9194
6154,20,9195
6197,20,9196
6252,20,9197
6253,20,9198
6295,20,9199
6355,20,9200
6366,20,9201
6391,20,9202
6460,20,9203
6510,20,9204
6522,20,9205
6568,20,9206
6626,20,9207
6632,20,9208
6637,20,9209
6645,20,9210
6686,20,9211
6778,20,9212
6831,20,9213
6844,20,9214
6968,20,9215
7010,20,9216
7058,20,9217
7102,20,9218
7206,20,9219
7282,20,9220
7317,20,9221
7320,20,9222
7325,20,9223
7356,20,9224
7383,20,9225
7396,20,9226
7397,20,9227
7442,20,9228
7443,20,9229
7543,20,9230
7595,20,9231
7620,20,9232
7661,20,9233
7702,20,9234
7722,20,9235
7798,20,9236
7870,20,9237
7907,20,9238
7910,20,9239
8060,20,9240
8087,20,9241
8144,20,9242
8162,20,9243
8174,20,9244
8196,20,9245
8268,20,9246
8444,20,9247
8480,20,9248
8539,20,9249
8627,20,9250
8638,20,9251
8643,20,9252
8646,20,9253
8717,20,9254
8812,20,9255
8829,20,9256
8994,20,9257
9049,20,9258
9121,20,9259
9210,20,9260
9274,20,9261
9354,20,9262
9362,20,9263
9370,20,9264
9418,20,9265
9427,20,9266
9472,20,9267
9526,20,9268
9561,20,9269
9574,20,9270
9576,20,9271
9605,20,9272
9762,20,9273
9779,20,9274
9821,20,9275
9839,20,9276
9892,20,9277
9901,20,9278
9904,20,9279
9923,20,9280
10006,20,9281
10017,20,9282
10115,20,9283
10177,20,9284
10242,20,9285
10259,20,9286
10274,20,9287
10335,20,9288
10343,20,9289
10355,20,9290
10357,20,9291
10376,20,9292
10426,20,9293
10474,20,9294
10534,20,9295
10539,20,9296
10541,20,9297
10612,20,9298
10616,20,9299
10625,20,9300
10682,20,9301
10716,20,9302
10832,20,9303
10876,20,9304
10899,20,9305
10902,20,9306
10912,20,9307
10938,20,9308
10945,20,9309
11006,20,9310
11054,20,9311
11077,20,9312
11084,20,9313
11094,20,9314
11127,20,9315
11135,20,9316
11162,20,9317
11173,20,9318
11251,20,9319
11266,20,9320
11281,20,9321
11336,20,9322
11409,20,9323
11507,20,9324
11547,20,9325
11562,20,9326
11624,20,9327
11753,20,9328
11784,20,9329
11823,20,9330
12028,20,9331
12059,20,9332
12088,20,9333
12141,20,9334
12178,20,9335
12201,20,9336
12334,20,9337
12485,20,9338
12487,20,9339
12492,20,9340
12511,20,9341
12517,20,9342
12527,20,9343
12604,20,9344
12691,20,9345
12710,20,9346
12791,20,9347
12834,20,9348
12841,20,9349
12853,20,9350
12875,20,9351
12899,20,9352
12902,20,9353
13095,20,9354
13152,20,9355
13193,20,9356
13215,20,9357
13446,20,9358
13458,20,9359
13486,20,9360
13539,20,9361
13553,20,9362
13582,20,9363
13610,20,9364
13615,20,9365
13638,20,9366
13662,20,9367
13670,20,9368
13696,20,9369
13731,20,9370
13738,20,9371
13854,20,9372
13898,20,9373
13937,20,9374
13948,20,9375
14095,20,9376
14137,20,9377
14140,20,9378
14150,20,9379
14289,20,9380
14363,20,9381
14585,20,9382
14712,20,9383
14759,20,9384
14875,20,9385
14887,20,9386
15048,20,9387
15072,20,9388
15077,20,9389
15105,20,9390
15141,20,9391
15224,20,9392
15269,20,9393
15332,20,9394
15408,20,9395
15433,20,9396
15465,20,9397
15484,20,9398
15673,20,9399
15739,20,9400
15742,20,9401
15787,20,9402
15788,20,9403
15837,20,9404
15843,20,9405
15875,20,9406
15881,20,9407
15921,20,9408
16010,20,9409
16103,20,9410
16110,20,9411
16123,20,9412
16167,20,9413
16295,20,9414
16304,20,9415
16417,20,9416
16484,20,9417
16595,20,9418
16626,20,9419
16695,20,9420
16723,20,9421
16749,20,9422
16862,20,9423
16865,20,9424
16952,20,9425
16958,20,9426
16971,20,9427
17034,20,9428
17047,20,9429
17097,20,9430
17110,20,9431
17132,20,9432
17166,20,9433
17171,20,9434
17191,20,9435
17206,20,9436
17251,20,9437
17321,20,9438
17358,20,9439
17409,20,9440
17500,20,9441
17637,20,9442
17695,20,9443
17727,20,9444
17730,20,9445
17776,20,9446
17873,20,9447
17918,20,9448
17929,20,9449
18025,20,9450
18036,20,9451
18047,20,9452
18177,20,9453
18277,20,9454
18309,20,9455
18480,20,9456
18493,20,9457
18496,20,9458
18536,20,9459
18627,20,9460
18721,20,9461
18790,20,9462
18816,20,9463
18899,20,9464
18959,20,9465
18978,20,9466
19122,20,9467
19128,20,9468
19253,20,9469
19304,20,9470
19306,20,9471
19332,20,9472
19500,20,9473
19519,20,9474
19532,20,9475
19709,20,9476
19710,20,9477
19755,20,9478
19764,20,9479
19783,20,9480
19798,20,9481
19808,20,9482
19846,20,9483
19964,20,9484
20038,20,9485
20051,20,9486
20087,20,9487
20095,20,9488
20127,20,9489
20154,20,9490
20243,20,9491
20258,20,9492
20314,20,9493
20349,20,9494
20391,20,9495
20456,20,9496
20567,20,9497
20568,20,9498
20573,20,9499
20601,20,9500
20623,20,9501
20670,20,9502
20740,20,9503
20746,20,9504
20748,20,9505
20807,20,9506
20944,20,9507
20985,20,9508
20992,20,9509
20996,20,9510
21073,20,9511
21301,20,9512
21312,20,9513
21350,20,9514
21410,20,9515
21431,20,9516
21499,20,9517
21553,20,9518
21679,20,9519
21806,20,9520
21898,20,9521
21906,20,9522
21955,20,9523
21956,20,9524
21957,20,9525
22020,20,9526
22126,20,9527
22196,20,9528
22198,20,9529
22222,20,9530
22338,20,9531
22374,20,9532
22423,20,9533
22428,20,9534
22429,20,9535
22437,20,9536
22588,20,9537
22600,20,9538
22621,20,9539
22647,20,9540
22683,20,9541
22743,20,9542
22819,20,9543
22846,20,9544
22856,20,9545
22943,20,9546
22981,20,9547
23006,20,9548
23008,20,9549
23123,20,9550
23391,20,9551
23439,20,9552
23482,20,9553
23514,20,9554
24102,20,9555
24122,20,9556
24127,20,9557
24146,20,9558
24216,20,9559
24283,20,9560
24312,20,9561
24330,20,9562
24377,20,9563
24413,20,9564
24437,20,9565
24438,20,9566
24441,20,9567
24443,20,9568
24479,20,9569
24482,20,9570
24485,20,9571
24530,20,9572
24612,20,9573
24622,20,9574
24648,20,9575
24668,20,9576
24704,20,9577
24743,20,9578
24767,20,9579
24800,20,9580
24917,20,9581
25003,20,9582
25054,20,9583
25058,20,9584
25071,20,9585
25092,20,9586
25096,20,9587
25106,20,9588
25320,20,9589
25323,20,9590
25335,20,9591
25373,20,9592
25377,20,9593
25378,20,9594
25427,20,9595
25470,20,9596
25484,20,9597
25498,20,9598
25518,20,9599
25602,20,9600
25677,20,9601
25757,20,9602
25924,20,9603
25943,20,9604
26014,20,9605
26084,20,9606
26096,20,9607
26138,20,9608
26181,20,9609
26226,20,9610
26286,20,9611
26299,20,9612
26342,20,9613
26345,20,9614
26415,20,9615
26462,20,9616
26566,20,9617
26625,20,9618
26660,20,9619
26736,20,9620
26740,20,9621
26747,20,9622
26840,20,9623
26856,20,9624
27051,20,9625
27066,20,9626
27077,20,9627
27191,20,9628
27201,20,9629
27204,20,9630
27313,20,9631
27351,20,9632
27396,20,9633
27468,20,9634
27469,20,9635
27536,20,9636
27583,20,9637
27586,20,9638
27611,20,9639
27616,20,9640
27743,20,9641
27752,20,9642
27829,20,9643
27862,20,9644
27993,20,9645
28028,20,9646
28057,20,9647
28071,20,9648
28085,20,9649
28301,20,9650
28331,20,9651
28446,20,9652
28456,20,9653
28560,20,9654
28623,20,9655
28707,20,9656
28718,20,9657
28775,20,9658
28801,20,9659
28818,20,9660
28835,20,9661
28848,20,9662
29014,20,9663
29045,20,9664
29050,20,9665
29212,20,9666
29256,20,9667
29274,20,9668
29298,20,9669
29396,20,9670
29485,20,9671
29549,20,9672
29602,20,9673
29621,20,9674
29681,20,9675
29768,20,9676
29798,20,9677
29836,20,9678
29845,20,9679
29855,20,9680
29858,20,9681
30093,20,9682
30186,20,9683
30215,20,9684
30479,20,9685
30508,20,9686
30510,20,9687
30522,20,9688
30852,20,9689
30884,20,9690
30903,20,9691
31049,20,9692
31088,20,9693
31089,20,9694
31118,20,9695
31169,20,9696
31320,20,9697
31390,20,9698
31402,20,9699
31578,20,9700
31719,20,9701
31804,20,9702
31826,20,9703
31893,20,9704
31925,20,9705
32074,20,9706
32097,20,9707
32387,20,9708
32427,20,9709
32767,20,9710
32785,20,9711
32853,20,9712
32978,20,9713
33069,20,9714
33310,20,9715
33478,20,9716
33691,20,9717
33858,20,9718
33947,20,9719
34015,20,9720
34050,20,9721
34077,20,9722
34174,20,9723
34178,20,9724
34207,20,9725
34464,20,9726
34467,20,9727
34723,20,9728
34730,20,9729
34875,20,9730
35099,20,9731
35121,20,9732
35458,20,9733
35571,20,9734
35616,20,9735
35720,20,9736
36174,20,9737
36181,20,9738
36189,20,9739
36217,20,9740
36340,20,9741
36354,20,9742
36751,20,9743
36782,20,9744
36866,20,9745
37019,20,9746
37027,20,9747
37239,20,9748
37471,20,9749
37633,20,9750
37815,20,9751
37819,20,9752
37881,20,9753
38088,20,9754
38175,20,9755
38183,20,9756
38266,20,9757
38270,20,9758
38290,20,9759
38472,20,9760
38506,20,9761
38529,20,9762
38581,20,9763
38687,20,9764
38958,20,9765
39143,20,9766
39250,20,9767
39312,20,9768
39345,20,9769
39416,20,9770
39624,20,9771
39726,20,9772
20,19,9773
42,19,9774
44,19,9775
156,19,9776
177,19,9777
217,19,9778
223,19,9779
279,19,9780
282,19,9781
462,19,9782
486,19,9783
518,19,9784
709,19,9785
735,19,9786
755,19,9787
848,19,9788
864,19,9789
918,19,9790
925,19,9791
926,19,9792
929,19,9793
972,19,9794
982,19,9795
983,19,9796
1048,19,9797
1099,19,9798
1114,19,9799
1131,19,9800
1173,19,9801
1249,19,9802
1293,19,9803
1333,19,9804
1350,19,9805
1446,19,9806
1474,19,9807
1539,19,9808
1558,19,9809
1573,19,9810
1680,19,9811
1701,19,9812
1713,19,9813
1746,19,9814
1776,19,9815
1898,19,9816
1907,19,9817
1936,19,9818
2051,19,9819
2052,19,9820
2053,19,9821
2101,19,9822
2168,19,9823
2236,19,9824
2589,19,9825
2598,19,9826
2613,19,9827
2628,19,9828
2700,19,9829
2719,19,9830
2755,19,9831
2869,19,9832
2898,19,9833
2936,19,9834
3058,19,9835
3169,19,9836
3215,19,9837
3287,19,9838
3334,19,9839
3344,19,9840
3345,19,9841
3382,19,9842
3405,19,9843
3441,19,9844
3495,19,9845
3499,19,9846
3516,19,9847
3575,19,9848
3592,19,9849
3684,19,9850
3698,19,9851
3751,19,9852
3781,19,9853
3831,19,9854
3850,19,9855
3853,19,9856
3858,19,9857
3963,19,9858
4103,19,9859
4155,19,9860
4181,19,9861
4262,19,9862
4284,19,9863
4310,19,9864
4314,19,9865
4367,19,9866
4396,19,9867
4420,19,9868
4449,19,9869
4480,19,9870
4514,19,9871
4544,19,9872
4573,19,9873
4581,19,9874
4612,19,9875
4630,19,9876
4633,19,9877
4641,19,9878
4669,19,9879
4694,19,9880
4700,19,9881
4823,19,9882
4863,19,9883
4883,19,9884
4936,19,9885
4943,19,9886
4965,19,9887
4998,19,9888
4999,19,9889
5080,19,9890
5097,19,9891
5163,19,9892
5175,19,9893
5213,19,9894
5235,19,9895
5244,19,9896
5285,19,9897
5373,19,9898
5380,19,9899
5385,19,9900
5467,19,9901
5492,19,9902
5539,19,9903
5583,19,9904
5597,19,9905
5609,19,9906
5612,19,9907
5613,19,9908
5618,19,9909
5625,19,9910
5735,19,9911
5801,19,9912
5856,19,9913
5914,19,9914
5917,19,9915
5947,19,9916
5996,19,9917
6005,19,9918
6091,19,9919
6113,19,9920
6129,19,9921
6138,19,9922
6153,19,9923
6157,19,9924
6239,19,9925
6257,19,9926
6325,19,9927
6338,19,9928
6349,19,9929
6365,19,9930
6373,19,9931
6374,19,9932
6411,19,9933
6424,19,9934
6461,19,9935
6462,19,9936
6468,19,9937
6587,19,9938
6688,19,9939
6706,19,9940
6710,19,9941
6729,19,9942
6735,19,9943
6736,19,9944
6740,19,9945
6798,19,9946
6849,19,9947
6858,19,9948
6894,19,9949
6907,19,9950
6915,19,9951
6977,19,9952
7310,19,9953
7348,19,9954
7373,19,9955
7414,19,9956
7416,19,9957
7486,19,9958
7547,19,9959
7573,19,9960
7575,19,9961
7628,19,9962
7635,19,9963
7659,19,9964
7671,19,9965
7732,19,9966
7746,19,9967
7867,19,9968
7935,19,9969
7954,19,9970
7982,19,9971
8016,19,9972
8192,19,9973
8201,19,9974
8216,19,9975
8257,19,9976
8287,19,9977
8323,19,9978
8341,19,9979
8345,19,9980
8416,19,9981
8417,19,9982
8474,19,9983
8494,19,9984
8623,19,9985
8628,19,9986
8712,19,9987
8715,19,9988
8747,19,9989
8752,19,9990
8797,19,9991
8800,19,9992
8821,19,9993
8843,19,9994
8851,19,9995
8905,19,9996
8943,19,9997
9072,19,9998
9145,19,9999
9205,19,10000
9294,19,10001
9376,19,10002
9382,19,10003
9483,19,10004
9539,19,10005
9582,19,10006
9643,19,10007
9654,19,10008
9656,19,10009
9736,19,10010
9743,19,10011
9745,19,10012
9809,19,10013
9919,19,10014
9921,19,10015
9932,19,10016
9947,19,10017
9995,19,10018
10012,19,10019
10027,19,10020
10029,19,10021
10096,19,10022
10152,19,10023
10161,19,10024
10211,19,10025
10276,19,10026
10322,19,10027
10342,19,10028
10348,19,10029
10375,19,10030
10418,19,10031
10452,19,10032
10518,19,10033
10563,19,10034
10657,19,10035
10701,19,10036
10753,19,10037
10792,19,10038
10866,19,10039
10875,19,10040
10886,19,10041
10970,19,10042
11017,19,10043
11027,19,10044
11056,19,10045
11074,19,10046
11128,19,10047
11227,19,10048
11375,19,10049
11378,19,10050
11471,19,10051
11475,19,10052
11478,19,10053
11481,19,10054
11484,19,10055
11494,19,10056
11500,19,10057
11577,19,10058
11579,19,10059
11587,19,10060
11609,19,10061
11648,19,10062
11657,19,10063
11663,19,10064
11670,19,10065
11691,19,10066
11707,19,10067
11804,19,10068
11810,19,10069
11930,19,10070
11988,19,10071
12007,19,10072
12020,19,10073
12044,19,10074
12056,19,10075
12078,19,10076
12212,19,10077
12216,19,10078
12257,19,10079
12261,19,10080
12282,19,10081
12385,19,10082
12396,19,10083
12397,19,10084
12417,19,10085
12423,19,10086
12460,19,10087
12500,19,10088
12518,19,10089
12528,19,10090
12590,19,10091
12631,19,10092
12634,19,10093
12639,19,10094
12655,19,10095
12678,19,10096
12689,19,10097
12725,19,10098
12743,19,10099
12784,19,10100
12797,19,10101
12846,19,10102
12848,19,10103
12890,19,10104
12897,19,10105
13015,19,10106
13040,19,10107
13070,19,10108
13071,19,10109
13077,19,10110
13136,19,10111
13145,19,10112
13186,19,10113
13200,19,10114
13230,19,10115
13320,19,10116
13344,19,10117
13433,19,10118
13510,19,10119
13544,19,10120
13552,19,10121
13566,19,10122
13650,19,10123
13748,19,10124
13771,19,10125
13805,19,10126
13810,19,10127
13824,19,10128
13894,19,10129
13964,19,10130
14005,19,10131
14065,19,10132
14152,19,10133
14171,19,10134
14193,19,10135
14206,19,10136
14210,19,10137
14245,19,10138
14271,19,10139
14369,19,10140
14380,19,10141
14384,19,10142
14389,19,10143
14409,19,10144
14439,19,10145
14460,19,10146
14507,19,10147
14559,19,10148
14582,19,10149
14596,19,10150
14635,19,10151
14646,19,10152
14709,19,10153
14718,19,10154
14783,19,10155
14792,19,10156
14797,19,10157
14799,19,10158
14812,19,10159
14838,19,10160
14861,19,10161
14869,19,10162
14946,19,10163
14987,19,10164
15021,19,10165
15075,19,10166
15078,19,10167
15109,19,10168
15120,19,10169
15125,19,10170
15237,19,10171
15276,19,10172
15291,19,10173
15461,19,10174
15512,19,10175
15532,19,10176
15585,19,10177
15642,19,10178
15658,19,10179
15676,19,10180
15682,19,10181
15700,19,10182
15708,19,10183
15814,19,10184
15835,19,10185
15839,19,10186
15853,19,10187
15961,19,10188
16051,19,10189
16095,19,10190
16135,19,10191
16160,19,10192
16162,19,10193
16183,19,10194
16225,19,10195
16249,19,10196
16251,19,10197
16456,19,10198
16485,19,10199
16575,19,10200
16611,19,10201
16725,19,10202
16777,19,10203
16787,19,10204
16799,19,10205
16836,19,10206
16841,19,10207
16849,19,10208
16926,19,10209
16932,19,10210
16959,19,10211
16989,19,10212
17023,19,10213
17031,19,10214
17059,19,10215
17144,19,10216
17473,19,10217
17486,19,10218
17530,19,10219
17699,19,10220
17725,19,10221
17748,19,10222
17809,19,10223
17830,19,10224
17890,19,10225
17994,19,10226
18000,19,10227
18054,19,10228
18141,19,10229
18184,19,10230
18213,19,10231
18215,19,10232
18224,19,10233
18265,19,10234
18289,19,10235
18356,19,10236
18435,19,10237
18466,19,10238
18494,19,10239
18498,19,10240
18560,19,10241
18681,19,10242
18766,19,10243
18805,19,10244
18812,19,10245
18830,19,10246
18833,19,10247
19027,19,10248
19064,19,10249
19069,19,10250
19097,19,10251
19195,19,10252
19212,19,10253
19262,19,10254
19369,19,10255
19386,19,10256
19606,19,10257
19696,19,10258
19761,19,10259
19785,19,10260
19836,19,10261
19872,19,10262
19889,19,10263
19900,19,10264
20012,19,10265
20039,19,10266
20059,19,10267
20149,19,10268
20261,19,10269
20371,19,10270
20427,19,10271
20442,19,10272
20493,19,10273
20526,19,10274
20530,19,10275
20605,19,10276
20625,19,10277
20653,19,10278
20769,19,10279
20792,19,10280
20800,19,10281
20921,19,10282
21019,19,10283
21070,19,10284
21097,19,10285
21179,19,10286
21186,19,10287
21321,19,10288
21323,19,10289
21359,19,10290
21367,19,10291
21408,19,10292
21439,19,10293
21489,19,10294
21492,19,10295
21500,19,10296
21552,19,10297
21561,19,10298
21662,19,10299
21668,19,10300
21828,19,10301
21838,19,10302
21851,19,10303
21883,19,10304
21887,19,10305
21962,19,10306
22088,19,10307
22134,19,10308
22148,19,10309
22269,19,10310
22282,19,10311
22402,19,10312
22416,19,10313
22455,19,10314
22468,19,10315
22482,19,10316
22520,19,10317
22527,19,10318
22580,19,10319
22616,19,10320
22646,19,10321
22825,19,10322
22850,19,10323
22871,19,10324
22887,19,10325
22912,19,10326
22996,19,10327
23124,19,10328
23365,19,10329
23424,19,10330
23491,19,10331
23563,19,10332
23639,19,10333
23659,19,10334
23706,19,10335
23739,19,10336
23779,19,10337
23793,19,10338
23803,19,10339
23820,19,10340
23928,19,10341
23944,19,10342
24139,19,10343
24140,19,10344
24189,19,10345
24244,19,10346
24308,19,10347
24339,19,10348
24350,19,10349
24367,19,10350
24407,19,10351
24466,19,10352
24481,19,10353
24526,19,10354
24534,19,10355
24614,19,10356
24665,19,10357
24717,19,10358
24727,19,10359
24825,19,10360
24970,19,10361
25022,19,10362
25024,19,10363
25100,19,10364
25136,19,10365
25142,19,10366
25211,19,10367
25325,19,10368
25348,19,10369
25407,19,10370
25431,19,10371
25446,19,10372
25464,19,10373
25531,19,10374
25538,19,10375
25554,19,10376
25561,19,10377
25571,19,10378
25596,19,10379
25705,19,10380
25752,19,10381
25754,19,10382
25867,19,10383
26021,19,10384
26066,19,10385
26129,19,10386
26173,19,10387
26315,19,10388
26408,19,10389
26502,19,10390
26503,19,10391
26535,19,10392
26576,19,10393
26589,19,10394
26605,19,10395
26689,19,10396
26734,19,10397
26792,19,10398
26929,19,10399
26982,19,10400
27202,19,10401
27249,19,10402
27272,19,10403
27411,19,10404
27429,19,10405
27495,19,10406
27532,19,10407
27549,19,10408
27575,19,10409
27677,19,10410
27917,19,10411
27934,19,10412
27967,19,10413
28031,19,10414
28079,19,10415
28142,19,10416
28153,19,10417
28208,19,10418
28228,19,10419
28244,19,10420
28266,19,10421
28328,19,10422
28366,19,10423
28436,19,10424
28620,19,10425
28669,19,10426
28807,19,10427
28840,19,10428
28901,19,10429
28920,19,10430
28943,19,10431
28977,19,10432
28984,19,10433
29036,19,10434
29127,19,10435
29137,19,10436
29207,19,10437
29228,19,10438
29257,19,10439
29313,19,10440
29363,19,10441
29393,19,10442
29413,19,10443
29424,19,10444
29465,19,10445
29531,19,10446
29613,19,10447
29614,19,10448
29617,19,10449
29632,19,10450
29751,19,10451
29796,19,10452
29804,19,10453
29840,19,10454
29917,19,10455
29979,19,10456
30015,19,10457
30089,19,10458
30170,19,10459
30171,19,10460
30231,19,10461
30257,19,10462
30272,19,10463
30279,19,10464
30304,19,10465
30328,19,10466
30330,19,10467
30443,19,10468
30811,19,10469
30975,19,10470
30983,19,10471
31104,19,10472
31202,19,10473
31213,19,10474
31221,19,10475
31395,19,10476
31429,19,10477
31434,19,10478
31576,19,10479
31580,19,10480
31581,19,10481
31714,19,10482
31747,19,10483
31875,19,10484
31940,19,10485
32041,19,10486
32072,19,10487
32113,19,10488
32216,19,10489
32249,19,10490
32342,19,10491
32362,19,10492
32449,19,10493
32458,19,10494
32540,19,10495
32580,19,10496
32638,19,10497
32711,19,10498
32731,19,10499
32735,19,10500
32962,19,10501
33003,19,10502
33068,19,10503
33082,19,10504
33089,19,10505
33107,19,10506
33165,19,10507
33207,19,10508
33279,19,10509
33332,19,10510
33456,19,10511
33529,19,10512
33645,19,10513
33666,19,10514
33681,19,10515
33690,19,10516
33758,19,10517
33833,19,10518
33868,19,10519
34057,19,10520
34140,19,10521
34231,19,10522
34313,19,10523
34443,19,10524
34561,19,10525
34597,19,10526
34653,19,10527
35266,19,10528
35354,19,10529
35403,19,10530
35405,19,10531
35508,19,10532
35615,19,10533
35698,19,10534
35762,19,10535
35789,19,10536
36033,19,10537
36105,19,10538
36393,19,10539
36485,19,10540
36499,19,10541
36524,19,10542
36802,19,10543
36821,19,10544
36883,19,10545
36973,19,10546
37054,19,10547
37072,19,10548
37104,19,10549
37141,19,10550
37167,19,10551
37176,19,10552
37202,19,10553
37521,19,10554
37583,19,10555
37668,19,10556
37940,19,10557
38104,19,10558
38196,19,10559
38259,19,10560
38283,19,10561
38299,19,10562
38339,19,10563
38471,19,10564
38787,19,10565
38972,19,10566
38994,19,10567
39030,19,10568
39031,19,10569
39092,19,10570
39132,19,10571
39149,19,10572
39187,19,10573
39203,19,10574
39261,19,10575
39397,19,10576
39428,19,10577
39439,19,10578
39535,19,10579
39712,19,10580
40066,19,10581
40221,19,10582
40319,19,10583
40614,19,10584
2,18,10585
59,18,10586
68,18,10587
69,18,10588
101,18,10589
154,18,10590
225,18,10591
240,18,10592
285,18,10593
339,18,10594
354,18,10595
365,18,10596
382,18,10597
423,18,10598
626,18,10599
640,18,10600
720,18,10601
846,18,10602
883,18,10603
912,18,10604
949,18,10605
1124,18,10606
1171,18,10607
1223,18,10608
1363,18,10609
1456,18,10610
1490,18,10611
1491,18,10612
1561,18,10613
1568,18,10614
1579,18,10615
1580,18,10616
1588,18,10617
1656,18,10618
1707,18,10619
1722,18,10620
1750,18,10621
1775,18,10622
1839,18,10623
1912,18,10624
1916,18,10625
1940,18,10626
1957,18,10627
1961,18,10628
2122,18,10629
2128,18,10630
2149,18,10631
2186,18,10632
2228,18,10633
2335,18,10634
2355,18,10635
2407,18,10636
2443,18,10637
2456,18,10638
2532,18,10639
2534,18,10640
2538,18,10641
2546,18,10642
2614,18,10643
2615,18,10644
2636,18,10645
2766,18,10646
2790,18,10647
2822,18,10648
2827,18,10649
2842,18,10650
2891,18,10651
3015,18,10652
3057,18,10653
3110,18,10654
3188,18,10655
3217,18,10656
3257,18,10657
3354,18,10658
3355,18,10659
3359,18,10660
3368,18,10661
3424,18,10662
3430,18,10663
3520,18,10664
3527,18,10665
3584,18,10666
3628,18,10667
3635,18,10668
3647,18,10669
3649,18,10670
3712,18,10671
3725,18,10672
3745,18,10673
3804,18,10674
3868,18,10675
3882,18,10676
3890,18,10677
3894,18,10678
3904,18,10679
3975,18,10680
4020,18,10681
4026,18,10682
4055,18,10683
4068,18,10684
4106,18,10685
4121,18,10686
4158,18,10687
4165,18,10688
4182,18,10689
4213,18,10690
4218,18,10691
4267,18,10692
4315,18,10693
4325,18,10694
4403,18,10695
4433,18,10696
4457,18,10697
4471,18,10698
4472,18,10699
4495,18,10700
4512,18,10701
4589,18,10702
4647,18,10703
4660,18,10704
4665,18,10705
4676,18,10706
4737,18,10707
4763,18,10708
4779,18,10709
4951,18,10710
5013,18,10711
5084,18,10712
5118,18,10713
5337,18,10714
5404,18,10715
5416,18,10716
5442,18,10717
5561,18,10718
5584,18,10719
5586,18,10720
5624,18,10721
5634,18,10722
5647,18,10723
5653,18,10724
5694,18,10725
5697,18,10726
5800,18,10727
5848,18,10728
5880,18,10729
5899,18,10730
5933,18,10731
5957,18,10732
5985,18,10733
5987,18,10734
6025,18,10735
6043,18,10736
6112,18,10737
6155,18,10738
6198,18,10739
6215,18,10740
6234,18,10741
6256,18,10742
6275,18,10743
6292,18,10744
6336,18,10745
6404,18,10746
6408,18,10747
6409,18,10748
6484,18,10749
6494,18,10750
6592,18,10751
6658,18,10752
6675,18,10753
6711,18,10754
6755,18,10755
6762,18,10756
6803,18,10757
6814,18,10758
6819,18,10759
6823,18,10760
6860,18,10761
7022,18,10762
7033,18,10763
7070,18,10764
7081,18,10765
7091,18,10766
7100,18,10767
7101,18,10768
7114,18,10769
7140,18,10770
7230,18,10771
7235,18,10772
7263,18,10773
7271,18,10774
7307,18,10775
7312,18,10776
7321,18,10777
7329,18,10778
7340,18,10779
7344,18,10780
7360,18,10781
7415,18,10782
7430,18,10783
7454,18,10784
7480,18,10785
7491,18,10786
7522,18,10787
7537,18,10788
7538,18,10789
7561,18,10790
7579,18,10791
7589,18,10792
7602,18,10793
7617,18,10794
7767,18,10795
7843,18,10796
7906,18,10797
7914,18,10798
7924,18,10799
7943,18,10800
7946,18,10801
8010,18,10802
8040,18,10803
8148,18,10804
8160,18,10805
8218,18,10806
8251,18,10807
8260,18,10808
8318,18,10809
8468,18,10810
8533,18,10811
8557,18,10812
8596,18,10813
8616,18,10814
8617,18,10815
8661,18,10816
8675,18,10817
8677,18,10818
8684,18,10819
8687,18,10820
8705,18,10821
8734,18,10822
8746,18,10823
8764,18,10824
8768,18,10825
8784,18,10826
8803,18,10827
8816,18,10828
8848,18,10829
8877,18,10830
8979,18,10831
9002,18,10832
9046,18,10833
9065,18,10834
9125,18,10835
9284,18,10836
9361,18,10837
9380,18,10838
9389,18,10839
9392,18,10840
9400,18,10841
9412,18,10842
9443,18,10843
9480,18,10844
9524,18,10845
9599,18,10846
9607,18,10847
9624,18,10848
9667,18,10849
9681,18,10850
9726,18,10851
9841,18,10852
9872,18,10853
9878,18,10854
9883,18,10855
9994,18,10856
10084,18,10857
10232,18,10858
10263,18,10859
10321,18,10860
10341,18,10861
10371,18,10862
10407,18,10863
10442,18,10864
10469,18,10865
10514,18,10866
10526,18,10867
10597,18,10868
10654,18,10869
10655,18,10870
10733,18,10871
10758,18,10872
10761,18,10873
10779,18,10874
10786,18,10875
10807,18,10876
10825,18,10877
10850,18,10878
10946,18,10879
10971,18,10880
11011,18,10881
11034,18,10882
11048,18,10883
11080,18,10884
11089,18,10885
11095,18,10886
11142,18,10887
11189,18,10888
11271,18,10889
11279,18,10890
11307,18,10891
11324,18,10892
11334,18,10893
11344,18,10894
11379,18,10895
11384,18,10896
11396,18,10897
11402,18,10898
11463,18,10899
11470,18,10900
11492,18,10901
11496,18,10902
11571,18,10903
11582,18,10904
11613,18,10905
11620,18,10906
11626,18,10907
11659,18,10908
11797,18,10909
11806,18,10910
11828,18,10911
11838,18,10912
11899,18,10913
11973,18,10914
12127,18,10915
12168,18,10916
12224,18,10917
12250,18,10918
12269,18,10919
12284,18,10920
12287,18,10921
12291,18,10922
12446,18,10923
12461,18,10924
12512,18,10925
12521,18,10926
12560,18,10927
12576,18,10928
12582,18,10929
12597,18,10930
12662,18,10931
12708,18,10932
12712,18,10933
12752,18,10934
12800,18,10935
12812,18,10936
12815,18,10937
12861,18,10938
12872,18,10939
12927,18,10940
12941,18,10941
12966,18,10942
12985,18,10943
13047,18,10944
13081,18,10945
13087,18,10946
13180,18,10947
13188,18,10948
13196,18,10949
13348,18,10950
13366,18,10951
13373,18,10952
13407,18,10953
13513,18,10954
13569,18,10955
13570,18,10956
13587,18,10957
13621,18,10958
13641,18,10959
13680,18,10960
13772,18,10961
13793,18,10962
13819,18,10963
13825,18,10964
13868,18,10965
13885,18,10966
13906,18,10967
13957,18,10968
13983,18,10969
13986,18,10970
14000,18,10971
14034,18,10972
14048,18,10973
14145,18,10974
14149,18,10975
14177,18,10976
14203,18,10977
14251,18,10978
14273,18,10979
14286,18,10980
14294,18,10981
14353,18,10982
14442,18,10983
14458,18,10984
14514,18,10985
14630,18,10986
14632,18,10987
14763,18,10988
14778,18,10989
14780,18,10990
14805,18,10991
14850,18,10992
14854,18,10993
14882,18,10994
14905,18,10995
14908,18,10996
14949,18,10997
14974,18,10998
14993,18,10999
14994,18,11000
14998,18,11001
15051,18,11002
15067,18,11003
15076,18,11004
15080,18,11005
15113,18,11006
15123,18,11007
15143,18,11008
15165,18,11009
15174,18,11010
15246,18,11011
15346,18,11012
15350,18,11013
15358,18,11014
15427,18,11015
15456,18,11016
15458,18,11017
15469,18,11018
15473,18,11019
15486,18,11020
15540,18,11021
15566,18,11022
15603,18,11023
15641,18,11024
15659,18,11025
15747,18,11026
15772,18,11027
15823,18,11028
15898,18,11029
15938,18,11030
15981,18,11031
15999,18,11032
16026,18,11033
16052,18,11034
16096,18,11035
16200,18,11036
16284,18,11037
16291,18,11038
16356,18,11039
16383,18,11040
16400,18,11041
16415,18,11042
16428,18,11043
16431,18,11044
16463,18,11045
16494,18,11046
16509,18,11047
16527,18,11048
16603,18,11049
16622,18,11050
16656,18,11051
16690,18,11052
16736,18,11053
16747,18,11054
16756,18,11055
16767,18,11056
16798,18,11057
16868,18,11058
16905,18,11059
16962,18,11060
16987,18,11061
17082,18,11062
17083,18,11063
17092,18,11064
17106,18,11065
17186,18,11066
17215,18,11067
17306,18,11068
17419,18,11069
17428,18,11070
17441,18,11071
17445,18,11072
17539,18,11073
17547,18,11074
17610,18,11075
17654,18,11076
17738,18,11077
17802,18,11078
17821,18,11079
17844,18,11080
17848,18,11081
17850,18,11082
17861,18,11083
17923,18,11084
17981,18,11085
17990,18,11086
18105,18,11087
18118,18,11088
18296,18,11089
18331,18,11090
18334,18,11091
18348,18,11092
18367,18,11093
18412,18,11094
18482,18,11095
18516,18,11096
18599,18,11097
18603,18,11098
18646,18,11099
18703,18,11100
18751,18,11101
18763,18,11102
18773,18,11103
18806,18,11104
18813,18,11105
18920,18,11106
18929,18,11107
19008,18,11108
19037,18,11109
19168,18,11110
19276,18,11111
19282,18,11112
19324,18,11113
19326,18,11114
19342,18,11115
19348,18,11116
19381,18,11117
19478,18,11118
19508,18,11119
19542,18,11120
19547,18,11121
19594,18,11122
19700,18,11123
19701,18,11124
19707,18,11125
19708,18,11126
19719,18,11127
19746,18,11128
19773,18,11129
19812,18,11130
19833,18,11131
19837,18,11132
19903,18,11133
19982,18,11134
19995,18,11135
20013,18,11136
20069,18,11137
20112,18,11138
20122,18,11139
20132,18,11140
20148,18,11141
20176,18,11142
20187,18,11143
20219,18,11144
20290,18,11145
20305,18,11146
20317,18,11147
20407,18,11148
20540,18,11149
20565,18,11150
20576,18,11151
20584,18,11152
20611,18,11153
20692,18,11154
20809,18,11155
20827,18,11156
20851,18,11157
20856,18,11158
20872,18,11159
20886,18,11160
20995,18,11161
21059,18,11162
21080,18,11163
21102,18,11164
21123,18,11165
21139,18,11166
21157,18,11167
21217,18,11168
21265,18,11169
21307,18,11170
21404,18,11171
21452,18,11172
21464,18,11173
21486,18,11174
21503,18,11175
21554,18,11176
21630,18,11177
21665,18,11178
21781,18,11179
21861,18,11180
22051,18,11181
22066,18,11182
22087,18,11183
22113,18,11184
22125,18,11185
22293,18,11186
22341,18,11187
22390,18,11188
22442,18,11189
22487,18,11190
22540,18,11191
22542,18,11192
22569,18,11193
22674,18,11194
22691,18,11195
22814,18,11196
22892,18,11197
22901,18,11198
22947,18,11199
22960,18,11200
22991,18,11201
23099,18,11202
23103,18,11203
23140,18,11204
23173,18,11205
23220,18,11206
23238,18,11207
23289,18,11208
23295,18,11209
23339,18,11210
23429,18,11211
23457,18,11212
23497,18,11213
23578,18,11214
23586,18,11215
23597,18,11216
23701,18,11217
23762,18,11218
23767,18,11219
23777,18,11220
23903,18,11221
23906,18,11222
23989,18,11223
24003,18,11224
24061,18,11225
24097,18,11226
24184,18,11227
24191,18,11228
24275,18,11229
24279,18,11230
24319,18,11231
24336,18,11232
24353,18,11233
24365,18,11234
24379,18,11235
24401,18,11236
24404,18,11237
24463,18,11238
24468,18,11239
24469,18,11240
24549,18,11241
24558,18,11242
24569,18,11243
24615,18,11244
24654,18,11245
24658,18,11246
24688,18,11247
24797,18,11248
24806,18,11249
24808,18,11250
24885,18,11251
24922,18,11252
25020,18,11253
25026,18,11254
25031,18,11255
25052,18,11256
25082,18,11257
25095,18,11258
25108,18,11259
25118,18,11260
25196,18,11261
25250,18,11262
25299,18,11263
25311,18,11264
25334,18,11265
25520,18,11266
25592,18,11267
25597,18,11268
25601,18,11269
25622,18,11270
25636,18,11271
25640,18,11272
25745,18,11273
25781,18,11274
25878,18,11275
26050,18,11276
26072,18,11277
26106,18,11278
26128,18,11279
26277,18,11280
26313,18,11281
26352,18,11282
26372,18,11283
26384,18,11284
26394,18,11285
26404,18,11286
26429,18,11287
26430,18,11288
26436,18,11289
26463,18,11290
26532,18,11291
26567,18,11292
26594,18,11293
26597,18,11294
26619,18,11295
26659,18,11296
26700,18,11297
26794,18,11298
26907,18,11299
27012,18,11300
27039,18,11301
27053,18,11302
27078,18,11303
27118,18,11304
27160,18,11305
27211,18,11306
27229,18,11307
27268,18,11308
27318,18,11309
27421,18,11310
27424,18,11311
27431,18,11312
27481,18,11313
27482,18,11314
27510,18,11315
27562,18,11316
27623,18,11317
27628,18,11318
27636,18,11319
27653,18,11320
27660,18,11321
27702,18,11322
27717,18,11323
27814,18,11324
27837,18,11325
27839,18,11326
27846,18,11327
27849,18,11328
27858,18,11329
27868,18,11330
27869,18,11331
28016,18,11332
28029,18,11333
28092,18,11334
28123,18,11335
28128,18,11336
28168,18,11337
28178,18,11338
28182,18,11339
28195,18,11340
28196,18,11341
28218,18,11342
28272,18,11343
28282,18,11344
28286,18,11345
28342,18,11346
28451,18,11347
28457,18,11348
28533,18,11349
28667,18,11350
28803,18,11351
28847,18,11352
28875,18,11353
28894,18,11354
28908,18,11355
28948,18,11356
28967,18,11357
29017,18,11358
29046,18,11359
29051,18,11360
29064,18,11361
29082,18,11362
29096,18,11363
29142,18,11364
29219,18,11365
29280,18,11366
29296,18,11367
29324,18,11368
29328,18,11369
29456,18,11370
29460,18,11371
29534,18,11372
29548,18,11373
29552,18,11374
29561,18,11375
29658,18,11376
29737,18,11377
29797,18,11378
29806,18,11379
29821,18,11380
29879,18,11381
29881,18,11382
29885,18,11383
29959,18,11384
29994,18,11385
30037,18,11386
30087,18,11387
30166,18,11388
30175,18,11389
30223,18,11390
30240,18,11391
30295,18,11392
30351,18,11393
30405,18,11394
30464,18,11395
30489,18,11396
30551,18,11397
30563,18,11398
30564,18,11399
30566,18,11400
30630,18,11401
30732,18,11402
30762,18,11403
30765,18,11404
30896,18,11405
30911,18,11406
31078,18,11407
31093,18,11408
31123,18,11409
31191,18,11410
31211,18,11411
31215,18,11412
31257,18,11413
31288,18,11414
31293,18,11415
31324,18,11416
31337,18,11417
31375,18,11418
31485,18,11419
31570,18,11420
31631,18,11421
31743,18,11422
31763,18,11423
31778,18,11424
31819,18,11425
31822,18,11426
31865,18,11427
31880,18,11428
31891,18,11429
31912,18,11430
31919,18,11431
31948,18,11432
31973,18,11433
32167,18,11434
32188,18,11435
32265,18,11436
32300,18,11437
32379,18,11438
32407,18,11439
32614,18,11440
32623,18,11441
32717,18,11442
32756,18,11443
32789,18,11444
32809,18,11445
32867,18,11446
32871,18,11447
32925,18,11448
33038,18,11449
33096,18,11450
33104,18,11451
33168,18,11452
33209,18,11453
33281,18,11454
33342,18,11455
33377,18,11456
33464,18,11457
33475,18,11458
33556,18,11459
33569,18,11460
33706,18,11461
33712,18,11462
33723,18,11463
33729,18,11464
33784,18,11465
33824,18,11466
33828,18,11467
33961,18,11468
33971,18,11469
33976,18,11470
33997,18,11471
34093,18,11472
34103,18,11473
34151,18,11474
34162,18,11475
34205,18,11476
34268,18,11477
34275,18,11478
34279,18,11479
34562,18,11480
34563,18,11481
34726,18,11482
34747,18,11483
34762,18,11484
34784,18,11485
34869,18,11486
35115,18,11487
35163,18,11488
35198,18,11489
35213,18,11490
35407,18,11491
35476,18,11492
35561,18,11493
35617,18,11494
35639,18,11495
36042,18,11496
36159,18,11497
36196,18,11498
36208,18,11499
36238,18,11500
36308,18,11501
36315,18,11502
36358,18,11503
36457,18,11504
36458,18,11505
36554,18,11506
36665,18,11507
36799,18,11508
36803,18,11509
36820,18,11510
36960,18,11511
37044,18,11512
37114,18,11513
37189,18,11514
37205,18,11515
37324,18,11516
37443,18,11517
37477,18,11518
37666,18,11519
37820,18,11520
37886,18,11521
38055,18,11522
38061,18,11523
38125,18,11524
38142,18,11525
38157,18,11526
38189,18,11527
38223,18,11528
38239,18,11529
38340,18,11530
38342,18,11531
38379,18,11532
38465,18,11533
38467,18,11534
38597,18,11535
38758,18,11536
38789,18,11537
38825,18,11538
38855,18,11539
38892,18,11540
39097,18,11541
39171,18,11542
39209,18,11543
39288,18,11544
39519,18,11545
39530,18,11546
39627,18,11547
39707,18,11548
39934,18,11549
40103,18,11550
40144,18,11551
40339,18,11552
40485,18,11553
40488,18,11554
40599,18,11555
40765,18,11556
40898,18,11557
26,17,11558
62,17,11559
94,17,11560
130,17,11561
133,17,11562
139,17,11563
153,17,11564
288,17,11565
289,17,11566
379,17,11567
509,17,11568
539,17,11569
646,17,11570
663,17,11571
730,17,11572
738,17,11573
760,17,11574
771,17,11575
785,17,11576
871,17,11577
938,17,11578
950,17,11579
968,17,11580
1003,17,11581
1040,17,11582
1063,17,11583
1071,17,11584
1112,17,11585
1178,17,11586
1239,17,11587
1259,17,11588
1351,17,11589
1397,17,11590
1449,17,11591
1507,17,11592
1512,17,11593
1517,17,11594
1532,17,11595
1533,17,11596
1570,17,11597
1592,17,11598
1598,17,11599
1639,17,11600
1661,17,11601
1675,17,11602
1723,17,11603
1725,17,11604
1744,17,11605
1812,17,11606
1827,17,11607
1869,17,11608
1879,17,11609
1889,17,11610
2034,17,11611
2091,17,11612
2126,17,11613
2296,17,11614
2349,17,11615
2374,17,11616
2385,17,11617
2410,17,11618
2420,17,11619
2435,17,11620
2440,17,11621
2578,17,11622
2583,17,11623
2608,17,11624
2706,17,11625
2723,17,11626
2732,17,11627
2742,17,11628
2749,17,11629
2815,17,11630
2853,17,11631
2858,17,11632
2878,17,11633
2890,17,11634
2901,17,11635
2914,17,11636
2966,17,11637
2979,17,11638
2981,17,11639
2983,17,11640
3055,17,11641
3139,17,11642
3156,17,11643
3207,17,11644
3309,17,11645
3320,17,11646
3351,17,11647
3423,17,11648
3452,17,11649
3614,17,11650
3636,17,11651
3644,17,11652
3670,17,11653
3696,17,11654
3700,17,11655
3702,17,11656
3724,17,11657
3726,17,11658
3742,17,11659
3753,17,11660
3756,17,11661
3779,17,11662
3802,17,11663
3832,17,11664
3841,17,11665
3866,17,11666
3912,17,11667
3939,17,11668
3947,17,11669
3949,17,11670
4005,17,11671
4012,17,11672
4019,17,11673
4034,17,11674
4044,17,11675
4229,17,11676
4241,17,11677
4255,17,11678
4269,17,11679
4300,17,11680
4357,17,11681
4369,17,11682
4455,17,11683
4489,17,11684
4502,17,11685
4503,17,11686
4520,17,11687
4554,17,11688
4649,17,11689
4848,17,11690
4918,17,11691
4978,17,11692
4983,17,11693
5055,17,11694
5087,17,11695
5089,17,11696
5137,17,11697
5234,17,11698
5413,17,11699
5471,17,11700
5496,17,11701
5522,17,11702
5526,17,11703
5596,17,11704
5627,17,11705
5642,17,11706
5650,17,11707
5662,17,11708
5672,17,11709
5714,17,11710
5729,17,11711
5761,17,11712
5764,17,11713
5847,17,11714
5850,17,11715
5892,17,11716
5895,17,11717
5920,17,11718
5929,17,11719
5958,17,11720
5974,17,11721
5976,17,11722
5979,17,11723
5998,17,11724
6075,17,11725
6124,17,11726
6165,17,11727
6189,17,11728
6196,17,11729
6214,17,11730
6262,17,11731
6288,17,11732
6328,17,11733
6356,17,11734
6378,17,11735
6416,17,11736
6463,17,11737
6464,17,11738
6465,17,11739
6466,17,11740
6475,17,11741
6573,17,11742
6612,17,11743
6649,17,11744
6652,17,11745
6654,17,11746
6662,17,11747
6748,17,11748
6770,17,11749
6857,17,11750
6912,17,11751
6938,17,11752
6950,17,11753
7027,17,11754
7055,17,11755
7073,17,11756
7136,17,11757
7200,17,11758
7201,17,11759
7229,17,11760
7234,17,11761
7281,17,11762
7304,17,11763
7477,17,11764
7492,17,11765
7499,17,11766
7551,17,11767
7553,17,11768
7625,17,11769
7700,17,11770
7760,17,11771
7804,17,11772
7812,17,11773
7840,17,11774
7882,17,11775
8004,17,11776
8018,17,11777
8029,17,11778
8099,17,11779
8139,17,11780
8177,17,11781
8181,17,11782
8232,17,11783
8278,17,11784
8384,17,11785
8396,17,11786
8405,17,11787
8476,17,11788
8511,17,11789
8589,17,11790
8599,17,11791
8624,17,11792
8631,17,11793
8697,17,11794
8707,17,11795
8725,17,11796
8810,17,11797
8811,17,11798
8889,17,11799
8934,17,11800
8953,17,11801
8955,17,11802
8989,17,11803
9000,17,11804
9004,17,11805
9027,17,11806
9113,17,11807
9174,17,11808
9307,17,11809
9357,17,11810
9365,17,11811
9377,17,11812
9399,17,11813
9409,17,11814
9410,17,11815
9423,17,11816
9439,17,11817
9459,17,11818
9527,17,11819
9529,17,11820
9536,17,11821
9579,17,11822
9620,17,11823
9660,17,11824
9671,17,11825
9699,17,11826
9739,17,11827
9740,17,11828
9815,17,11829
9818,17,11830
9909,17,11831
9953,17,11832
9967,17,11833
9968,17,11834
9970,17,11835
9979,17,11836
9981,17,11837
9982,17,11838
9992,17,11839
10008,17,11840
10045,17,11841
10047,17,11842
10052,17,11843
10092,17,11844
10163,17,11845
10226,17,11846
10254,17,11847
10284,17,11848
10356,17,11849
10377,17,11850
10409,17,11851
10445,17,11852
10501,17,11853
10516,17,11854
10523,17,11855
10540,17,11856
10589,17,11857
10643,17,11858
10690,17,11859
10693,17,11860
10708,17,11861
10710,17,11862
10755,17,11863
10803,17,11864
10817,17,11865
10824,17,11866
10826,17,11867
10839,17,11868
10851,17,11869
10889,17,11870
10913,17,11871
10939,17,11872
10993,17,11873
11004,17,11874
11051,17,11875
11062,17,11876
11076,17,11877
11102,17,11878
11121,17,11879
11138,17,11880
11188,17,11881
11269,17,11882
11341,17,11883
11350,17,11884
11359,17,11885
11369,17,11886
11376,17,11887
11398,17,11888
11406,17,11889
11416,17,11890
11474,17,11891
11487,17,11892
11502,17,11893
11512,17,11894
11515,17,11895
11589,17,11896
11642,17,11897
11671,17,11898
11772,17,11899
11778,17,11900
11782,17,11901
11787,17,11902
11816,17,11903
11894,17,11904
11900,17,11905
11916,17,11906
11921,17,11907
11955,17,11908
12029,17,11909
12061,17,11910
12079,17,11911
12116,17,11912
12138,17,11913
12198,17,11914
12227,17,11915
12253,17,11916
12276,17,11917
12279,17,11918
12331,17,11919
12333,17,11920
12361,17,11921
12384,17,11922
12409,17,11923
12434,17,11924
12474,17,11925
12486,17,11926
12553,17,11927
12606,17,11928
12608,17,11929
12611,17,11930
12775,17,11931
12792,17,11932
12805,17,11933
12822,17,11934
12865,17,11935
12867,17,11936
12880,17,11937
12885,17,11938
12905,17,11939
12939,17,11940
13056,17,11941
13069,17,11942
13155,17,11943
13159,17,11944
13162,17,11945
13179,17,11946
13271,17,11947
13305,17,11948
13310,17,11949
13328,17,11950
13354,17,11951
13380,17,11952
13389,17,11953
13398,17,11954
13404,17,11955
13436,17,11956
13449,17,11957
13453,17,11958
13516,17,11959
13541,17,11960
13626,17,11961
13802,17,11962
13806,17,11963
13838,17,11964
13862,17,11965
13899,17,11966
13910,17,11967
13912,17,11968
13949,17,11969
14082,17,11970
14096,17,11971
14115,17,11972
14124,17,11973
14141,17,11974
14176,17,11975
14218,17,11976
14310,17,11977
14323,17,11978
14351,17,11979
14417,17,11980
14440,17,11981
14455,17,11982
14465,17,11983
14537,17,11984
14629,17,11985
14673,17,11986
14681,17,11987
14703,17,11988
14720,17,11989
14722,17,11990
14724,17,11991
14737,17,11992
14750,17,11993
14777,17,11994
14795,17,11995
14829,17,11996
14848,17,11997
14891,17,11998
14920,17,11999
14973,17,12000
14986,17,12001
15026,17,12002
15061,17,12003
15079,17,12004
15083,17,12005
15085,17,12006
15163,17,12007
15191,17,12008
15205,17,12009
15247,17,12010
15260,17,12011
15273,17,12012
15309,17,12013
15328,17,12014
15331,17,12015
15340,17,12016
15353,17,12017
15354,17,12018
15359,17,12019
15366,17,12020
15373,17,12021
15385,17,12022
15391,17,12023
15423,17,12024
15450,17,12025
15471,17,12026
15476,17,12027
15508,17,12028
15548,17,12029
15568,17,12030
15570,17,12031
15706,17,12032
15715,17,12033
15773,17,12034
15782,17,12035
15803,17,12036
15805,17,12037
15821,17,12038
15860,17,12039
15897,17,12040
15978,17,12041
16038,17,12042
16054,17,12043
16156,17,12044
16215,17,12045
16294,17,12046
16337,17,12047
16374,17,12048
16459,17,12049
16481,17,12050
16513,17,12051
16571,17,12052
16579,17,12053
16657,17,12054
16659,17,12055
16699,17,12056
16727,17,12057
16729,17,12058
16750,17,12059
16778,17,12060
16815,17,12061
16840,17,12062
16851,17,12063
16861,17,12064
16892,17,12065
16933,17,12066
16937,17,12067
17063,17,12068
17090,17,12069
17118,17,12070
17120,17,12071
17147,17,12072
17182,17,12073
17187,17,12074
17232,17,12075
17280,17,12076
17297,17,12077
17333,17,12078
17376,17,12079
17434,17,12080
17463,17,12081
17552,17,12082
17588,17,12083
17593,17,12084
17603,17,12085
17614,17,12086
17687,17,12087
17702,17,12088
17707,17,12089
17823,17,12090
17835,17,12091
17865,17,12092
17966,17,12093
18009,17,12094
18012,17,12095
18029,17,12096
18086,17,12097
18143,17,12098
18188,17,12099
18252,17,12100
18304,17,12101
18339,17,12102
18401,17,12103
18416,17,12104
18430,17,12105
18449,17,12106
18485,17,12107
18502,17,12108
18596,17,12109
18661,17,12110
18672,17,12111
18679,17,12112
18728,17,12113
18769,17,12114
18804,17,12115
18829,17,12116
18834,17,12117
18835,17,12118
18900,17,12119
18921,17,12120
18933,17,12121
18944,17,12122
18948,17,12123
19032,17,12124
19084,17,12125
19091,17,12126
19098,17,12127
19111,17,12128
19115,17,12129
19118,17,12130
19235,17,12131
19336,17,12132
19375,17,12133
19397,17,12134
19409,17,12135
19458,17,12136
19488,17,12137
19626,17,12138
19647,17,12139
19684,17,12140
19685,17,12141
19686,17,12142
19706,17,12143
19713,17,12144
19730,17,12145
19747,17,12146
19762,17,12147
19770,17,12148
19899,17,12149
19907,17,12150
19915,17,12151
19962,17,12152
19991,17,12153
19994,17,12154
20003,17,12155
20016,17,12156
20018,17,12157
20037,17,12158
20066,17,12159
20082,17,12160
20097,17,12161
20164,17,12162
20185,17,12163
20210,17,12164
20233,17,12165
20241,17,12166
20253,17,12167
20254,17,12168
20260,17,12169
20310,17,12170
20323,17,12171
20344,17,12172
20536,17,12173
20656,17,12174
20663,17,12175
20684,17,12176
20690,17,12177
20780,17,12178
20797,17,12179
20820,17,12180
20891,17,12181
21015,17,12182
21016,17,12183
21030,17,12184
21187,17,12185
21193,17,12186
21244,17,12187
21273,17,12188
21275,17,12189
21327,17,12190
21336,17,12191
21355,17,12192
21362,17,12193
21379,17,12194
21400,17,12195
21421,17,12196
21447,17,12197
21462,17,12198
21468,17,12199
21513,17,12200
21532,17,12201
21589,17,12202
21612,17,12203
21618,17,12204
21636,17,12205
21737,17,12206
21738,17,12207
21743,17,12208
21752,17,12209
21791,17,12210
21805,17,12211
21831,17,12212
21866,17,12213
21874,17,12214
21878,17,12215
21896,17,12216
21899,17,12217
21928,17,12218
21937,17,12219
21949,17,12220
21951,17,12221
22008,17,12222
22014,17,12223
22015,17,12224
22063,17,12225
22065,17,12226
22130,17,12227
22178,17,12228
22192,17,12229
22197,17,12230
22275,17,12231
22279,17,12232
22408,17,12233
22458,17,12234
22462,17,12235
22543,17,12236
22567,17,12237
22581,17,12238
22689,17,12239
22699,17,12240
22717,17,12241
22720,17,12242
22782,17,12243
22818,17,12244
22823,17,12245
22889,17,12246
22891,17,12247
23024,17,12248
23071,17,12249
23089,17,12250
23114,17,12251
23148,17,12252
23210,17,12253
23226,17,12254
23330,17,12255
23368,17,12256
23371,17,12257
23389,17,12258
23395,17,12259
23444,17,12260
23473,17,12261
23498,17,12262
23530,17,12263
23544,17,12264
23557,17,12265
23585,17,12266
23634,17,12267
23649,17,12268
23708,17,12269
23733,17,12270
23759,17,12271
23858,17,12272
23871,17,12273
23878,17,12274
23917,17,12275
23930,17,12276
23947,17,12277
24011,17,12278
24076,17,12279
24187,17,12280
24219,17,12281
24305,17,12282
24352,17,12283
24381,17,12284
24431,17,12285
24452,17,12286
24455,17,12287
24464,17,12288
24465,17,12289
24471,17,12290
24475,17,12291
24536,17,12292
24552,17,12293
24556,17,12294
24582,17,12295
24610,17,12296
24634,17,12297
24642,17,12298
24750,17,12299
24802,17,12300
24811,17,12301
24858,17,12302
24865,17,12303
24870,17,12304
24904,17,12305
24988,17,12306
25087,17,12307
25090,17,12308
25093,17,12309
25117,17,12310
25153,17,12311
25232,17,12312
25256,17,12313
25276,17,12314
25282,17,12315
25283,17,12316
25414,17,12317
25469,17,12318
25519,17,12319
25533,17,12320
25534,17,12321
25568,17,12322
25635,17,12323
25646,17,12324
25655,17,12325
25657,17,12326
25664,17,12327
25690,17,12328
25693,17,12329
25720,17,12330
25760,17,12331
25852,17,12332
25955,17,12333
25986,17,12334
26026,17,12335
26102,17,12336
26149,17,12337
26187,17,12338
26209,17,12339
26284,17,12340
26290,17,12341
26311,17,12342
26324,17,12343
26326,17,12344
26349,17,12345
26411,17,12346
26433,17,12347
26437,17,12348
26460,17,12349
26489,17,12350
26533,17,12351
26617,17,12352
26622,17,12353
26629,17,12354
26632,17,12355
26679,17,12356
26733,17,12357
26755,17,12358
26832,17,12359
26851,17,12360
26863,17,12361
26910,17,12362
26956,17,12363
26973,17,12364
26977,17,12365
26998,17,12366
27006,17,12367
27010,17,12368
27011,17,12369
27028,17,12370
27034,17,12371
27036,17,12372
27046,17,12373
27070,17,12374
27079,17,12375
27086,17,12376
27130,17,12377
27207,17,12378
27244,17,12379
27277,17,12380
27279,17,12381
27289,17,12382
27292,17,12383
27303,17,12384
27310,17,12385
27320,17,12386
27382,17,12387
27399,17,12388
27476,17,12389
27546,17,12390
27555,17,12391
27591,17,12392
27622,17,12393
27657,17,12394
27698,17,12395
27710,17,12396
27780,17,12397
27905,17,12398
27983,17,12399
27988,17,12400
27996,17,12401
28035,17,12402
28084,17,12403
28111,17,12404
28189,17,12405
28205,17,12406
28261,17,12407
28336,17,12408
28340,17,12409
28391,17,12410
28465,17,12411
28491,17,12412
28670,17,12413
28756,17,12414
28757,17,12415
28798,17,12416
28802,17,12417
28813,17,12418
28832,17,12419
28834,17,12420
28895,17,12421
29008,17,12422
29009,17,12423
29025,17,12424
29053,17,12425
29112,17,12426
29185,17,12427
29188,17,12428
29200,17,12429
29279,17,12430
29290,17,12431
29371,17,12432
29438,17,12433
29463,17,12434
29512,17,12435
29523,17,12436
29536,17,12437
29538,17,12438
29599,17,12439
29771,17,12440
29775,17,12441
29825,17,12442
29839,17,12443
29842,17,12444
29853,17,12445
30020,17,12446
30042,17,12447
30092,17,12448
30127,17,12449
30168,17,12450
30260,17,12451
30277,17,12452
30412,17,12453
30459,17,12454
30495,17,12455
30556,17,12456
30557,17,12457
30579,17,12458
30595,17,12459
30631,17,12460
30634,17,12461
30789,17,12462
30794,17,12463
30804,17,12464
30814,17,12465
30837,17,12466
30843,17,12467
30845,17,12468
30851,17,12469
30867,17,12470
30910,17,12471
30946,17,12472
31023,17,12473
31025,17,12474
31101,17,12475
31145,17,12476
31307,17,12477
31385,17,12478
31422,17,12479
31479,17,12480
31508,17,12481
31539,17,12482
31548,17,12483
31569,17,12484
31573,17,12485
31593,17,12486
31596,17,12487
31665,17,12488
31695,17,12489
31742,17,12490
31751,17,12491
31769,17,12492
31823,17,12493
31833,17,12494
31852,17,12495
31857,17,12496
31864,17,12497
32068,17,12498
32070,17,12499
32178,17,12500
32280,17,12501
32297,17,12502
32301,17,12503
32340,17,12504
32341,17,12505
32376,17,12506
32412,17,12507
32485,17,12508
32625,17,12509
32716,17,12510
32733,17,12511
32752,17,12512
32754,17,12513
32859,17,12514
32921,17,12515
33001,17,12516
33064,17,12517
33118,17,12518
33124,17,12519
33158,17,12520
33191,17,12521
33204,17,12522
33224,17,12523
33264,17,12524
33278,17,12525
33307,17,12526
33335,17,12527
33375,17,12528
33382,17,12529
33455,17,12530
33595,17,12531
33631,17,12532
33637,17,12533
33719,17,12534
33826,17,12535
33895,17,12536
33955,17,12537
33999,17,12538
34094,17,12539
34167,17,12540
34244,17,12541
34258,17,12542
34274,17,12543
34282,17,12544
34328,17,12545
34370,17,12546
34446,17,12547
34713,17,12548
34785,17,12549
34798,17,12550
34854,17,12551
34861,17,12552
34922,17,12553
34993,17,12554
35184,17,12555
35217,17,12556
35225,17,12557
35238,17,12558
35244,17,12559
35360,17,12560
35399,17,12561
35409,17,12562
35426,17,12563
35633,17,12564
35731,17,12565
35773,17,12566
35821,17,12567
35940,17,12568
36014,17,12569
36015,17,12570
36044,17,12571
36143,17,12572
36158,17,12573
36273,17,12574
36335,17,12575
36389,17,12576
36406,17,12577
36414,17,12578
36481,17,12579
36490,17,12580
36512,17,12581
36632,17,12582
36717,17,12583
36722,17,12584
36731,17,12585
36764,17,12586
36873,17,12587
36895,17,12588
36933,17,12589
36956,17,12590
37111,17,12591
37137,17,12592
37166,17,12593
37234,17,12594
37367,17,12595
37379,17,12596
37539,17,12597
37625,17,12598
37667,17,12599
37700,17,12600
37709,17,12601
37747,17,12602
37833,17,12603
37892,17,12604
37898,17,12605
37924,17,12606
37927,17,12607
38079,17,12608
38095,17,12609
38101,17,12610
38134,17,12611
38137,17,12612
38208,17,12613
38217,17,12614
38235,17,12615
38249,17,12616
38308,17,12617
38344,17,12618
38424,17,12619
38455,17,12620
38458,17,12621
38497,17,12622
38626,17,12623
38852,17,12624
38910,17,12625
38963,17,12626
39104,17,12627
39170,17,12628
39344,17,12629
39454,17,12630
39548,17,12631
39570,17,12632
39590,17,12633
39671,17,12634
39725,17,12635
39759,17,12636
39761,17,12637
39942,17,12638
39983,17,12639
40280,17,12640
40361,17,12641
40613,17,12642
40626,17,12643
40667,17,12644
41,16,12645
79,16,12646
99,16,12647
108,16,12648
114,16,12649
146,16,12650
149,16,12651
193,16,12652
220,16,12653
259,16,12654
295,16,12655
332,16,12656
338,16,12657
345,16,12658
581,16,12659
625,16,12660
634,16,12661
660,16,12662
662,16,12663
671,16,12664
690,16,12665
743,16,12666
758,16,12667
769,16,12668
879,16,12669
889,16,12670
915,16,12671
995,16,12672
1037,16,12673
1045,16,12674
1080,16,12675
1097,16,12676
1118,16,12677
1137,16,12678
1170,16,12679
1216,16,12680
1235,16,12681
1291,16,12682
1329,16,12683
1340,16,12684
1360,16,12685
1451,16,12686
1501,16,12687
1599,16,12688
1645,16,12689
1688,16,12690
1696,16,12691
1815,16,12692
1825,16,12693
1867,16,12694
1868,16,12695
1932,16,12696
1942,16,12697
1946,16,12698
1974,16,12699
1976,16,12700
2021,16,12701
2062,16,12702
2094,16,12703
2110,16,12704
2139,16,12705
2183,16,12706
2191,16,12707
2230,16,12708
2233,16,12709
2297,16,12710
2340,16,12711
2416,16,12712
2423,16,12713
2429,16,12714
2477,16,12715
2497,16,12716
2513,16,12717
2537,16,12718
2561,16,12719
2577,16,12720
2591,16,12721
2606,16,12722
2617,16,12723
2618,16,12724
2657,16,12725
2661,16,12726
2669,16,12727
2677,16,12728
2695,16,12729
2816,16,12730
2888,16,12731
2915,16,12732
2916,16,12733
2928,16,12734
2930,16,12735
2980,16,12736
3000,16,12737
3067,16,12738
3135,16,12739
3141,16,12740
3165,16,12741
3178,16,12742
3184,16,12743
3186,16,12744
3209,16,12745
3235,16,12746
3249,16,12747
3280,16,12748
3329,16,12749
3336,16,12750
3337,16,12751
3380,16,12752
3381,16,12753
3389,16,12754
3408,16,12755
3428,16,12756
3438,16,12757
3544,16,12758
3631,16,12759
3632,16,12760
3713,16,12761
3716,16,12762
3733,16,12763
3762,16,12764
3774,16,12765
3805,16,12766
3826,16,12767
3834,16,12768
3852,16,12769
3867,16,12770
3893,16,12771
3911,16,12772
3926,16,12773
3952,16,12774
3971,16,12775
3986,16,12776
4014,16,12777
4035,16,12778
4109,16,12779
4144,16,12780
4168,16,12781
4175,16,12782
4197,16,12783
4204,16,12784
4205,16,12785
4226,16,12786
4232,16,12787
4243,16,12788
4286,16,12789
4333,16,12790
4345,16,12791
4360,16,12792
4376,16,12793
4406,16,12794
4459,16,12795
4467,16,12796
4533,16,12797
4548,16,12798
4667,16,12799
4681,16,12800
4711,16,12801
4748,16,12802
4868,16,12803
4886,16,12804
4901,16,12805
4928,16,12806
5028,16,12807
5059,16,12808
5068,16,12809
5085,16,12810
5119,16,12811
5133,16,12812
5148,16,12813
5187,16,12814
5190,16,12815
5227,16,12816
5233,16,12817
5291,16,12818
5309,16,12819
5319,16,12820
5326,16,12821
5327,16,12822
5328,16,12823
5369,16,12824
5420,16,12825
5446,16,12826
5481,16,12827
5498,16,12828
5525,16,12829
5549,16,12830
5576,16,12831
5638,16,12832
5645,16,12833
5648,16,12834
5660,16,12835
5723,16,12836
5759,16,12837
5786,16,12838
5792,16,12839
5816,16,12840
5824,16,12841
5864,16,12842
5874,16,12843
5884,16,12844
5937,16,12845
5938,16,12846
5946,16,12847
5948,16,12848
5966,16,12849
5971,16,12850
5994,16,12851
6021,16,12852
6032,16,12853
6048,16,12854
6193,16,12855
6203,16,12856
6220,16,12857
6244,16,12858
6269,16,12859
6274,16,12860
6286,16,12861
6318,16,12862
6331,16,12863
6343,16,12864
6352,16,12865
6417,16,12866
6435,16,12867
6439,16,12868
6454,16,12869
6467,16,12870
6528,16,12871
6540,16,12872
6582,16,12873
6586,16,12874
6614,16,12875
6615,16,12876
6670,16,12877
6703,16,12878
6731,16,12879
6816,16,12880
6850,16,12881
6861,16,12882
6918,16,12883
6926,16,12884
6952,16,12885
7072,16,12886
7086,16,12887
7094,16,12888
7096,16,12889
7103,16,12890
7112,16,12891
7115,16,12892
7117,16,12893
7153,16,12894
7175,16,12895
7179,16,12896
7233,16,12897
7289,16,12898
7370,16,12899
7387,16,12900
7421,16,12901
7445,16,12902
7449,16,12903
7474,16,12904
7505,16,12905
7577,16,12906
7619,16,12907
7645,16,12908
7646,16,12909
7660,16,12910
7692,16,12911
7807,16,12912
7813,16,12913
7815,16,12914
7816,16,12915
7818,16,12916
7849,16,12917
7875,16,12918
7913,16,12919
7919,16,12920
7926,16,12921
7929,16,12922
7937,16,12923
7981,16,12924
7984,16,12925
7988,16,12926
8051,16,12927
8092,16,12928
8166,16,12929
8186,16,12930
8188,16,12931
8215,16,12932
8217,16,12933
8238,16,12934
8244,16,12935
8255,16,12936
8286,16,12937
8310,16,12938
8390,16,12939
8399,16,12940
8484,16,12941
8506,16,12942
8671,16,12943
8683,16,12944
8718,16,12945
8737,16,12946
8740,16,12947
8770,16,12948
8808,16,12949
8858,16,12950
8899,16,12951
8933,16,12952
8996,16,12953
9056,16,12954
9064,16,12955
9066,16,12956
9124,16,12957
9168,16,12958
9215,16,12959
9249,16,12960
9262,16,12961
9267,16,12962
9289,16,12963
9290,16,12964
9299,16,12965
9301,16,12966
9371,16,12967
9378,16,12968
9379,16,12969
9407,16,12970
9462,16,12971
9503,16,12972
9586,16,12973
9600,16,12974
9638,16,12975
9653,16,12976
9659,16,12977
9695,16,12978
9752,16,12979
9801,16,12980
9834,16,12981
9888,16,12982
9957,16,12983
9991,16,12984
10020,16,12985
10021,16,12986
10073,16,12987
10107,16,12988
10110,16,12989
10138,16,12990
10156,16,12991
10184,16,12992
10186,16,12993
10192,16,12994
10198,16,12995
10208,16,12996
10227,16,12997
10292,16,12998
10295,16,12999
10305,16,13000
10347,16,13001
10359,16,13002
10379,16,13003
10390,16,13004
10403,16,13005
10459,16,13006
10468,16,13007
10543,16,13008
10606,16,13009
10688,16,13010
10712,16,13011
10752,16,13012
10754,16,13013
10759,16,13014
10852,16,13015
10892,16,13016
10893,16,13017
10919,16,13018
10922,16,13019
10935,16,13020
11007,16,13021
11049,16,13022
11085,16,13023
11107,16,13024
11125,16,13025
11139,16,13026
11143,16,13027
11151,16,13028
11168,16,13029
11177,16,13030
11246,16,13031
11257,16,13032
11259,16,13033
11267,16,13034
11268,16,13035
11278,16,13036
11308,16,13037
11394,16,13038
11414,16,13039
11427,16,13040
11441,16,13041
11454,16,13042
11462,16,13043
11544,16,13044
11546,16,13045
11633,16,13046
11695,16,13047
11738,16,13048
11812,16,13049
11822,16,13050
11866,16,13051
11881,16,13052
11893,16,13053
11975,16,13054
11978,16,13055
12021,16,13056
12072,16,13057
12081,16,13058
12097,16,13059
12152,16,13060
12208,16,13061
12218,16,13062
12222,16,13063
12420,16,13064
12429,16,13065
12449,16,13066
12493,16,13067
12575,16,13068
12596,16,13069
12619,16,13070
12620,16,13071
12673,16,13072
12703,16,13073
12706,16,13074
12721,16,13075
12744,16,13076
12768,16,13077
12780,16,13078
12881,16,13079
12891,16,13080
12908,16,13081
12942,16,13082
12947,16,13083
12988,16,13084
13018,16,13085
13123,16,13086
13169,16,13087
13209,16,13088
13231,16,13089
13238,16,13090
13309,16,13091
13342,16,13092
13353,16,13093
13385,16,13094
13395,16,13095
13438,16,13096
13465,16,13097
13477,16,13098
13499,16,13099
13511,16,13100
13519,16,13101
13529,16,13102
13537,16,13103
13555,16,13104
13563,16,13105
13592,16,13106
13707,16,13107
13761,16,13108
13769,16,13109
13817,16,13110
13847,16,13111
13879,16,13112
13911,16,13113
13936,16,13114
13950,16,13115
14002,16,13116
14011,16,13117
14028,16,13118
14119,16,13119
14123,16,13120
14196,16,13121
14232,16,13122
14270,16,13123
14305,16,13124
14341,16,13125
14393,16,13126
14464,16,13127
14476,16,13128
14497,16,13129
14499,16,13130
14518,16,13131
14543,16,13132
14575,16,13133
14590,16,13134
14685,16,13135
14711,16,13136
14726,16,13137
14768,16,13138
14794,16,13139
14824,16,13140
14844,16,13141
14884,16,13142
14885,16,13143
14910,16,13144
14921,16,13145
14943,16,13146
14966,16,13147
14996,16,13148
15005,16,13149
15008,16,13150
15010,16,13151
15034,16,13152
15052,16,13153
15066,16,13154
15071,16,13155
15074,16,13156
15136,16,13157
15167,16,13158
15208,16,13159
15228,16,13160
15253,16,13161
15396,16,13162
15452,16,13163
15496,16,13164
15549,16,13165
15552,16,13166
15558,16,13167
15573,16,13168
15582,16,13169
15595,16,13170
15634,16,13171
15654,16,13172
15696,16,13173
15728,16,13174
15764,16,13175
15774,16,13176
15852,16,13177
15920,16,13178
15930,16,13179
15931,16,13180
15941,16,13181
15950,16,13182
15962,16,13183
15990,16,13184
15992,16,13185
16063,16,13186
16126,16,13187
16142,16,13188
16177,16,13189
16206,16,13190
16212,16,13191
16216,16,13192
16217,16,13193
16234,16,13194
16236,16,13195
16250,16,13196
16315,16,13197
16339,16,13198
16347,16,13199
16352,16,13200
16410,16,13201
16436,16,13202
16478,16,13203
16482,16,13204
16483,16,13205
16501,16,13206
16529,16,13207
16534,16,13208
16606,16,13209
16671,16,13210
16686,16,13211
16718,16,13212
16917,16,13213
16919,16,13214
16924,16,13215
16974,16,13216
16992,16,13217
17069,16,13218
17099,16,13219
17119,16,13220
17133,16,13221
17164,16,13222
17212,16,13223
17312,16,13224
17317,16,13225
17334,16,13226
17348,16,13227
17397,16,13228
17435,16,13229
17443,16,13230
17468,16,13231
17488,16,13232
17532,16,13233
17568,16,13234
17577,16,13235
17584,16,13236
17602,16,13237
17618,16,13238
17676,16,13239
17721,16,13240
17759,16,13241
17780,16,13242
17783,16,13243
17792,16,13244
17845,16,13245
17891,16,13246
17939,16,13247
17977,16,13248
18019,16,13249
18020,16,13250
18024,16,13251
18076,16,13252
18117,16,13253
18128,16,13254
18159,16,13255
18165,16,13256
18175,16,13257
18225,16,13258
18287,16,13259
18330,16,13260
18343,16,13261
18346,16,13262
18376,16,13263
18388,16,13264
18417,16,13265
18515,16,13266
18549,16,13267
18556,16,13268
18657,16,13269
18658,16,13270
18690,16,13271
18691,16,13272
18697,16,13273
18711,16,13274
18725,16,13275
18793,16,13276
18817,16,13277
18865,16,13278
18873,16,13279
18895,16,13280
18911,16,13281
18917,16,13282
18934,16,13283
18977,16,13284
19018,16,13285
19019,16,13286
19022,16,13287
19043,16,13288
19049,16,13289
19054,16,13290
19158,16,13291
19166,16,13292
19192,16,13293
19215,16,13294
19241,16,13295
19247,16,13296
19301,16,13297
19365,16,13298
19380,16,13299
19407,16,13300
19423,16,13301
19429,16,13302
19441,16,13303
19475,16,13304
19487,16,13305
19548,16,13306
19576,16,13307
19578,16,13308
19603,16,13309
19612,16,13310
19711,16,13311
19883,16,13312
19939,16,13313
19957,16,13314
19993,16,13315
20024,16,13316
20045,16,13317
20086,16,13318
20114,16,13319
20188,16,13320
20195,16,13321
20341,16,13322
20343,16,13323
20348,16,13324
20363,16,13325
20428,16,13326
20432,16,13327
20448,16,13328
20469,16,13329
20574,16,13330
20603,16,13331
20628,16,13332
20673,16,13333
20675,16,13334
20679,16,13335
20738,16,13336
20752,16,13337
20756,16,13338
20865,16,13339
20871,16,13340
20901,16,13341
20928,16,13342
20935,16,13343
20994,16,13344
21006,16,13345
21100,16,13346
21114,16,13347
21124,16,13348
21134,16,13349
21162,16,13350
21222,16,13351
21269,16,13352
21278,16,13353
21313,16,13354
21345,16,13355
21351,16,13356
21366,16,13357
21373,16,13358
21426,16,13359
21436,16,13360
21467,16,13361
21493,16,13362
21565,16,13363
21569,16,13364
21592,16,13365
21594,16,13366
21602,16,13367
21606,16,13368
21678,16,13369
21711,16,13370
21723,16,13371
21736,16,13372
21772,16,13373
21790,16,13374
21842,16,13375
21872,16,13376
21911,16,13377
21978,16,13378
22024,16,13379
22101,16,13380
22110,16,13381
22121,16,13382
22162,16,13383
22209,16,13384
22220,16,13385
22305,16,13386
22332,16,13387
22340,16,13388
22350,16,13389
22353,16,13390
22383,16,13391
22393,16,13392
22443,16,13393
22479,16,13394
22532,16,13395
22576,16,13396
22601,16,13397
22638,16,13398
22703,16,13399
22705,16,13400
22741,16,13401
22767,16,13402
22813,16,13403
22836,16,13404
22861,16,13405
22922,16,13406
22932,16,13407
22971,16,13408
22979,16,13409
23079,16,13410
23092,16,13411
23119,16,13412
23149,16,13413
23156,16,13414
23176,16,13415
23206,16,13416
23271,16,13417
23276,16,13418
23281,16,13419
23309,16,13420
23363,16,13421
23376,16,13422
23418,16,13423
23442,16,13424
23523,16,13425
23629,16,13426
23660,16,13427
23711,16,13428
23761,16,13429
23781,16,13430
23794,16,13431
23948,16,13432
23955,16,13433
23961,16,13434
23983,16,13435
23992,16,13436
24063,16,13437
24080,16,13438
24124,16,13439
24152,16,13440
24163,16,13441
24176,16,13442
24183,16,13443
24255,16,13444
24300,16,13445
24309,16,13446
24314,16,13447
24360,16,13448
24382,16,13449
24429,16,13450
24439,16,13451
24459,16,13452
24484,16,13453
24490,16,13454
24498,16,13455
24504,16,13456
24511,16,13457
24532,16,13458
24539,16,13459
24565,16,13460
24596,16,13461
24640,16,13462
24644,16,13463
24653,16,13464
24662,16,13465
24754,16,13466
24826,16,13467
24881,16,13468
24896,16,13469
24991,16,13470
25011,16,13471
25069,16,13472
25085,16,13473
25122,16,13474
25165,16,13475
25186,16,13476
25199,16,13477
25225,16,13478
25235,16,13479
25265,16,13480
25331,16,13481
25422,16,13482
25510,16,13483
25548,16,13484
25560,16,13485
25580,16,13486
25630,16,13487
25687,16,13488
25710,16,13489
25742,16,13490
25762,16,13491
25776,16,13492
25777,16,13493
25803,16,13494
25829,16,13495
25845,16,13496
25851,16,13497
25870,16,13498
25880,16,13499
25977,16,13500
25980,16,13501
26009,16,13502
26025,16,13503
26086,16,13504
26088,16,13505
26120,16,13506
26147,16,13507
26154,16,13508
26258,16,13509
26266,16,13510
26337,16,13511
26359,16,13512
26434,16,13513
26452,16,13514
26551,16,13515
26564,16,13516
26570,16,13517
26613,16,13518
26634,16,13519
26644,16,13520
26712,16,13521
26749,16,13522
26767,16,13523
26791,16,13524
26836,16,13525
26841,16,13526
26853,16,13527
26867,16,13528
26870,16,13529
26871,16,13530
26884,16,13531
26928,16,13532
26944,16,13533
27121,16,13534
27214,16,13535
27253,16,13536
27283,16,13537
27317,16,13538
27341,16,13539
27379,16,13540
27406,16,13541
27420,16,13542
27428,16,13543
27450,16,13544
27463,16,13545
27487,16,13546
27515,16,13547
27524,16,13548
27534,16,13549
27542,16,13550
27547,16,13551
27553,16,13552
27615,16,13553
27618,16,13554
27619,16,13555
27625,16,13556
27637,16,13557
27656,16,13558
27709,16,13559
27733,16,13560
27757,16,13561
27766,16,13562
27827,16,13563
27908,16,13564
27913,16,13565
27961,16,13566
28046,16,13567
28051,16,13568
28061,16,13569
28169,16,13570
28183,16,13571
28203,16,13572
28213,16,13573
28263,16,13574
28305,16,13575
28323,16,13576
28379,16,13577
28385,16,13578
28414,16,13579
28528,16,13580
28537,16,13581
28585,16,13582
28621,16,13583
28702,16,13584
28717,16,13585
28748,16,13586
28785,16,13587
28788,16,13588
28810,16,13589
28855,16,13590
28886,16,13591
28887,16,13592
28890,16,13593
29011,16,13594
29023,16,13595
29058,16,13596
29076,16,13597
29104,16,13598
29196,16,13599
29201,16,13600
29215,16,13601
29218,16,13602
29232,16,13603
29233,16,13604
29349,16,13605
29362,16,13606
29367,16,13607
29394,16,13608
29478,16,13609
29504,16,13610
29568,16,13611
29600,16,13612
29603,16,13613
29610,16,13614
29715,16,13615
29716,16,13616
29717,16,13617
29723,16,13618
29729,16,13619
29792,16,13620
29827,16,13621
29925,16,13622
29951,16,13623
29960,16,13624
29975,16,13625
29989,16,13626
29998,16,13627
30036,16,13628
30106,16,13629
30107,16,13630
30132,16,13631
30137,16,13632
30177,16,13633
30183,16,13634
30197,16,13635
30199,16,13636
30268,16,13637
30293,16,13638
30310,16,13639
30319,16,13640
30402,16,13641
30483,16,13642
30492,16,13643
30529,16,13644
30531,16,13645
30583,16,13646
30662,16,13647
30722,16,13648
30769,16,13649
30791,16,13650
30816,16,13651
30969,16,13652
31036,16,13653
31100,16,13654
31148,16,13655
31175,16,13656
31303,16,13657
31364,16,13658
31383,16,13659
31393,16,13660
31406,16,13661
31488,16,13662
31633,16,13663
31701,16,13664
31739,16,13665
31767,16,13666
31815,16,13667
31845,16,13668
31858,16,13669
31877,16,13670
31879,16,13671
31993,16,13672
32001,16,13673
32026,16,13674
32040,16,13675
32061,16,13676
32087,16,13677
32155,16,13678
32195,16,13679
32213,16,13680
32240,16,13681
32250,16,13682
32268,16,13683
32281,16,13684
32283,16,13685
32317,16,13686
32328,16,13687
32445,16,13688
32478,16,13689
32557,16,13690
32582,16,13691
32598,16,13692
32622,16,13693
32674,16,13694
32691,16,13695
32728,16,13696
32776,16,13697
32778,16,13698
32814,16,13699
32815,16,13700
32824,16,13701
32938,16,13702
32967,16,13703
32970,16,13704
32976,16,13705
33092,16,13706
33094,16,13707
33112,16,13708
33196,16,13709
33197,16,13710
33217,16,13711
33218,16,13712
33239,16,13713
33240,16,13714
33284,16,13715
33318,16,13716
33361,16,13717
33390,16,13718
33395,16,13719
33479,16,13720
33482,16,13721
33489,16,13722
33519,16,13723
33521,16,13724
33532,16,13725
33537,16,13726
33563,16,13727
33647,16,13728
33768,16,13729
33779,16,13730
33819,16,13731
33972,16,13732
33998,16,13733
34003,16,13734
34095,16,13735
34096,16,13736
34125,16,13737
34182,16,13738
34193,16,13739
34236,16,13740
34249,16,13741
34251,16,13742
34267,16,13743
34300,16,13744
34321,16,13745
34409,16,13746
34447,16,13747
34450,16,13748
34456,16,13749
34576,16,13750
34704,16,13751
34745,16,13752
34882,16,13753
34942,16,13754
34954,16,13755
34961,16,13756
35028,16,13757
35093,16,13758
35243,16,13759
35331,16,13760
35384,16,13761
35386,16,13762
35413,16,13763
35448,16,13764
35491,16,13765
35498,16,13766
35499,16,13767
35550,16,13768
35562,16,13769
35590,16,13770
35601,16,13771
35641,16,13772
35724,16,13773
35735,16,13774
35737,16,13775
35749,16,13776
35805,16,13777
35820,16,13778
35822,16,13779
35823,16,13780
35826,16,13781
35831,16,13782
35877,16,13783
35890,16,13784
36073,16,13785
36175,16,13786
36192,16,13787
36219,16,13788
36251,16,13789
36326,16,13790
36417,16,13791
36419,16,13792
36473,16,13793
36492,16,13794
36510,16,13795
36548,16,13796
36556,16,13797
36600,16,13798
36620,16,13799
36796,16,13800
36841,16,13801
36869,16,13802
36870,16,13803
36874,16,13804
36996,16,13805
37029,16,13806
37040,16,13807
37124,16,13808
37192,16,13809
37237,16,13810
37358,16,13811
37382,16,13812
37391,16,13813
37417,16,13814
37476,16,13815
37485,16,13816
37562,16,13817
37582,16,13818
37687,16,13819
37710,16,13820
37794,16,13821
37827,16,13822
37836,16,13823
37897,16,13824
38108,16,13825
38210,16,13826
38215,16,13827
38220,16,13828
38369,16,13829
38427,16,13830
38470,16,13831
38492,16,13832
38637,16,13833
38662,16,13834
38679,16,13835
38857,16,13836
38907,16,13837
38921,16,13838
38928,16,13839
38937,16,13840
39082,16,13841
39086,16,13842
39090,16,13843
39091,16,13844
39111,16,13845
39129,16,13846
39181,16,13847
39202,16,13848
39336,16,13849
39372,16,13850
39448,16,13851
39505,16,13852
39628,16,13853
39651,16,13854
39708,16,13855
39843,16,13856
39870,16,13857
39944,16,13858
39945,16,13859
39997,16,13860
40141,16,13861
40250,16,13862
40324,16,13863
40378,16,13864
40479,16,13865
40593,16,13866
63,15,13867
92,15,13868
119,15,13869
125,15,13870
140,15,13871
322,15,13872
352,15,13873
360,15,13874
428,15,13875
436,15,13876
516,15,13877
597,15,13878
607,15,13879
613,15,13880
702,15,13881
710,15,13882
712,15,13883
715,15,13884
734,15,13885
752,15,13886
795,15,13887
813,15,13888
816,15,13889
818,15,13890
847,15,13891
960,15,13892
1024,15,13893
1059,15,13894
1089,15,13895
1117,15,13896
1135,15,13897
1140,15,13898
1222,15,13899
1247,15,13900
1281,15,13901
1318,15,13902
1327,15,13903
1339,15,13904
1345,15,13905
1347,15,13906
1401,15,13907
1415,15,13908
1423,15,13909
1499,15,13910
1523,15,13911
1575,15,13912
1585,15,13913
1626,15,13914
1681,15,13915
1686,15,13916
1858,15,13917
1861,15,13918
1862,15,13919
1866,15,13920
1872,15,13921
1901,15,13922
1903,15,13923
1913,15,13924
1929,15,13925
2048,15,13926
2057,15,13927
2161,15,13928
2169,15,13929
2223,15,13930
2271,15,13931
2414,15,13932
2446,15,13933
2475,15,13934
2480,15,13935
2496,15,13936
2515,15,13937
2519,15,13938
2603,15,13939
2629,15,13940
2643,15,13941
2733,15,13942
2744,15,13943
2756,15,13944
2783,15,13945
2793,15,13946
2805,15,13947
2848,15,13948
2857,15,13949
2885,15,13950
2989,15,13951
3020,15,13952
3066,15,13953
3159,15,13954
3204,15,13955
3222,15,13956
3236,15,13957
3239,15,13958
3259,15,13959
3433,15,13960
3435,15,13961
3466,15,13962
3505,15,13963
3515,15,13964
3548,15,13965
3558,15,13966
3579,15,13967
3620,15,13968
3659,15,13969
3682,15,13970
3693,15,13971
3714,15,13972
3754,15,13973
3761,15,13974
3771,15,13975
3783,15,13976
3789,15,13977
3807,15,13978
3838,15,13979
3860,15,13980
3879,15,13981
3923,15,13982
3938,15,13983
3961,15,13984
3977,15,13985
3983,15,13986
3994,15,13987
4057,15,13988
4073,15,13989
4083,15,13990
4084,15,13991
4105,15,13992
4108,15,13993
4138,15,13994
4178,15,13995
4183,15,13996
4192,15,13997
4217,15,13998
4219,15,13999
4240,15,14000
4266,15,14001
4287,15,14002
4335,15,14003
4355,15,14004
4368,15,14005
4374,15,14006
4395,15,14007
4408,15,14008
4423,15,14009
4425,15,14010
4443,15,14011
4474,15,14012
4494,15,14013
4516,15,14014
4551,15,14015
4566,15,14016
4613,15,14017
4671,15,14018
4672,15,14019
4683,15,14020
4703,15,14021
4733,15,14022
4745,15,14023
4762,15,14024
4814,15,14025
4846,15,14026
4852,15,14027
4867,15,14028
4911,15,14029
4972,15,14030
4992,15,14031
5007,15,14032
5016,15,14033
5032,15,14034
5035,15,14035
5038,15,14036
5123,15,14037
5169,15,14038
5203,15,14039
5220,15,14040
5229,15,14041
5301,15,14042
5307,15,14043
5308,15,14044
5341,15,14045
5372,15,14046
5392,15,14047
5394,15,14048
5401,15,14049
5403,15,14050
5411,15,14051
5414,15,14052
5461,15,14053
5563,15,14054
5570,15,14055
5611,15,14056
5616,15,14057
5644,15,14058
5666,15,14059
5671,15,14060
5677,15,14061
5681,15,14062
5684,15,14063
5708,15,14064
5721,15,14065
5906,15,14066
5908,15,14067
5918,15,14068
5930,15,14069
6003,15,14070
6082,15,14071
6200,15,14072
6209,15,14073
6210,15,14074
6221,15,14075
6226,15,14076
6235,15,14077
6297,15,14078
6306,15,14079
6337,15,14080
6339,15,14081
6342,15,14082
6395,15,14083
6506,15,14084
6515,15,14085
6519,15,14086
6538,15,14087
6544,15,14088
6562,15,14089
6566,15,14090
6602,15,14091
6669,15,14092
6691,15,14093
6714,15,14094
6720,15,14095
6742,15,14096
6759,15,14097
6771,15,14098
6787,15,14099
6840,15,14100
6868,15,14101
6876,15,14102
6885,15,14103
6892,15,14104
6899,15,14105
6932,15,14106
6937,15,14107
6955,15,14108
6958,15,14109
6964,15,14110
6974,15,14111
7049,15,14112
7053,15,14113
7126,15,14114
7157,15,14115
7176,15,14116
7197,15,14117
7198,15,14118
7202,15,14119
7232,15,14120
7275,15,14121
7280,15,14122
7297,15,14123
7300,15,14124
7319,15,14125
7339,15,14126
7380,15,14127
7381,15,14128
7386,15,14129
7403,15,14130
7444,15,14131
7456,15,14132
7472,15,14133
7487,15,14134
7497,15,14135
7498,15,14136
7517,15,14137
7532,15,14138
7536,15,14139
7545,15,14140
7562,15,14141
7563,15,14142
7565,15,14143
7613,15,14144
7675,15,14145
7679,15,14146
7680,15,14147
7685,15,14148
7707,15,14149
7712,15,14150
7716,15,14151
7729,15,14152
7752,15,14153
7754,15,14154
7786,15,14155
7788,15,14156
7796,15,14157
7953,15,14158
7980,15,14159
8015,15,14160
8023,15,14161
8038,15,14162
8050,15,14163
8077,15,14164
8096,15,14165
8102,15,14166
8107,15,14167
8131,15,14168
8147,15,14169
8153,15,14170
8178,15,14171
8195,15,14172
8207,15,14173
8210,15,14174
8222,15,14175
8230,15,14176
8254,15,14177
8256,15,14178
8276,15,14179
8306,15,14180
8339,15,14181
8347,15,14182
8414,15,14183
8419,15,14184
8436,15,14185
8461,15,14186
8469,15,14187
8486,15,14188
8488,15,14189
8495,15,14190
8510,15,14191
8574,15,14192
8578,15,14193
8607,15,14194
8629,15,14195
8656,15,14196
8666,15,14197
8669,15,14198
8692,15,14199
8694,15,14200
8706,15,14201
8807,15,14202
8809,15,14203
8826,15,14204
8857,15,14205
8886,15,14206
8923,15,14207
8970,15,14208
8993,15,14209
8999,15,14210
9023,15,14211
9032,15,14212
9045,15,14213
9059,15,14214
9103,15,14215
9105,15,14216
9108,15,14217
9157,15,14218
9207,15,14219
9225,15,14220
9273,15,14221
9388,15,14222
9406,15,14223
9419,15,14224
9422,15,14225
9430,15,14226
9433,15,14227
9449,15,14228
9450,15,14229
9473,15,14230
9498,15,14231
9521,15,14232
9530,15,14233
9547,15,14234
9549,15,14235
9567,15,14236
9572,15,14237
9589,15,14238
9664,15,14239
9679,15,14240
9680,15,14241
9724,15,14242
9725,15,14243
9750,15,14244
9753,15,14245
9780,15,14246
9798,15,14247
9812,15,14248
9819,15,14249
9820,15,14250
9828,15,14251
9856,15,14252
9893,15,14253
9906,15,14254
9942,15,14255
9977,15,14256
10003,15,14257
10036,15,14258
10042,15,14259
10048,15,14260
10057,15,14261
10114,15,14262
10118,15,14263
10121,15,14264
10144,15,14265
10155,15,14266
10171,15,14267
10219,15,14268
10235,15,14269
10244,15,14270
10319,15,14271
10413,15,14272
10433,15,14273
10434,15,14274
10457,15,14275
10461,15,14276
10462,15,14277
10489,15,14278
10506,15,14279
10636,15,14280
10723,15,14281
10750,15,14282
10771,15,14283
10791,15,14284
10849,15,14285
10895,15,14286
10944,15,14287
10956,15,14288
10959,15,14289
10974,15,14290
10981,15,14291
11038,15,14292
11050,15,14293
11060,15,14294
11070,15,14295
11150,15,14296
11157,15,14297
11223,15,14298
11228,15,14299
11234,15,14300
11252,15,14301
11255,15,14302
11290,15,14303
11298,15,14304
11360,15,14305
11371,15,14306
11401,15,14307
11417,15,14308
11432,15,14309
11509,15,14310
11518,15,14311
11530,15,14312
11586,15,14313
11592,15,14314
11629,15,14315
11640,15,14316
11683,15,14317
11692,15,14318
11729,15,14319
11749,15,14320
11792,15,14321
11852,15,14322
11869,15,14323
11885,15,14324
11964,15,14325
11972,15,14326
11974,15,14327
11998,15,14328
12000,15,14329
12010,15,14330
12033,15,14331
12057,15,14332
12068,15,14333
12134,15,14334
12153,15,14335
12156,15,14336
12223,15,14337
12229,15,14338
12249,15,14339
12264,15,14340
12294,15,14341
12315,15,14342
12326,15,14343
12335,15,14344
12347,15,14345
12371,15,14346
12380,15,14347
12458,15,14348
12468,15,14349
12470,15,14350
12490,15,14351
12504,15,14352
12547,15,14353
12562,15,14354
12573,15,14355
12578,15,14356
12660,15,14357
12683,15,14358
12707,15,14359
12711,15,14360
12751,15,14361
12753,15,14362
12771,15,14363
12803,15,14364
12856,15,14365
12857,15,14366
12860,15,14367
12901,15,14368
12921,15,14369
12934,15,14370
12954,15,14371
12964,15,14372
12990,15,14373
13012,15,14374
13043,15,14375
13067,15,14376
13084,15,14377
13090,15,14378
13122,15,14379
13131,15,14380
13134,15,14381
13174,15,14382
13218,15,14383
13242,15,14384
13255,15,14385
13269,15,14386
13279,15,14387
13283,15,14388
13289,15,14389
13332,15,14390
13352,15,14391
13435,15,14392
13448,15,14393
13455,15,14394
13459,15,14395
13466,15,14396
13495,15,14397
13515,15,14398
13521,15,14399
13528,15,14400
13542,15,14401
13574,15,14402
13602,15,14403
13627,15,14404
13630,15,14405
13658,15,14406
13716,15,14407
13735,15,14408
13790,15,14409
13844,15,14410
13863,15,14411
13864,15,14412
13887,15,14413
13919,15,14414
13970,15,14415
13976,15,14416
13988,15,14417
13995,15,14418
14010,15,14419
14025,15,14420
14044,15,14421
14055,15,14422
14076,15,14423
14109,15,14424
14116,15,14425
14144,15,14426
14158,15,14427
14169,15,14428
14173,15,14429
14191,15,14430
14197,15,14431
14211,15,14432
14221,15,14433
14249,15,14434
14267,15,14435
14277,15,14436
14292,15,14437
14303,15,14438
14326,15,14439
14335,15,14440
14345,15,14441
14349,15,14442
14368,15,14443
14445,15,14444
14506,15,14445
14509,15,14446
14520,15,14447
14527,15,14448
14557,15,14449
14573,15,14450
14589,15,14451
14599,15,14452
14641,15,14453
14660,15,14454
14710,15,14455
14746,15,14456
14762,15,14457
14787,15,14458
14796,15,14459
14807,15,14460
14818,15,14461
14855,15,14462
14858,15,14463
14860,15,14464
14865,15,14465
14929,15,14466
14945,15,14467
14965,15,14468
14976,15,14469
15069,15,14470
15094,15,14471
15100,15,14472
15212,15,14473
15216,15,14474
15231,15,14475
15234,15,14476
15239,15,14477
15266,15,14478
15267,15,14479
15283,15,14480
15287,15,14481
15326,15,14482
15330,15,14483
15364,15,14484
15376,15,14485
15416,15,14486
15443,15,14487
15444,15,14488
15453,15,14489
15510,15,14490
15521,15,14491
15526,15,14492
15528,15,14493
15543,15,14494
15587,15,14495
15599,15,14496
15636,15,14497
15640,15,14498
15643,15,14499
15655,15,14500
15681,15,14501
15689,15,14502
15741,15,14503
15758,15,14504
15760,15,14505
15761,15,14506
15849,15,14507
15871,15,14508
15886,15,14509
15899,15,14510
15915,15,14511
15993,15,14512
15998,15,14513
16027,15,14514
16048,15,14515
16072,15,14516
16077,15,14517
16093,15,14518
16119,15,14519
16147,15,14520
16185,15,14521
16203,15,14522
16205,15,14523
16237,15,14524
16272,15,14525
16331,15,14526
16335,15,14527
16336,15,14528
16338,15,14529
16342,15,14530
16343,15,14531
16361,15,14532
16371,15,14533
16388,15,14534
16413,15,14535
16438,15,14536
16441,15,14537
16480,15,14538
16497,15,14539
16524,15,14540
16536,15,14541
16550,15,14542
16552,15,14543
16565,15,14544
16578,15,14545
16609,15,14546
16655,15,14547
16658,15,14548
16670,15,14549
16682,15,14550
16731,15,14551
16744,15,14552
16794,15,14553
16802,15,14554
16847,15,14555
16857,15,14556
16871,15,14557
16884,15,14558
16895,15,14559
16909,15,14560
16936,15,14561
16954,15,14562
16977,15,14563
16985,15,14564
16994,15,14565
17002,15,14566
17018,15,14567
17052,15,14568
17089,15,14569
17137,15,14570
17155,15,14571
17160,15,14572
17294,15,14573
17319,15,14574
17367,15,14575
17439,15,14576
17475,15,14577
17494,15,14578
17503,15,14579
17521,15,14580
17533,15,14581
17560,15,14582
17566,15,14583
17570,15,14584
17583,15,14585
17587,15,14586
17592,15,14587
17595,15,14588
17608,15,14589
17655,15,14590
17709,15,14591
17740,15,14592
17753,15,14593
17765,15,14594
17814,15,14595
17819,15,14596
17833,15,14597
17838,15,14598
17842,15,14599
17885,15,14600
17904,15,14601
17908,15,14602
17909,15,14603
17949,15,14604
17984,15,14605
17986,15,14606
18005,15,14607
18018,15,14608
18040,15,14609
18044,15,14610
18046,15,14611
18057,15,14612
18101,15,14613
18147,15,14614
18154,15,14615
18173,15,14616
18174,15,14617
18194,15,14618
18195,15,14619
18228,15,14620
18240,15,14621
18257,15,14622
18372,15,14623
18387,15,14624
18395,15,14625
18396,15,14626
18397,15,14627
18426,15,14628
18441,15,14629
18442,15,14630
18448,15,14631
18464,15,14632
18472,15,14633
18474,15,14634
18501,15,14635
18525,15,14636
18569,15,14637
18571,15,14638
18573,15,14639
18575,15,14640
18597,15,14641
18688,15,14642
18785,15,14643
18844,15,14644
18850,15,14645
18854,15,14646
18859,15,14647
18891,15,14648
18931,15,14649
18935,15,14650
18936,15,14651
18988,15,14652
19057,15,14653
19063,15,14654
19103,15,14655
19146,15,14656
19169,15,14657
19173,15,14658
19182,15,14659
19211,15,14660
19249,15,14661
19264,15,14662
19278,15,14663
19281,15,14664
19290,15,14665
19320,15,14666
19344,15,14667
19355,15,14668
19389,15,14669
19408,15,14670
19443,15,14671
19447,15,14672
19462,15,14673
19470,15,14674
19481,15,14675
19507,15,14676
19538,15,14677
19545,15,14678
19558,15,14679
19562,15,14680
19585,15,14681
19600,15,14682
19613,15,14683
19629,15,14684
19645,15,14685
19705,15,14686
19721,15,14687
19725,15,14688
19737,15,14689
19751,15,14690
19766,15,14691
19772,15,14692
19790,15,14693
19797,15,14694
19803,15,14695
19821,15,14696
19844,15,14697
19845,15,14698
19860,15,14699
19885,15,14700
19895,15,14701
19896,15,14702
19926,15,14703
20064,15,14704
20072,15,14705
20085,15,14706
20101,15,14707
20143,15,14708
20147,15,14709
20255,15,14710
20354,15,14711
20361,15,14712
20368,15,14713
20374,15,14714
20384,15,14715
20404,15,14716
20479,15,14717
20482,15,14718
20501,15,14719
20512,15,14720
20527,15,14721
20542,15,14722
20592,15,14723
20626,15,14724
20627,15,14725
20645,15,14726
20661,15,14727
20693,15,14728
20704,15,14729
20706,15,14730
20710,15,14731
20750,15,14732
20760,15,14733
20772,15,14734
20778,15,14735
20798,15,14736
20874,15,14737
20890,15,14738
20898,15,14739
20914,15,14740
20930,15,14741
20937,15,14742
20953,15,14743
20964,15,14744
21039,15,14745
21168,15,14746
21197,15,14747
21203,15,14748
21258,15,14749
21317,15,14750
21319,15,14751
21328,15,14752
21346,15,14753
21348,15,14754
21370,15,14755
21403,15,14756
21423,15,14757
21441,15,14758
21446,15,14759
21522,15,14760
21550,15,14761
21556,15,14762
21572,15,14763
21582,15,14764
21611,15,14765
21627,15,14766
21671,15,14767
21832,15,14768
21840,15,14769
21844,15,14770
21879,15,14771
21890,15,14772
21931,15,14773
21935,15,14774
21976,15,14775
21986,15,14776
21992,15,14777
22000,15,14778
22044,15,14779
22060,15,14780
22078,15,14781
22112,15,14782
22132,15,14783
22143,15,14784
22146,15,14785
22163,15,14786
22181,15,14787
22210,15,14788
22228,15,14789
22264,15,14790
22281,15,14791
22375,15,14792
22382,15,14793
22465,15,14794
22517,15,14795
22552,15,14796
22564,15,14797
22583,15,14798
22586,15,14799
22604,15,14800
22658,15,14801
22668,15,14802
22706,15,14803
22714,15,14804
22732,15,14805
22751,15,14806
22753,15,14807
22769,15,14808
22772,15,14809
22828,15,14810
22844,15,14811
22881,15,14812
22890,15,14813
22992,15,14814
22993,15,14815
23004,15,14816
23063,15,14817
23073,15,14818
23110,15,14819
23168,15,14820
23169,15,14821
23190,15,14822
23217,15,14823
23222,15,14824
23236,15,14825
23260,15,14826
23262,15,14827
23291,15,14828
23305,15,14829
23315,15,14830
23317,15,14831
23358,15,14832
23399,15,14833
23464,15,14834
23483,15,14835
23558,15,14836
23592,15,14837
23657,15,14838
23672,15,14839
23680,15,14840
23698,15,14841
23720,15,14842
23723,15,14843
23756,15,14844
23760,15,14845
23772,15,14846
23786,15,14847
23815,15,14848
23835,15,14849
23836,15,14850
23837,15,14851
23866,15,14852
23893,15,14853
23911,15,14854
23965,15,14855
24150,15,14856
24165,15,14857
24178,15,14858
24194,15,14859
24234,15,14860
24239,15,14861
24338,15,14862
24340,15,14863
24376,15,14864
24383,15,14865
24384,15,14866
24416,15,14867
24432,15,14868
24433,15,14869
24477,15,14870
24489,15,14871
24518,15,14872
24525,15,14873
24597,15,14874
24620,15,14875
24638,15,14876
24643,15,14877
24655,15,14878
24676,15,14879
24757,15,14880
24781,15,14881
24821,15,14882
24836,15,14883
24839,15,14884
24844,15,14885
24872,15,14886
24879,15,14887
24891,15,14888
24897,15,14889
24898,15,14890
24918,15,14891
24934,15,14892
24967,15,14893
24980,15,14894
24985,15,14895
25066,15,14896
25081,15,14897
25119,15,14898
25152,15,14899
25188,15,14900
25210,15,14901
25227,15,14902
25237,15,14903
25284,15,14904
25304,15,14905
25336,15,14906
25380,15,14907
25408,15,14908
25428,15,14909
25442,15,14910
25452,15,14911
25481,15,14912
25486,15,14913
25489,15,14914
25621,15,14915
25653,15,14916
25662,15,14917
25674,15,14918
25728,15,14919
25729,15,14920
25741,15,14921
25753,15,14922
25772,15,14923
25794,15,14924
25798,15,14925
25812,15,14926
25821,15,14927
25839,15,14928
25894,15,14929
25912,15,14930
25921,15,14931
25932,15,14932
25946,15,14933
25999,15,14934
26003,15,14935
26054,15,14936
26114,15,14937
26143,15,14938
26218,15,14939
26221,15,14940
26234,15,14941
26240,15,14942
26264,15,14943
26288,15,14944
26294,15,14945
26295,15,14946
26307,15,14947
26331,15,14948
26332,15,14949
26333,15,14950
26344,15,14951
26353,15,14952
26409,15,14953
26417,15,14954
26467,15,14955
26477,15,14956
26520,15,14957
26545,15,14958
26588,15,14959
26596,15,14960
26608,15,14961
26627,15,14962
26642,15,14963
26647,15,14964
26677,15,14965
26699,15,14966
26711,15,14967
26750,15,14968
26783,15,14969
26837,15,14970
26879,15,14971
26954,15,14972
26966,15,14973
26970,15,14974
26991,15,14975
26994,15,14976
26995,15,14977
27082,15,14978
27157,15,14979
27194,15,14980
27215,15,14981
27223,15,14982
27230,15,14983
27234,15,14984
27266,15,14985
27342,15,14986
27357,15,14987
27360,15,14988
27386,15,14989
27425,15,14990
27457,15,14991
27467,15,14992
27478,15,14993
27500,15,14994
27527,15,14995
27528,15,14996
27544,15,14997
27550,15,14998
27565,15,14999
27595,15,15000
27606,15,15001
27626,15,15002
27676,15,15003
27694,15,15004
27737,15,15005
27755,15,15006
27802,15,15007
27805,15,15008
27820,15,15009
27835,15,15010
27860,15,15011
27870,15,15012
27952,15,15013
27974,15,15014
27998,15,15015
28068,15,15016
28080,15,15017
28090,15,15018
28199,15,15019
28206,15,15020
28234,15,15021
28238,15,15022
28277,15,15023
28283,15,15024
28296,15,15025
28332,15,15026
28346,15,15027
28361,15,15028
28394,15,15029
28400,15,15030
28401,15,15031
28429,15,15032
28437,15,15033
28460,15,15034
28473,15,15035
28492,15,15036
28502,15,15037
28504,15,15038
28520,15,15039
28542,15,15040
28556,15,15041
28592,15,15042
28627,15,15043
28643,15,15044
28665,15,15045
28683,15,15046
28728,15,15047
28729,15,15048
28741,15,15049
28800,15,15050
28830,15,15051
28854,15,15052
28872,15,15053
28885,15,15054
28953,15,15055
28980,15,15056
28999,15,15057
29184,15,15058
29195,15,15059
29204,15,15060
29242,15,15061
29250,15,15062
29255,15,15063
29289,15,15064
29303,15,15065
29321,15,15066
29334,15,15067
29353,15,15068
29382,15,15069
29406,15,15070
29412,15,15071
29439,15,15072
29466,15,15073
29480,15,15074
29487,15,15075
29509,15,15076
29513,15,15077
29604,15,15078
29661,15,15079
29671,15,15080
29677,15,15081
29686,15,15082
29688,15,15083
29689,15,15084
29721,15,15085
29809,15,15086
29835,15,15087
29883,15,15088
29941,15,15089
30055,15,15090
30086,15,15091
30088,15,15092
30221,15,15093
30232,15,15094
30241,15,15095
30285,15,15096
30311,15,15097
30381,15,15098
30408,15,15099
30421,15,15100
30432,15,15101
30448,15,15102
30496,15,15103
30576,15,15104
30596,15,15105
30669,15,15106
30686,15,15107
30702,15,15108
30743,15,15109
30772,15,15110
30779,15,15111
30784,15,15112
30821,15,15113
30847,15,15114
30888,15,15115
30979,15,15116
31006,15,15117
31013,15,15118
31021,15,15119
31063,15,15120
31095,15,15121
31106,15,15122
31157,15,15123
31225,15,15124
31227,15,15125
31228,15,15126
31244,15,15127
31271,15,15128
31281,15,15129
31291,15,15130
31295,15,15131
31322,15,15132
31330,15,15133
31340,15,15134
31344,15,15135
31357,15,15136
31366,15,15137
31399,15,15138
31408,15,15139
31441,15,15140
31457,15,15141
31473,15,15142
31475,15,15143
31483,15,15144
31494,15,15145
31505,15,15146
31546,15,15147
31579,15,15148
31640,15,15149
31658,15,15150
31675,15,15151
31681,15,15152
31684,15,15153
31729,15,15154
31789,15,15155
31825,15,15156
31918,15,15157
31954,15,15158
31956,15,15159
31968,15,15160
32032,15,15161
32054,15,15162
32092,15,15163
32142,15,15164
32160,15,15165
32208,15,15166
32214,15,15167
32223,15,15168
32226,15,15169
32252,15,15170
32255,15,15171
32264,15,15172
32276,15,15173
32285,15,15174
32305,15,15175
32331,15,15176
32333,15,15177
32335,15,15178
32384,15,15179
32430,15,15180
32432,15,15181
32471,15,15182
32480,15,15183
32502,15,15184
32508,15,15185
32514,15,15186
32517,15,15187
32519,15,15188
32569,15,15189
32573,15,15190
32615,15,15191
32618,15,15192
32629,15,15193
32645,15,15194
32679,15,15195
32730,15,15196
32753,15,15197
32784,15,15198
32798,15,15199
32864,15,15200
32914,15,15201
32933,15,15202
32934,15,15203
32944,15,15204
32964,15,15205
32971,15,15206
33041,15,15207
33087,15,15208
33115,15,15209
33139,15,15210
33150,15,15211
33182,15,15212
33244,15,15213
33255,15,15214
33275,15,15215
33301,15,15216
33352,15,15217
33373,15,15218
33400,15,15219
33403,15,15220
33448,15,15221
33451,15,15222
33490,15,15223
33516,15,15224
33541,15,15225
33573,15,15226
33592,15,15227
33603,15,15228
33640,15,15229
33649,15,15230
33664,15,15231
33689,15,15232
33721,15,15233
33732,15,15234
33763,15,15235
33771,15,15236
33780,15,15237
33783,15,15238
33810,15,15239
33827,15,15240
33844,15,15241
33877,15,15242
33907,15,15243
33924,15,15244
33932,15,15245
33941,15,15246
33983,15,15247
34002,15,15248
34019,15,15249
34022,15,15250
34037,15,15251
34078,15,15252
34090,15,15253
34127,15,15254
34166,15,15255
34189,15,15256
34197,15,15257
34214,15,15258
34257,15,15259
34385,15,15260
34457,15,15261
34542,15,15262
34556,15,15263
34571,15,15264
34584,15,15265
34610,15,15266
34625,15,15267
34650,15,15268
34683,15,15269
34698,15,15270
34714,15,15271
34719,15,15272
34750,15,15273
34773,15,15274
34779,15,15275
34796,15,15276
34828,15,15277
34833,15,15278
34911,15,15279
34929,15,15280
34930,15,15281
34968,15,15282
35046,15,15283
35081,15,15284
35157,15,15285
35175,15,15286
35179,15,15287
35193,15,15288
35255,15,15289
35422,15,15290
35445,15,15291
35563,15,15292
35583,15,15293
35695,15,15294
35708,15,15295
35785,15,15296
35846,15,15297
35851,15,15298
35914,15,15299
35943,15,15300
35947,15,15301
35986,15,15302
35990,15,15303
36032,15,15304
36063,15,15305
36081,15,15306
36203,15,15307
36218,15,15308
36244,15,15309
36275,15,15310
36285,15,15311
36286,15,15312
36312,15,15313
36332,15,15314
36342,15,15315
36386,15,15316
36407,15,15317
36480,15,15318
36489,15,15319
36607,15,15320
36638,15,15321
36725,15,15322
36788,15,15323
36794,15,15324
36899,15,15325
36961,15,15326
37003,15,15327
37008,15,15328
37050,15,15329
37113,15,15330
37184,15,15331
37187,15,15332
37201,15,15333
37210,15,15334
37217,15,15335
37221,15,15336
37222,15,15337
37233,15,15338
37290,15,15339
37405,15,15340
37411,15,15341
37414,15,15342
37442,15,15343
37457,15,15344
37567,15,15345
37602,15,15346
37623,15,15347
37740,15,15348
37743,15,15349
37830,15,15350
37848,15,15351
37920,15,15352
37938,15,15353
37961,15,15354
37989,15,15355
37990,15,15356
38005,15,15357
38064,15,15358
38111,15,15359
38139,15,15360
38141,15,15361
38162,15,15362
38164,15,15363
38173,15,15364
38177,15,15365
38184,15,15366
38264,15,15367
38287,15,15368
38380,15,15369
38408,15,15370
38412,15,15371
38450,15,15372
38489,15,15373
38495,15,15374
38621,15,15375
38625,15,15376
38718,15,15377
38729,15,15378
38743,15,15379
38802,15,15380
38814,15,15381
38856,15,15382
38993,15,15383
39009,15,15384
39023,15,15385
39157,15,15386
39162,15,15387
39180,15,15388
39213,15,15389
39238,15,15390
39246,15,15391
39253,15,15392
39263,15,15393
39265,15,15394
39320,15,15395
39328,15,15396
39484,15,15397
39540,15,15398
39591,15,15399
39614,15,15400
39621,15,15401
39643,15,15402
39656,15,15403
39735,15,15404
39736,15,15405
39774,15,15406
39784,15,15407
39822,15,15408
39826,15,15409
39844,15,15410
39869,15,15411
39927,15,15412
40027,15,15413
40163,15,15414
40179,15,15415
40322,15,15416
40325,15,15417
40550,15,15418
40682,15,15419
40775,15,15420
40802,15,15421
40908,15,15422
7,14,15423
57,14,15424
76,14,15425
81,14,15426
91,14,15427
97,14,15428
103,14,15429
148,14,15430
181,14,15431
224,14,15432
230,14,15433
387,14,15434
395,14,15435
420,14,15436
430,14,15437
471,14,15438
612,14,15439
694,14,15440
698,14,15441
748,14,15442
831,14,15443
860,14,15444
876,14,15445
885,14,15446
886,14,15447
899,14,15448
941,14,15449
959,14,15450
974,14,15451
1035,14,15452
1049,14,15453
1081,14,15454
1151,14,15455
1160,14,15456
1184,14,15457
1200,14,15458
1243,14,15459
1261,14,15460
1266,14,15461
1285,14,15462
1346,14,15463
1349,14,15464
1402,14,15465
1414,14,15466
1416,14,15467
1431,14,15468
1450,14,15469
1510,14,15470
1518,14,15471
1587,14,15472
1596,14,15473
1635,14,15474
1655,14,15475
1657,14,15476
1703,14,15477
1715,14,15478
1721,14,15479
1751,14,15480
1770,14,15481
1799,14,15482
1840,14,15483
1884,14,15484
1895,14,15485
1902,14,15486
1920,14,15487
1926,14,15488
1945,14,15489
1947,14,15490
1954,14,15491
2017,14,15492
2023,14,15493
2040,14,15494
2046,14,15495
2069,14,15496
2092,14,15497
2100,14,15498
2120,14,15499
2133,14,15500
2145,14,15501
2157,14,15502
2167,14,15503
2197,14,15504
2218,14,15505
2224,14,15506
2231,14,15507
2261,14,15508
2275,14,15509
2288,14,15510
2303,14,15511
2312,14,15512
2316,14,15513
2354,14,15514
2367,14,15515
2368,14,15516
2390,14,15517
2441,14,15518
2470,14,15519
2471,14,15520
2531,14,15521
2542,14,15522
2550,14,15523
2552,14,15524
2559,14,15525
2581,14,15526
2607,14,15527
2625,14,15528
2688,14,15529
2696,14,15530
2718,14,15531
2777,14,15532
2784,14,15533
2812,14,15534
2866,14,15535
2897,14,15536
2920,14,15537
2943,14,15538
2953,14,15539
2975,14,15540
3124,14,15541
3130,14,15542
3167,14,15543
3213,14,15544
3247,14,15545
3253,14,15546
3283,14,15547
3303,14,15548
3306,14,15549
3339,14,15550
3346,14,15551
3356,14,15552
3371,14,15553
3394,14,15554
3406,14,15555
3416,14,15556
3429,14,15557
3459,14,15558
3461,14,15559
3556,14,15560
3587,14,15561
3641,14,15562
3661,14,15563
3667,14,15564
3669,14,15565
3671,14,15566
3680,14,15567
3710,14,15568
3721,14,15569
3743,14,15570
3750,14,15571
3813,14,15572
3847,14,15573
3922,14,15574
3953,14,15575
3957,14,15576
3964,14,15577
3981,14,15578
4009,14,15579
4031,14,15580
4043,14,15581
4051,14,15582
4062,14,15583
4063,14,15584
4067,14,15585
4099,14,15586
4104,14,15587
4125,14,15588
4132,14,15589
4140,14,15590
4142,14,15591
4145,14,15592
4147,14,15593
4151,14,15594
4154,14,15595
4166,14,15596
4184,14,15597
4239,14,15598
4290,14,15599
4306,14,15600
4312,14,15601
4340,14,15602
4350,14,15603
4365,14,15604
4390,14,15605
4428,14,15606
4453,14,15607
4468,14,15608
4475,14,15609
4486,14,15610
4564,14,15611
4595,14,15612
4621,14,15613
4653,14,15614
4712,14,15615
4739,14,15616
4795,14,15617
4808,14,15618
4809,14,15619
4854,14,15620
4876,14,15621
4902,14,15622
4904,14,15623
4923,14,15624
4937,14,15625
4961,14,15626
4966,14,15627
4984,14,15628
5001,14,15629
5003,14,15630
5093,14,15631
5106,14,15632
5146,14,15633
5178,14,15634
5196,14,15635
5197,14,15636
5219,14,15637
5242,14,15638
5245,14,15639
5249,14,15640
5266,14,15641
5293,14,15642
5302,14,15643
5315,14,15644
5317,14,15645
5323,14,15646
5354,14,15647
5362,14,15648
5364,14,15649
5436,14,15650
5473,14,15651
5476,14,15652
5497,14,15653
5513,14,15654
5569,14,15655
5581,14,15656
5585,14,15657
5626,14,15658
5652,14,15659
5659,14,15660
5690,14,15661
5726,14,15662
5753,14,15663
5760,14,15664
5768,14,15665
5790,14,15666
5793,14,15667
5795,14,15668
5802,14,15669
5805,14,15670
5807,14,15671
5812,14,15672
5842,14,15673
5885,14,15674
5912,14,15675
5952,14,15676
5967,14,15677
5970,14,15678
5981,14,15679
6053,14,15680
6056,14,15681
6083,14,15682
6096,14,15683
6120,14,15684
6133,14,15685
6143,14,15686
6199,14,15687
6243,14,15688
6259,14,15689
6261,14,15690
6281,14,15691
6316,14,15692
6341,14,15693
6345,14,15694
6350,14,15695
6351,14,15696
6363,14,15697
6369,14,15698
6441,14,15699
6443,14,15700
6457,14,15701
6471,14,15702
6498,14,15703
6500,14,15704
6511,14,15705
6517,14,15706
6518,14,15707
6532,14,15708
6606,14,15709
6622,14,15710
6708,14,15711
6739,14,15712
6763,14,15713
6767,14,15714
6782,14,15715
6829,14,15716
6898,14,15717
6986,14,15718
7014,14,15719
7016,14,15720
7041,14,15721
7056,14,15722
7060,14,15723
7068,14,15724
7087,14,15725
7095,14,15726
7109,14,15727
7119,14,15728
7143,14,15729
7147,14,15730
7150,14,15731
7160,14,15732
7187,14,15733
7192,14,15734
7241,14,15735
7261,14,15736
7298,14,15737
7346,14,15738
7382,14,15739
7391,14,15740
7392,14,15741
7418,14,15742
7447,14,15743
7451,14,15744
7464,14,15745
7465,14,15746
7583,14,15747
7618,14,15748
7622,14,15749
7624,14,15750
7663,14,15751
7668,14,15752
7674,14,15753
7684,14,15754
7713,14,15755
7766,14,15756
7779,14,15757
7789,14,15758
7792,14,15759
7795,14,15760
7820,14,15761
7824,14,15762
7827,14,15763
7841,14,15764
7854,14,15765
7858,14,15766
7923,14,15767
7931,14,15768
7956,14,15769
8055,14,15770
8074,14,15771
8101,14,15772
8113,14,15773
8145,14,15774
8202,14,15775
8212,14,15776
8229,14,15777
8243,14,15778
8245,14,15779
8246,14,15780
8311,14,15781
8312,14,15782
8322,14,15783
8329,14,15784
8342,14,15785
8350,14,15786
8379,14,15787
8406,14,15788
8413,14,15789
8434,14,15790
8435,14,15791
8438,14,15792
8443,14,15793
8462,14,15794
8470,14,15795
8482,14,15796
8485,14,15797
8491,14,15798
8513,14,15799
8514,14,15800
8550,14,15801
8558,14,15802
8566,14,15803
8615,14,15804
8648,14,15805
8663,14,15806
8673,14,15807
8679,14,15808
8696,14,15809
8736,14,15810
8742,14,15811
8801,14,15812
8839,14,15813
8984,14,15814
9024,14,15815
9041,14,15816
9061,14,15817
9077,14,15818
9087,14,15819
9137,14,15820
9148,14,15821
9156,14,15822
9184,14,15823
9194,14,15824
9214,14,15825
9230,14,15826
9242,14,15827
9244,14,15828
9308,14,15829
9342,14,15830
9343,14,15831
9352,14,15832
9384,14,15833
9421,14,15834
9438,14,15835
9465,14,15836
9482,14,15837
9484,14,15838
9488,14,15839
9495,14,15840
9518,14,15841
9541,14,15842
9554,14,15843
9564,14,15844
9581,14,15845
9631,14,15846
9644,14,15847
9658,14,15848
9674,14,15849
9690,14,15850
9696,14,15851
9719,14,15852
9760,14,15853
9771,14,15854
9787,14,15855
9838,14,15856
9866,14,15857
9922,14,15858
9945,14,15859
9958,14,15860
9976,14,15861
10028,14,15862
10038,14,15863
10077,14,15864
10078,14,15865
10103,14,15866
10109,14,15867
10136,14,15868
10175,14,15869
10199,14,15870
10207,14,15871
10231,14,15872
10240,14,15873
10336,14,15874
10338,14,15875
10345,14,15876
10354,14,15877
10365,14,15878
10388,14,15879
10397,14,15880
10467,14,15881
10532,14,15882
10546,14,15883
10553,14,15884
10578,14,15885
10585,14,15886
10596,14,15887
10614,14,15888
10622,14,15889
10638,14,15890
10642,14,15891
10687,14,15892
10756,14,15893
10762,14,15894
10769,14,15895
10793,14,15896
10828,14,15897
10842,14,15898
10853,14,15899
10856,14,15900
10861,14,15901
10887,14,15902
10936,14,15903
10962,14,15904
10976,14,15905
10985,14,15906
10998,14,15907
11023,14,15908
11026,14,15909
11067,14,15910
11086,14,15911
11104,14,15912
11129,14,15913
11152,14,15914
11153,14,15915
11158,14,15916
11163,14,15917
11167,14,15918
11171,14,15919
11182,14,15920
11197,14,15921
11199,14,15922
11202,14,15923
11232,14,15924
11256,14,15925
11288,14,15926
11320,14,15927
11337,14,15928
11342,14,15929
11352,14,15930
11356,14,15931
11357,14,15932
11362,14,15933
11393,14,15934
11421,14,15935
11436,14,15936
11497,14,15937
11505,14,15938
11508,14,15939
11534,14,15940
11569,14,15941
11572,14,15942
11578,14,15943
11612,14,15944
11630,14,15945
11649,14,15946
11666,14,15947
11686,14,15948
11700,14,15949
11712,14,15950
11754,14,15951
11783,14,15952
11798,14,15953
11809,14,15954
11832,14,15955
11856,14,15956
11861,14,15957
11907,14,15958
11917,14,15959
11946,14,15960
11968,14,15961
11969,14,15962
12005,14,15963
12009,14,15964
12069,14,15965
12077,14,15966
12093,14,15967
12096,14,15968
12100,14,15969
12121,14,15970
12130,14,15971
12135,14,15972
12142,14,15973
12219,14,15974
12277,14,15975
12281,14,15976
12295,14,15977
12300,14,15978
12432,14,15979
12443,14,15980
12451,14,15981
12464,14,15982
12471,14,15983
12497,14,15984
12508,14,15985
12515,14,15986
12531,14,15987
12545,14,15988
12599,14,15989
12616,14,15990
12640,14,15991
12667,14,15992
12672,14,15993
12675,14,15994
12677,14,15995
12718,14,15996
12719,14,15997
12723,14,15998
12761,14,15999
12762,14,16000
12769,14,16001
12806,14,16002
12811,14,16003
12814,14,16004
12818,14,16005
12821,14,16006
12829,14,16007
12832,14,16008
12837,14,16009
12854,14,16010
12859,14,16011
12900,14,16012
12920,14,16013
12926,14,16014
12940,14,16015
12980,14,16016
13023,14,16017
13051,14,16018
13074,14,16019
13089,14,16020
13092,14,16021
13129,14,16022
13132,14,16023
13140,14,16024
13156,14,16025
13195,14,16026
13203,14,16027
13204,14,16028
13207,14,16029
13229,14,16030
13251,14,16031
13254,14,16032
13260,14,16033
13292,14,16034
13334,14,16035
13387,14,16036
13393,14,16037
13412,14,16038
13420,14,16039
13462,14,16040
13467,14,16041
13475,14,16042
13487,14,16043
13502,14,16044
13540,14,16045
13554,14,16046
13558,14,16047
13636,14,16048
13637,14,16049
13652,14,16050
13679,14,16051
13689,14,16052
13724,14,16053
13743,14,16054
13747,14,16055
13783,14,16056
13787,14,16057
13797,14,16058
13814,14,16059
13821,14,16060
13830,14,16061
13841,14,16062
13842,14,16063
13888,14,16064
13900,14,16065
13918,14,16066
13941,14,16067
13944,14,16068
13951,14,16069
13955,14,16070
13974,14,16071
13989,14,16072
13992,14,16073
14004,14,16074
14020,14,16075
14023,14,16076
14061,14,16077
14077,14,16078
14100,14,16079
14106,14,16080
14131,14,16081
14194,14,16082
14200,14,16083
14214,14,16084
14238,14,16085
14246,14,16086
14259,14,16087
14299,14,16088
14320,14,16089
14343,14,16090
14347,14,16091
14350,14,16092
14360,14,16093
14366,14,16094
14372,14,16095
14388,14,16096
14435,14,16097
14437,14,16098
14452,14,16099
14462,14,16100
14470,14,16101
14481,14,16102
14486,14,16103
14503,14,16104
14517,14,16105
14547,14,16106
14560,14,16107
14571,14,16108
14583,14,16109
14594,14,16110
14595,14,16111
14607,14,16112
14621,14,16113
14638,14,16114
14679,14,16115
14682,14,16116
14729,14,16117
14767,14,16118
14811,14,16119
14834,14,16120
14843,14,16121
14863,14,16122
14876,14,16123
14879,14,16124
14913,14,16125
14984,14,16126
14985,14,16127
15004,14,16128
15020,14,16129
15041,14,16130
15044,14,16131
15092,14,16132
15096,14,16133
15178,14,16134
15190,14,16135
15200,14,16136
15207,14,16137
15229,14,16138
15271,14,16139
15290,14,16140
15302,14,16141
15304,14,16142
15315,14,16143
15368,14,16144
15390,14,16145
15410,14,16146
15417,14,16147
15426,14,16148
15447,14,16149
15462,14,16150
15474,14,16151
15550,14,16152
15560,14,16153
15602,14,16154
15637,14,16155
15651,14,16156
15716,14,16157
15722,14,16158
15725,14,16159
15726,14,16160
15737,14,16161
15755,14,16162
15776,14,16163
15794,14,16164
15807,14,16165
15810,14,16166
15882,14,16167
15884,14,16168
15892,14,16169
15896,14,16170
15911,14,16171
15940,14,16172
15946,14,16173
15957,14,16174
15968,14,16175
15997,14,16176
16007,14,16177
16041,14,16178
16042,14,16179
16075,14,16180
16120,14,16181
16128,14,16182
16171,14,16183
16180,14,16184
16187,14,16185
16196,14,16186
16218,14,16187
16233,14,16188
16242,14,16189
16273,14,16190
16303,14,16191
16346,14,16192
16357,14,16193
16381,14,16194
16390,14,16195
16397,14,16196
16412,14,16197
16442,14,16198
16473,14,16199
16541,14,16200
16568,14,16201
16587,14,16202
16630,14,16203
16639,14,16204
16675,14,16205
16680,14,16206
16698,14,16207
16700,14,16208
16714,14,16209
16730,14,16210
16748,14,16211
16764,14,16212
16781,14,16213
16784,14,16214
16786,14,16215
16796,14,16216
16800,14,16217
16804,14,16218
16819,14,16219
16827,14,16220
16829,14,16221
16844,14,16222
16845,14,16223
16855,14,16224
16860,14,16225
16866,14,16226
16873,14,16227
16883,14,16228
16885,14,16229
16898,14,16230
16901,14,16231
17056,14,16232
17058,14,16233
17068,14,16234
17095,14,16235
17153,14,16236
17180,14,16237
17203,14,16238
17213,14,16239
17240,14,16240
17242,14,16241
17290,14,16242
17298,14,16243
17364,14,16244
17365,14,16245
17366,14,16246
17387,14,16247
17421,14,16248
17431,14,16249
17456,14,16250
17459,14,16251
17471,14,16252
17476,14,16253
17511,14,16254
17527,14,16255
17534,14,16256
17550,14,16257
17561,14,16258
17597,14,16259
17600,14,16260
17622,14,16261
17632,14,16262
17636,14,16263
17650,14,16264
17657,14,16265
17662,14,16266
17671,14,16267
17677,14,16268
17717,14,16269
17719,14,16270
17733,14,16271
17840,14,16272
17852,14,16273
17883,14,16274
17894,14,16275
17897,14,16276
17899,14,16277
17922,14,16278
17925,14,16279
17927,14,16280
17940,14,16281
17947,14,16282
17965,14,16283
17985,14,16284
17988,14,16285
18010,14,16286
18035,14,16287
18059,14,16288
18064,14,16289
18071,14,16290
18089,14,16291
18094,14,16292
18109,14,16293
18166,14,16294
18189,14,16295
18193,14,16296
18205,14,16297
18207,14,16298
18208,14,16299
18218,14,16300
18221,14,16301
18236,14,16302
18266,14,16303
18270,14,16304
18273,14,16305
18299,14,16306
18318,14,16307
18337,14,16308
18342,14,16309
18359,14,16310
18385,14,16311
18394,14,16312
18399,14,16313
18413,14,16314
18425,14,16315
18453,14,16316
18462,14,16317
18478,14,16318
18503,14,16319
18528,14,16320
18529,14,16321
18533,14,16322
18567,14,16323
18585,14,16324
18593,14,16325
18614,14,16326
18617,14,16327
18631,14,16328
18638,14,16329
18639,14,16330
18653,14,16331
18676,14,16332
18678,14,16333
18689,14,16334
18696,14,16335
18749,14,16336
18752,14,16337
18759,14,16338
18777,14,16339
18832,14,16340
18836,14,16341
18858,14,16342
18897,14,16343
18918,14,16344
18954,14,16345
18955,14,16346
18979,14,16347
19015,14,16348
19033,14,16349
19042,14,16350
19045,14,16351
19079,14,16352
19105,14,16353
19130,14,16354
19145,14,16355
19148,14,16356
19160,14,16357
19220,14,16358
19248,14,16359
19252,14,16360
19267,14,16361
19288,14,16362
19297,14,16363
19310,14,16364
19317,14,16365
19329,14,16366
19330,14,16367
19358,14,16368
19372,14,16369
19417,14,16370
19479,14,16371
19491,14,16372
19499,14,16373
19514,14,16374
19573,14,16375
19583,14,16376
19590,14,16377
19592,14,16378
19593,14,16379
19599,14,16380
19609,14,16381
19630,14,16382
19635,14,16383
19655,14,16384
19674,14,16385
19716,14,16386
19733,14,16387
19743,14,16388
19802,14,16389
19829,14,16390
19842,14,16391
19856,14,16392
19861,14,16393
19870,14,16394
19888,14,16395
19916,14,16396
19932,14,16397
19935,14,16398
19953,14,16399
19955,14,16400
19958,14,16401
19978,14,16402
19981,14,16403
19996,14,16404
20002,14,16405
20011,14,16406
20014,14,16407
20017,14,16408
20033,14,16409
20071,14,16410
20118,14,16411
20146,14,16412
20158,14,16413
20172,14,16414
20180,14,16415
20186,14,16416
20264,14,16417
20277,14,16418
20292,14,16419
20324,14,16420
20382,14,16421
20441,14,16422
20457,14,16423
20462,14,16424
20502,14,16425
20504,14,16426
20529,14,16427
20553,14,16428
20560,14,16429
20595,14,16430
20638,14,16431
20646,14,16432
20659,14,16433
20830,14,16434
20850,14,16435
20863,14,16436
20880,14,16437
20884,14,16438
20892,14,16439
20897,14,16440
20911,14,16441
20916,14,16442
20918,14,16443
20938,14,16444
20940,14,16445
20946,14,16446
20950,14,16447
20982,14,16448
20983,14,16449
21001,14,16450
21026,14,16451
21056,14,16452
21096,14,16453
21109,14,16454
21119,14,16455
21137,14,16456
21163,14,16457
21261,14,16458
21283,14,16459
21305,14,16460
21309,14,16461
21331,14,16462
21337,14,16463
21338,14,16464
21385,14,16465
21387,14,16466
21399,14,16467
21405,14,16468
21435,14,16469
21440,14,16470
21454,14,16471
21458,14,16472
21488,14,16473
21494,14,16474
21515,14,16475
21528,14,16476
21538,14,16477
21542,14,16478
21576,14,16479
21585,14,16480
21601,14,16481
21605,14,16482
21619,14,16483
21625,14,16484
21629,14,16485
21654,14,16486
21666,14,16487
21673,14,16488
21675,14,16489
21712,14,16490
21730,14,16491
21809,14,16492
21850,14,16493
21884,14,16494
21958,14,16495
21967,14,16496
22048,14,16497
22067,14,16498
22073,14,16499
22167,14,16500
22185,14,16501
22191,14,16502
22199,14,16503
22302,14,16504
22303,14,16505
22308,14,16506
22326,14,16507
22352,14,16508
22395,14,16509
22486,14,16510
22541,14,16511
22624,14,16512
22686,14,16513
22700,14,16514
22712,14,16515
22726,14,16516
22756,14,16517
22770,14,16518
22786,14,16519
22854,14,16520
22873,14,16521
22897,14,16522
22935,14,16523
22964,14,16524
22975,14,16525
23018,14,16526
23029,14,16527
23044,14,16528
23050,14,16529
23056,14,16530
23121,14,16531
23133,14,16532
23136,14,16533
23142,14,16534
23150,14,16535
23152,14,16536
23180,14,16537
23201,14,16538
23204,14,16539
23239,14,16540
23246,14,16541
23253,14,16542
23259,14,16543
23283,14,16544
23332,14,16545
23382,14,16546
23402,14,16547
23410,14,16548
23423,14,16549
23447,14,16550
23520,14,16551
23551,14,16552
23604,14,16553
23605,14,16554
23615,14,16555
23630,14,16556
23632,14,16557
23633,14,16558
23648,14,16559
23652,14,16560
23707,14,16561
23745,14,16562
23748,14,16563
23750,14,16564
23771,14,16565
23778,14,16566
23801,14,16567
23817,14,16568
23823,14,16569
23918,14,16570
23946,14,16571
23975,14,16572
23980,14,16573
23993,14,16574
24039,14,16575
24067,14,16576
24086,14,16577
24107,14,16578
24119,14,16579
24162,14,16580
24171,14,16581
24215,14,16582
24217,14,16583
24248,14,16584
24250,14,16585
24270,14,16586
24316,14,16587
24325,14,16588
24354,14,16589
24368,14,16590
24406,14,16591
24423,14,16592
24517,14,16593
24563,14,16594
24581,14,16595
24599,14,16596
24664,14,16597
24673,14,16598
24675,14,16599
24682,14,16600
24737,14,16601
24768,14,16602
24775,14,16603
24779,14,16604
24780,14,16605
24782,14,16606
24789,14,16607
24807,14,16608
24817,14,16609
24834,14,16610
24862,14,16611
24869,14,16612
24903,14,16613
24909,14,16614
24913,14,16615
24943,14,16616
24975,14,16617
25029,14,16618
25040,14,16619
25105,14,16620
25127,14,16621
25128,14,16622
25139,14,16623
25169,14,16624
25171,14,16625
25184,14,16626
25209,14,16627
25218,14,16628
25222,14,16629
25245,14,16630
25274,14,16631
25285,14,16632
25327,14,16633
25340,14,16634
25363,14,16635
25426,14,16636
25430,14,16637
25432,14,16638
25467,14,16639
25473,14,16640
25553,14,16641
25576,14,16642
25643,14,16643
25715,14,16644
25716,14,16645
25727,14,16646
25746,14,16647
25750,14,16648
25795,14,16649
25801,14,16650
25810,14,16651
25826,14,16652
25830,14,16653
25840,14,16654
25897,14,16655
25903,14,16656
25914,14,16657
25984,14,16658
26004,14,16659
26029,14,16660
26044,14,16661
26080,14,16662
26094,14,16663
26107,14,16664
26134,14,16665
26150,14,16666
26179,14,16667
26186,14,16668
26200,14,16669
26230,14,16670
26256,14,16671
26283,14,16672
26356,14,16673
26361,14,16674
26363,14,16675
26369,14,16676
26423,14,16677
26449,14,16678
26470,14,16679
26488,14,16680
26508,14,16681
26550,14,16682
26582,14,16683
26590,14,16684
26654,14,16685
26661,14,16686
26664,14,16687
26751,14,16688
26753,14,16689
26772,14,16690
26797,14,16691
26816,14,16692
26820,14,16693
26822,14,16694
26847,14,16695
26850,14,16696
26860,14,16697
26865,14,16698
26890,14,16699
26915,14,16700
26922,14,16701
26948,14,16702
26955,14,16703
26972,14,16704
26975,14,16705
27000,14,16706
27025,14,16707
27033,14,16708
27037,14,16709
27043,14,16710
27058,14,16711
27061,14,16712
27064,14,16713
27067,14,16714
27088,14,16715
27111,14,16716
27113,14,16717
27151,14,16718
27171,14,16719
27180,14,16720
27198,14,16721
27210,14,16722
27247,14,16723
27298,14,16724
27300,14,16725
27325,14,16726
27329,14,16727
27337,14,16728
27347,14,16729
27352,14,16730
27362,14,16731
27365,14,16732
27389,14,16733
27393,14,16734
27398,14,16735
27407,14,16736
27426,14,16737
27470,14,16738
27472,14,16739
27499,14,16740
27518,14,16741
27520,14,16742
27558,14,16743
27559,14,16744
27566,14,16745
27600,14,16746
27610,14,16747
27629,14,16748
27631,14,16749
27645,14,16750
27664,14,16751
27671,14,16752
27680,14,16753
27692,14,16754
27697,14,16755
27704,14,16756
27705,14,16757
27729,14,16758
27731,14,16759
27736,14,16760
27738,14,16761
27760,14,16762
27795,14,16763
27803,14,16764
27831,14,16765
27842,14,16766
27855,14,16767
27874,14,16768
27885,14,16769
27889,14,16770
27890,14,16771
27980,14,16772
28009,14,16773
28013,14,16774
28053,14,16775
28096,14,16776
28114,14,16777
28117,14,16778
28177,14,16779
28210,14,16780
28237,14,16781
28242,14,16782
28251,14,16783
28252,14,16784
28262,14,16785
28276,14,16786
28376,14,16787
28408,14,16788
28431,14,16789
28443,14,16790
28506,14,16791
28518,14,16792
28524,14,16793
28527,14,16794
28550,14,16795
28562,14,16796
28575,14,16797
28586,14,16798
28598,14,16799
28611,14,16800
28647,14,16801
28652,14,16802
28668,14,16803
28679,14,16804
28689,14,16805
28691,14,16806
28719,14,16807
28733,14,16808
28734,14,16809
28772,14,16810
28816,14,16811
28822,14,16812
28841,14,16813
28865,14,16814
28879,14,16815
28883,14,16816
28932,14,16817
28969,14,16818
28991,14,16819
29024,14,16820
29039,14,16821
29048,14,16822
29063,14,16823
29090,14,16824
29151,14,16825
29153,14,16826
29162,14,16827
29165,14,16828
29209,14,16829
29223,14,16830
29231,14,16831
29254,14,16832
29262,14,16833
29276,14,16834
29300,14,16835
29316,14,16836
29323,14,16837
29326,14,16838
29327,14,16839
29345,14,16840
29391,14,16841
29408,14,16842
29453,14,16843
29483,14,16844
29501,14,16845
29502,14,16846
29528,14,16847
29565,14,16848
29588,14,16849
29596,14,16850
29670,14,16851
29682,14,16852
29712,14,16853
29720,14,16854
29744,14,16855
29755,14,16856
29756,14,16857
29759,14,16858
29764,14,16859
29779,14,16860
29785,14,16861
29786,14,16862
29802,14,16863
29811,14,16864
29851,14,16865
29864,14,16866
29876,14,16867
29877,14,16868
29897,14,16869
29915,14,16870
29921,14,16871
29966,14,16872
29971,14,16873
30105,14,16874
30126,14,16875
30141,14,16876
30161,14,16877
30203,14,16878
30206,14,16879
30235,14,16880
30243,14,16881
30261,14,16882
30263,14,16883
30281,14,16884
30284,14,16885
30292,14,16886
30296,14,16887
30298,14,16888
30318,14,16889
30325,14,16890
30341,14,16891
30371,14,16892
30380,14,16893
30386,14,16894
30397,14,16895
30537,14,16896
30568,14,16897
30604,14,16898
30612,14,16899
30622,14,16900
30651,14,16901
30654,14,16902
30659,14,16903
30667,14,16904
30684,14,16905
30703,14,16906
30709,14,16907
30727,14,16908
30738,14,16909
30744,14,16910
30756,14,16911
30792,14,16912
30801,14,16913
30859,14,16914
30886,14,16915
30929,14,16916
30953,14,16917
30985,14,16918
31065,14,16919
31125,14,16920
31152,14,16921
31239,14,16922
31242,14,16923
31249,14,16924
31308,14,16925
31327,14,16926
31359,14,16927
31411,14,16928
31413,14,16929
31510,14,16930
31536,14,16931
31582,14,16932
31622,14,16933
31627,14,16934
31669,14,16935
31674,14,16936
31716,14,16937
31722,14,16938
31724,14,16939
31741,14,16940
31775,14,16941
31835,14,16942
31838,14,16943
31846,14,16944
31861,14,16945
31873,14,16946
31960,14,16947
31989,14,16948
32067,14,16949
32076,14,16950
32083,14,16951
32138,14,16952
32207,14,16953
32210,14,16954
32225,14,16955
32261,14,16956
32293,14,16957
32308,14,16958
32336,14,16959
32353,14,16960
32364,14,16961
32388,14,16962
32408,14,16963
32410,14,16964
32431,14,16965
32469,14,16966
32470,14,16967
32489,14,16968
32563,14,16969
32566,14,16970
32567,14,16971
32592,14,16972
32611,14,16973
32650,14,16974
32664,14,16975
32668,14,16976
32681,14,16977
32685,14,16978
32686,14,16979
32687,14,16980
32694,14,16981
32709,14,16982
32713,14,16983
32720,14,16984
32816,14,16985
32823,14,16986
32842,14,16987
32879,14,16988
32912,14,16989
32929,14,16990
32969,14,16991
33004,14,16992
33008,14,16993
33014,14,16994
33024,14,16995
33054,14,16996
33134,14,16997
33136,14,16998
33145,14,16999
33172,14,17000
33198,14,17001
33199,14,17002
33206,14,17003
33221,14,17004
33246,14,17005
33270,14,17006
33271,14,17007
33272,14,17008
33283,14,17009
33287,14,17010
33340,14,17011
33350,14,17012
33368,14,17013
33387,14,17014
33393,14,17015
33397,14,17016
33421,14,17017
33463,14,17018
33515,14,17019
33530,14,17020
33539,14,17021
33568,14,17022
33574,14,17023
33577,14,17024
33580,14,17025
33588,14,17026
33694,14,17027
33727,14,17028
33742,14,17029
33762,14,17030
33802,14,17031
33891,14,17032
33965,14,17033
34005,14,17034
34008,14,17035
34172,14,17036
34195,14,17037
34212,14,17038
34223,14,17039
34248,14,17040
34270,14,17041
34271,14,17042
34278,14,17043
34290,14,17044
34307,14,17045
34333,14,17046
34338,14,17047
34362,14,17048
34364,14,17049
34401,14,17050
34408,14,17051
34414,14,17052
34418,14,17053
34430,14,17054
34445,14,17055
34462,14,17056
34474,14,17057
34477,14,17058
34485,14,17059
34527,14,17060
34550,14,17061
34594,14,17062
34658,14,17063
34686,14,17064
34735,14,17065
34766,14,17066
34823,14,17067
34829,14,17068
34856,14,17069
34886,14,17070
34909,14,17071
34927,14,17072
34986,14,17073
34995,14,17074
35039,14,17075
35040,14,17076
35087,14,17077
35090,14,17078
35101,14,17079
35130,14,17080
35135,14,17081
35187,14,17082
35188,14,17083
35214,14,17084
35256,14,17085
35257,14,17086
35322,14,17087
35408,14,17088
35411,14,17089
35430,14,17090
35452,14,17091
35494,14,17092
35501,14,17093
35588,14,17094
35600,14,17095
35610,14,17096
35618,14,17097
35635,14,17098
35637,14,17099
35658,14,17100
35680,14,17101
35688,14,17102
35689,14,17103
35699,14,17104
35706,14,17105
35726,14,17106
35733,14,17107
35752,14,17108
35769,14,17109
35792,14,17110
35810,14,17111
35894,14,17112
35930,14,17113
35942,14,17114
35960,14,17115
35979,14,17116
35981,14,17117
36091,14,17118
36166,14,17119
36201,14,17120
36206,14,17121
36234,14,17122
36245,14,17123
36295,14,17124
36306,14,17125
36331,14,17126
36353,14,17127
36357,14,17128
36383,14,17129
36455,14,17130
36470,14,17131
36474,14,17132
36507,14,17133
36536,14,17134
36593,14,17135
36630,14,17136
36705,14,17137
36711,14,17138
36753,14,17139
36758,14,17140
36773,14,17141
36783,14,17142
36784,14,17143
36800,14,17144
36808,14,17145
36861,14,17146
36928,14,17147
36966,14,17148
36975,14,17149
37014,14,17150
37043,14,17151
37056,14,17152
37061,14,17153
37082,14,17154
37109,14,17155
37132,14,17156
37138,14,17157
37180,14,17158
37212,14,17159
37223,14,17160
37228,14,17161
37332,14,17162
37356,14,17163
37360,14,17164
37377,14,17165
37388,14,17166
37397,14,17167
37452,14,17168
37463,14,17169
37465,14,17170
37480,14,17171
37514,14,17172
37533,14,17173
37534,14,17174
37599,14,17175
37620,14,17176
37634,14,17177
37642,14,17178
37681,14,17179
37688,14,17180
37715,14,17181
37717,14,17182
37737,14,17183
37746,14,17184
37757,14,17185
37804,14,17186
37857,14,17187
37977,14,17188
37991,14,17189
38054,14,17190
38074,14,17191
38103,14,17192
38122,14,17193
38147,14,17194
38260,14,17195
38310,14,17196
38311,14,17197
38320,14,17198
38366,14,17199
38370,14,17200
38384,14,17201
38435,14,17202
38439,14,17203
38442,14,17204
38476,14,17205
38507,14,17206
38527,14,17207
38563,14,17208
38569,14,17209
38595,14,17210
38617,14,17211
38645,14,17212
38653,14,17213
38694,14,17214
38697,14,17215
38709,14,17216
38712,14,17217
38749,14,17218
38771,14,17219
38772,14,17220
38823,14,17221
38854,14,17222
38919,14,17223
38927,14,17224
38942,14,17225
38950,14,17226
38962,14,17227
39002,14,17228
39066,14,17229
39237,14,17230
39334,14,17231
39354,14,17232
39355,14,17233
39367,14,17234
39384,14,17235
39455,14,17236
39462,14,17237
39467,14,17238
39473,14,17239
39509,14,17240
39544,14,17241
39564,14,17242
39580,14,17243
39584,14,17244
39586,14,17245
39616,14,17246
39655,14,17247
39668,14,17248
39716,14,17249
39720,14,17250
39721,14,17251
39731,14,17252
39791,14,17253
39896,14,17254
39913,14,17255
39924,14,17256
40055,14,17257
40072,14,17258
40133,14,17259
40189,14,17260
40220,14,17261
40242,14,17262
40252,14,17263
40318,14,17264
40338,14,17265
40501,14,17266
40506,14,17267
40574,14,17268
40618,14,17269
0,13,17270
1,13,17271
27,13,17272
28,13,17273
47,13,17274
64,13,17275
73,13,17276
77,13,17277
88,13,17278
89,13,17279
98,13,17280
116,13,17281
122,13,17282
124,13,17283
182,13,17284
249,13,17285
252,13,17286
261,13,17287
342,13,17288
366,13,17289
392,13,17290
393,13,17291
421,13,17292
431,13,17293
439,13,17294
460,13,17295
505,13,17296
589,13,17297
603,13,17298
604,13,17299
639,13,17300
645,13,17301
647,13,17302
657,13,17303
704,13,17304
732,13,17305
750,13,17306
790,13,17307
856,13,17308
884,13,17309
919,13,17310
930,13,17311
940,13,17312
943,13,17313
948,13,17314
966,13,17315
967,13,17316
979,13,17317
986,13,17318
1002,13,17319
1046,13,17320
1074,13,17321
1083,13,17322
1094,13,17323
1095,13,17324
1098,13,17325
1119,13,17326
1138,13,17327
1147,13,17328
1179,13,17329
1181,13,17330
1276,13,17331
1335,13,17332
1337,13,17333
1429,13,17334
1460,13,17335
1465,13,17336
1470,13,17337
1531,13,17338
1649,13,17339
1672,13,17340
1719,13,17341
1802,13,17342
1813,13,17343
1833,13,17344
1905,13,17345
1987,13,17346
2002,13,17347
2012,13,17348
2031,13,17349
2079,13,17350
2156,13,17351
2194,13,17352
2208,13,17353
2217,13,17354
2235,13,17355
2240,13,17356
2293,13,17357
2328,13,17358
2356,13,17359
2384,13,17360
2399,13,17361
2401,13,17362
2402,13,17363
2479,13,17364
2481,13,17365
2487,13,17366
2502,13,17367
2508,13,17368
2518,13,17369
2521,13,17370
2527,13,17371
2529,13,17372
2551,13,17373
2562,13,17374
2572,13,17375
2573,13,17376
2576,13,17377
2612,13,17378
2623,13,17379
2632,13,17380
2634,13,17381
2715,13,17382
2743,13,17383
2747,13,17384
2763,13,17385
2769,13,17386
2794,13,17387
2799,13,17388
2801,13,17389
2828,13,17390
2837,13,17391
2839,13,17392
2875,13,17393
2884,13,17394
2977,13,17395
2982,13,17396
2990,13,17397
2996,13,17398
3001,13,17399
3002,13,17400
3027,13,17401
3060,13,17402
3114,13,17403
3153,13,17404
3174,13,17405
3203,13,17406
3273,13,17407
3284,13,17408
3298,13,17409
3350,13,17410
3387,13,17411
3388,13,17412
3395,13,17413
3414,13,17414
3418,13,17415
3462,13,17416
3497,13,17417
3513,13,17418
3518,13,17419
3536,13,17420
3585,13,17421
3599,13,17422
3602,13,17423
3613,13,17424
3642,13,17425
3654,13,17426
3672,13,17427
3690,13,17428
3694,13,17429
3718,13,17430
3757,13,17431
3835,13,17432
3861,13,17433
3887,13,17434
3910,13,17435
3921,13,17436
3940,13,17437
3966,13,17438
3978,13,17439
4010,13,17440
4041,13,17441
4069,13,17442
4078,13,17443
4092,13,17444
4095,13,17445
4112,13,17446
4116,13,17447
4130,13,17448
4143,13,17449
4146,13,17450
4152,13,17451
4164,13,17452
4174,13,17453
4264,13,17454
4308,13,17455
4339,13,17456
4359,13,17457
4398,13,17458
4417,13,17459
4464,13,17460
4506,13,17461
4508,13,17462
4509,13,17463
4515,13,17464
4556,13,17465
4591,13,17466
4626,13,17467
4707,13,17468
4708,13,17469
4718,13,17470
4731,13,17471
4742,13,17472
4754,13,17473
4759,13,17474
4804,13,17475
4849,13,17476
4856,13,17477
4877,13,17478
4889,13,17479
4922,13,17480
4934,13,17481
4945,13,17482
4981,13,17483
4991,13,17484
5018,13,17485
5044,13,17486
5061,13,17487
5072,13,17488
5101,13,17489
5121,13,17490
5139,13,17491
5191,13,17492
5194,13,17493
5205,13,17494
5239,13,17495
5267,13,17496
5304,13,17497
5316,13,17498
5365,13,17499
5395,13,17500
5417,13,17501
5434,13,17502
5499,13,17503
5500,13,17504
5504,13,17505
5542,13,17506
5543,13,17507
5548,13,17508
5556,13,17509
5580,13,17510
5641,13,17511
5649,13,17512
5651,13,17513
5656,13,17514
5669,13,17515
5686,13,17516
5706,13,17517
5738,13,17518
5773,13,17519
5785,13,17520
5789,13,17521
5797,13,17522
5808,13,17523
5829,13,17524
5839,13,17525
5857,13,17526
5910,13,17527
5915,13,17528
5927,13,17529
5936,13,17530
5954,13,17531
5959,13,17532
5989,13,17533
5999,13,17534
6051,13,17535
6063,13,17536
6064,13,17537
6101,13,17538
6116,13,17539
6227,13,17540
6228,13,17541
6245,13,17542
6264,13,17543
6310,13,17544
6321,13,17545
6327,13,17546
6384,13,17547
6407,13,17548
6430,13,17549
6470,13,17550
6479,13,17551
6516,13,17552
6557,13,17553
6567,13,17554
6601,13,17555
6608,13,17556
6628,13,17557
6639,13,17558
6674,13,17559
6689,13,17560
6725,13,17561
6730,13,17562
6745,13,17563
6772,13,17564
6811,13,17565
6813,13,17566
6822,13,17567
6828,13,17568
6862,13,17569
6870,13,17570
6877,13,17571
6881,13,17572
6917,13,17573
6944,13,17574
6960,13,17575
6965,13,17576
6982,13,17577
6992,13,17578
7004,13,17579
7007,13,17580
7023,13,17581
7025,13,17582
7066,13,17583
7074,13,17584
7083,13,17585
7092,13,17586
7113,13,17587
7132,13,17588
7166,13,17589
7174,13,17590
7181,13,17591
7186,13,17592
7223,13,17593
7240,13,17594
7242,13,17595
7265,13,17596
7351,13,17597
7359,13,17598
7361,13,17599
7372,13,17600
7379,13,17601
7432,13,17602
7434,13,17603
7437,13,17604
7462,13,17605
7493,13,17606
7507,13,17607
7560,13,17608
7623,13,17609
7634,13,17610
7647,13,17611
7714,13,17612
7730,13,17613
7734,13,17614
7739,13,17615
7753,13,17616
7755,13,17617
7770,13,17618
7806,13,17619
7833,13,17620
7844,13,17621
7856,13,17622
7905,13,17623
7915,13,17624
7959,13,17625
7964,13,17626
7967,13,17627
7969,13,17628
7986,13,17629
8039,13,17630
8041,13,17631
8059,13,17632
8070,13,17633
8072,13,17634
8129,13,17635
8158,13,17636
8161,13,17637
8208,13,17638
8213,13,17639
8224,13,17640
8228,13,17641
8237,13,17642
8267,13,17643
8293,13,17644
8294,13,17645
8316,13,17646
8324,13,17647
8359,13,17648
8398,13,17649
8401,13,17650
8420,13,17651
8421,13,17652
8423,13,17653
8456,13,17654
8473,13,17655
8497,13,17656
8498,13,17657
8545,13,17658
8551,13,17659
8581,13,17660
8598,13,17661
8647,13,17662
8655,13,17663
8662,13,17664
8672,13,17665
8708,13,17666
8722,13,17667
8724,13,17668
8744,13,17669
8796,13,17670
8804,13,17671
8813,13,17672
8820,13,17673
8834,13,17674
8876,13,17675
8878,13,17676
8887,13,17677
8898,13,17678
8944,13,17679
8949,13,17680
8983,13,17681
8997,13,17682
9029,13,17683
9037,13,17684
9055,13,17685
9062,13,17686
9067,13,17687
9070,13,17688
9075,13,17689
9076,13,17690
9081,13,17691
9092,13,17692
9097,13,17693
9171,13,17694
9177,13,17695
9195,13,17696
9221,13,17697
9243,13,17698
9254,13,17699
9258,13,17700
9263,13,17701
9268,13,17702
9272,13,17703
9288,13,17704
9318,13,17705
9322,13,17706
9347,13,17707
9349,13,17708
9355,13,17709
9360,13,17710
9381,13,17711
9390,13,17712
9434,13,17713
9440,13,17714
9442,13,17715
9489,13,17716
9517,13,17717
9519,13,17718
9534,13,17719
9535,13,17720
9551,13,17721
9556,13,17722
9614,13,17723
9665,13,17724
9693,13,17725
9702,13,17726
9712,13,17727
9728,13,17728
9742,13,17729
9744,13,17730
9796,13,17731
9803,13,17732
9813,13,17733
9846,13,17734
9853,13,17735
9858,13,17736
9874,13,17737
9876,13,17738
9880,13,17739
9902,13,17740
9912,13,17741
9913,13,17742
9927,13,17743
9928,13,17744
9935,13,17745
9999,13,17746
10058,13,17747
10062,13,17748
10085,13,17749
10111,13,17750
10129,13,17751
10137,13,17752
10162,13,17753
10176,13,17754
10183,13,17755
10206,13,17756
10220,13,17757
10243,13,17758
10277,13,17759
10287,13,17760
10296,13,17761
10311,13,17762
10339,13,17763
10369,13,17764
10373,13,17765
10391,13,17766
10400,13,17767
10404,13,17768
10420,13,17769
10424,13,17770
10428,13,17771
10437,13,17772
10438,13,17773
10453,13,17774
10500,13,17775
10531,13,17776
10545,13,17777
10568,13,17778
10598,13,17779
10604,13,17780
10634,13,17781
10666,13,17782
10673,13,17783
10698,13,17784
10699,13,17785
10718,13,17786
10728,13,17787
10766,13,17788
10772,13,17789
10773,13,17790
10815,13,17791
10855,13,17792
10867,13,17793
10872,13,17794
10917,13,17795
10926,13,17796
10927,13,17797
10951,13,17798
10958,13,17799
10963,13,17800
10973,13,17801
11003,13,17802
11005,13,17803
11037,13,17804
11072,13,17805
11075,13,17806
11097,13,17807
11103,13,17808
11123,13,17809
11133,13,17810
11137,13,17811
11148,13,17812
11159,13,17813
11183,13,17814
11196,13,17815
11201,13,17816
11231,13,17817
11254,13,17818
11261,13,17819
11265,13,17820
11310,13,17821
11314,13,17822
11347,13,17823
11361,13,17824
11381,13,17825
11395,13,17826
11424,13,17827
11428,13,17828
11429,13,17829
11501,13,17830
11510,13,17831
11532,13,17832
11539,13,17833
11540,13,17834
11550,13,17835
11554,13,17836
11555,13,17837
11557,13,17838
11559,13,17839
11573,13,17840
11602,13,17841
11618,13,17842
11635,13,17843
11676,13,17844
11678,13,17845
11741,13,17846
11766,13,17847
11776,13,17848
11803,13,17849
11826,13,17850
11830,13,17851
11876,13,17852
11877,13,17853
11884,13,17854
11901,13,17855
11915,13,17856
11920,13,17857
11926,13,17858
11949,13,17859
11983,13,17860
11991,13,17861
11993,13,17862
12016,13,17863
12026,13,17864
12035,13,17865
12046,13,17866
12049,13,17867
12070,13,17868
12073,13,17869
12113,13,17870
12117,13,17871
12118,13,17872
12163,13,17873
12164,13,17874
12167,13,17875
12173,13,17876
12204,13,17877
12213,13,17878
12220,13,17879
12247,13,17880
12248,13,17881
12258,13,17882
12313,13,17883
12346,13,17884
12358,13,17885
12362,13,17886
12375,13,17887
12394,13,17888
12403,13,17889
12427,13,17890
12447,13,17891
12473,13,17892
12480,13,17893
12496,13,17894
12542,13,17895
12552,13,17896
12579,13,17897
12665,13,17898
12669,13,17899
12679,13,17900
12701,13,17901
12713,13,17902
12740,13,17903
12741,13,17904
12778,13,17905
12786,13,17906
12802,13,17907
12808,13,17908
12838,13,17909
12895,13,17910
12896,13,17911
12911,13,17912
12914,13,17913
12962,13,17914
12970,13,17915
12987,13,17916
13010,13,17917
13024,13,17918
13032,13,17919
13037,13,17920
13102,13,17921
13104,13,17922
13105,13,17923
13106,13,17924
13143,13,17925
13149,13,17926
13150,13,17927
13161,13,17928
13227,13,17929
13235,13,17930
13288,13,17931
13295,13,17932
13298,13,17933
13341,13,17934
13351,13,17935
13357,13,17936
13360,13,17937
13367,13,17938
13379,13,17939
13396,13,17940
13418,13,17941
13430,13,17942
13452,13,17943
13464,13,17944
13470,13,17945
13474,13,17946
13492,13,17947
13497,13,17948
13522,13,17949
13532,13,17950
13548,13,17951
13550,13,17952
13565,13,17953
13596,13,17954
13605,13,17955
13631,13,17956
13646,13,17957
13651,13,17958
13666,13,17959
13672,13,17960
13678,13,17961
13690,13,17962
13702,13,17963
13714,13,17964
13744,13,17965
13749,13,17966
13763,13,17967
13792,13,17968
13818,13,17969
13820,13,17970
13843,13,17971
13903,13,17972
13908,13,17973
13916,13,17974
13924,13,17975
13929,13,17976
13959,13,17977
13965,13,17978
13978,13,17979
14027,13,17980
14033,13,17981
14043,13,17982
14080,13,17983
14081,13,17984
14088,13,17985
14102,13,17986
14105,13,17987
14125,13,17988
14130,13,17989
14146,13,17990
14159,13,17991
14162,13,17992
14168,13,17993
14178,13,17994
14208,13,17995
14212,13,17996
14217,13,17997
14237,13,17998
14262,13,17999
14314,13,18000
14321,13,18001
14324,13,18002
14325,13,18003
14332,13,18004
14336,13,18005
14362,13,18006
14397,13,18007
14406,13,18008
14416,13,18009
14418,13,18010
14428,13,18011
14441,13,18012
14448,13,18013
14484,13,18014
14502,13,18015
14504,13,18016
14512,13,18017
14528,13,18018
14542,13,18019
14553,13,18020
14569,13,18021
14577,13,18022
14608,13,18023
14613,13,18024
14619,13,18025
14647,13,18026
14648,13,18027
14652,13,18028
14678,13,18029
14680,13,18030
14690,13,18031
14694,13,18032
14741,13,18033
14760,13,18034
14784,13,18035
14828,13,18036
14874,13,18037
14900,13,18038
14917,13,18039
14928,13,18040
14933,13,18041
14939,13,18042
14941,13,18043
14979,13,18044
14992,13,18045
15001,13,18046
15016,13,18047
15043,13,18048
15114,13,18049
15118,13,18050
15130,13,18051
15159,13,18052
15195,13,18053
15221,13,18054
15240,13,18055
15243,13,18056
15265,13,18057
15268,13,18058
15274,13,18059
15280,13,18060
15289,13,18061
15303,13,18062
15316,13,18063
15325,13,18064
15341,13,18065
15352,13,18066
15424,13,18067
15431,13,18068
15434,13,18069
15455,13,18070
15457,13,18071
15466,13,18072
15513,13,18073
15515,13,18074
15517,13,18075
15575,13,18076
15613,13,18077
15619,13,18078
15657,13,18079
15660,13,18080
15664,13,18081
15691,13,18082
15702,13,18083
15705,13,18084
15723,13,18085
15731,13,18086
15740,13,18087
15748,13,18088
15798,13,18089
15828,13,18090
15883,13,18091
15970,13,18092
16013,13,18093
16056,13,18094
16061,13,18095
16068,13,18096
16132,13,18097
16140,13,18098
16163,13,18099
16184,13,18100
16193,13,18101
16194,13,18102
16197,13,18103
16238,13,18104
16243,13,18105
16255,13,18106
16264,13,18107
16268,13,18108
16300,13,18109
16308,13,18110
16332,13,18111
16340,13,18112
16376,13,18113
16382,13,18114
16386,13,18115
16406,13,18116
16418,13,18117
16420,13,18118
16434,13,18119
16453,13,18120
16472,13,18121
16489,13,18122
16503,13,18123
16507,13,18124
16511,13,18125
16523,13,18126
16537,13,18127
16553,13,18128
16581,13,18129
16584,13,18130
16604,13,18131
16610,13,18132
16612,13,18133
16625,13,18134
16628,13,18135
16651,13,18136
16663,13,18137
16669,13,18138
16713,13,18139
16719,13,18140
16776,13,18141
16801,13,18142
16826,13,18143
16842,13,18144
16853,13,18145
16854,13,18146
16903,13,18147
16906,13,18148
16907,13,18149
16928,13,18150
16931,13,18151
16945,13,18152
16946,13,18153
16948,13,18154
17000,13,18155
17072,13,18156
17101,13,18157
17126,13,18158
17127,13,18159
17134,13,18160
17168,13,18161
17172,13,18162
17177,13,18163
17220,13,18164
17223,13,18165
17234,13,18166
17239,13,18167
17255,13,18168
17300,13,18169
17302,13,18170
17311,13,18171
17323,13,18172
17335,13,18173
17345,13,18174
17351,13,18175
17356,13,18176
17372,13,18177
17385,13,18178
17418,13,18179
17433,13,18180
17455,13,18181
17457,13,18182
17480,13,18183
17520,13,18184
17531,13,18185
17549,13,18186
17562,13,18187
17565,13,18188
17571,13,18189
17594,13,18190
17598,13,18191
17619,13,18192
17631,13,18193
17641,13,18194
17666,13,18195
17674,13,18196
17689,13,18197
17694,13,18198
17701,13,18199
17715,13,18200
17716,13,18201
17722,13,18202
17729,13,18203
17787,13,18204
17789,13,18205
17793,13,18206
17799,13,18207
17804,13,18208
17817,13,18209
17826,13,18210
17851,13,18211
17855,13,18212
17859,13,18213
17869,13,18214
17871,13,18215
17877,13,18216
17886,13,18217
17889,13,18218
17898,13,18219
17906,13,18220
17913,13,18221
17930,13,18222
17945,13,18223
17995,13,18224
18002,13,18225
18015,13,18226
18063,13,18227
18075,13,18228
18082,13,18229
18092,13,18230
18099,13,18231
18100,13,18232
18107,13,18233
18115,13,18234
18126,13,18235
18136,13,18236
18182,13,18237
18198,13,18238
18212,13,18239
18217,13,18240
18246,13,18241
18247,13,18242
18251,13,18243
18280,13,18244
18303,13,18245
18327,13,18246
18335,13,18247
18351,13,18248
18353,13,18249
18355,13,18250
18358,13,18251
18365,13,18252
18377,13,18253
18378,13,18254
18379,13,18255
18381,13,18256
18389,13,18257
18408,13,18258
18415,13,18259
18419,13,18260
18422,13,18261
18465,13,18262
18473,13,18263
18488,13,18264
18505,13,18265
18530,13,18266
18534,13,18267
18547,13,18268
18557,13,18269
18561,13,18270
18572,13,18271
18588,13,18272
18601,13,18273
18611,13,18274
18619,13,18275
18635,13,18276
18655,13,18277
18668,13,18278
18680,13,18279
18683,13,18280
18685,13,18281
18686,13,18282
18687,13,18283
18726,13,18284
18727,13,18285
18744,13,18286
18780,13,18287
18783,13,18288
18786,13,18289
18788,13,18290
18809,13,18291
18842,13,18292
18863,13,18293
18867,13,18294
18876,13,18295
18877,13,18296
18881,13,18297
18905,13,18298
18910,13,18299
18912,13,18300
18913,13,18301
18930,13,18302
18953,13,18303
18956,13,18304
18965,13,18305
18972,13,18306
18974,13,18307
19013,13,18308
19014,13,18309
19052,13,18310
19062,13,18311
19072,13,18312
19087,13,18313
19100,13,18314
19126,13,18315
19132,13,18316
19147,13,18317
19163,13,18318
19167,13,18319
19177,13,18320
19209,13,18321
19213,13,18322
19234,13,18323
19242,13,18324
19269,13,18325
19279,13,18326
19296,13,18327
19341,13,18328
19367,13,18329
19385,13,18330
19398,13,18331
19401,13,18332
19425,13,18333
19427,13,18334
19433,13,18335
19442,13,18336
19446,13,18337
19452,13,18338
19459,13,18339
19523,13,18340
19525,13,18341
19531,13,18342
19552,13,18343
19553,13,18344
19554,13,18345
19570,13,18346
19572,13,18347
19604,13,18348
19631,13,18349
19659,13,18350
19676,13,18351
19683,13,18352
19689,13,18353
19697,13,18354
19724,13,18355
19795,13,18356
19800,13,18357
19817,13,18358
19818,13,18359
19819,13,18360
19825,13,18361
19832,13,18362
19834,13,18363
19857,13,18364
19868,13,18365
19910,13,18366
19934,13,18367
19942,13,18368
19952,13,18369
19959,13,18370
19961,13,18371
19963,13,18372
19965,13,18373
19972,13,18374
19975,13,18375
19989,13,18376
19999,13,18377
20006,13,18378
20009,13,18379
20106,13,18380
20116,13,18381
20119,13,18382
20121,13,18383
20133,13,18384
20139,13,18385
20161,13,18386
20173,13,18387
20201,13,18388
20202,13,18389
20204,13,18390
20205,13,18391
20242,13,18392
20256,13,18393
20266,13,18394
20279,13,18395
20330,13,18396
20347,13,18397
20378,13,18398
20380,13,18399
20396,13,18400
20397,13,18401
20459,13,18402
20463,13,18403
20497,13,18404
20506,13,18405
20514,13,18406
20515,13,18407
20518,13,18408
20571,13,18409
20597,13,18410
20604,13,18411
20617,13,18412
20637,13,18413
20668,13,18414
20698,13,18415
20700,13,18416
20716,13,18417
20736,13,18418
20737,13,18419
20745,13,18420
20782,13,18421
20791,13,18422
20795,13,18423
20811,13,18424
20822,13,18425
20838,13,18426
20853,13,18427
20862,13,18428
20875,13,18429
20883,13,18430
20900,13,18431
20902,13,18432
20908,13,18433
20924,13,18434
20941,13,18435
20949,13,18436
20958,13,18437
20981,13,18438
20987,13,18439
20990,13,18440
21025,13,18441
21035,13,18442
21036,13,18443
21046,13,18444
21063,13,18445
21066,13,18446
21101,13,18447
21112,13,18448
21185,13,18449
21190,13,18450
21204,13,18451
21218,13,18452
21247,13,18453
21248,13,18454
21255,13,18455
21260,13,18456
21271,13,18457
21284,13,18458
21316,13,18459
21383,13,18460
21391,13,18461
21395,13,18462
21401,13,18463
21434,13,18464
21443,13,18465
21459,13,18466
21471,13,18467
21480,13,18468
21481,13,18469
21507,13,18470
21530,13,18471
21545,13,18472
21557,13,18473
21574,13,18474
21593,13,18475
21597,13,18476
21649,13,18477
21659,13,18478
21664,13,18479
21676,13,18480
21680,13,18481
21688,13,18482
21706,13,18483
21734,13,18484
21774,13,18485
21782,13,18486
21787,13,18487
21792,13,18488
21793,13,18489
21795,13,18490
21797,13,18491
21807,13,18492
21829,13,18493
21833,13,18494
21882,13,18495
21897,13,18496
21939,13,18497
21997,13,18498
21999,13,18499
22068,13,18500
22086,13,18501
22090,13,18502
22093,13,18503
22122,13,18504
22138,13,18505
22145,13,18506
22164,13,18507
22193,13,18508
22204,13,18509
22250,13,18510
22251,13,18511
22276,13,18512
22289,13,18513
22298,13,18514
22321,13,18515
22346,13,18516
22385,13,18517
22394,13,18518
22407,13,18519
22439,13,18520
22500,13,18521
22577,13,18522
22629,13,18523
22660,13,18524
22715,13,18525
22742,13,18526
22766,13,18527
22773,13,18528
22790,13,18529
22816,13,18530
22853,13,18531
22908,13,18532
22924,13,18533
22926,13,18534
22951,13,18535
23033,13,18536
23057,13,18537
23130,13,18538
23215,13,18539
23247,13,18540
23255,13,18541
23286,13,18542
23328,13,18543
23338,13,18544
23373,13,18545
23400,13,18546
23452,13,18547
23465,13,18548
23466,13,18549
23474,13,18550
23490,13,18551
23492,13,18552
23507,13,18553
23508,13,18554
23538,13,18555
23573,13,18556
23599,13,18557
23610,13,18558
23666,13,18559
23673,13,18560
23684,13,18561
23694,13,18562
23722,13,18563
23741,13,18564
23746,13,18565
23749,13,18566
23753,13,18567
23757,13,18568
23775,13,18569
23780,13,18570
23784,13,18571
23789,13,18572
23804,13,18573
23805,13,18574
23889,13,18575
23892,13,18576
23908,13,18577
23953,13,18578
23972,13,18579
23974,13,18580
23986,13,18581
24022,13,18582
24024,13,18583
24027,13,18584
24038,13,18585
24053,13,18586
24110,13,18587
24112,13,18588
24143,13,18589
24145,13,18590
24161,13,18591
24175,13,18592
24182,13,18593
24202,13,18594
24214,13,18595
24221,13,18596
24256,13,18597
24258,13,18598
24346,13,18599
24362,13,18600
24374,13,18601
24385,13,18602
24453,13,18603
24494,13,18604
24510,13,18605
24540,13,18606
24559,13,18607
24562,13,18608
24578,13,18609
24598,13,18610
24600,13,18611
24619,13,18612
24636,13,18613
24699,13,18614
24711,13,18615
24778,13,18616
24792,13,18617
24823,13,18618
24842,13,18619
24871,13,18620
24890,13,18621
24905,13,18622
24908,13,18623
24911,13,18624
24927,13,18625
24931,13,18626
24941,13,18627
24949,13,18628
24974,13,18629
24997,13,18630
24998,13,18631
25048,13,18632
25050,13,18633
25089,13,18634
25107,13,18635
25120,13,18636
25154,13,18637
25155,13,18638
25167,13,18639
25178,13,18640
25180,13,18641
25183,13,18642
25215,13,18643
25216,13,18644
25217,13,18645
25257,13,18646
25280,13,18647
25289,13,18648
25297,13,18649
25317,13,18650
25355,13,18651
25371,13,18652
25404,13,18653
25423,13,18654
25429,13,18655
25444,13,18656
25462,13,18657
25466,13,18658
25480,13,18659
25503,13,18660
25522,13,18661
25586,13,18662
25593,13,18663
25691,13,18664
25699,13,18665
25713,13,18666
25733,13,18667
25779,13,18668
25823,13,18669
25862,13,18670
25866,13,18671
25886,13,18672
25909,13,18673
25910,13,18674
25927,13,18675
25928,13,18676
25933,13,18677
25944,13,18678
25945,13,18679
25956,13,18680
26020,13,18681
26024,13,18682
26032,13,18683
26034,13,18684
26035,13,18685
26043,13,18686
26053,13,18687
26081,13,18688
26115,13,18689
26142,13,18690
26156,13,18691
26164,13,18692
26176,13,18693
26189,13,18694
26204,13,18695
26245,13,18696
26261,13,18697
26291,13,18698
26357,13,18699
26386,13,18700
26393,13,18701
26418,13,18702
26428,13,18703
26440,13,18704
26474,13,18705
26512,13,18706
26515,13,18707
26546,13,18708
26553,13,18709
26560,13,18710
26583,13,18711
26603,13,18712
26609,13,18713
26639,13,18714
26649,13,18715
26657,13,18716
26663,13,18717
26667,13,18718
26685,13,18719
26686,13,18720
26696,13,18721
26716,13,18722
26744,13,18723
26762,13,18724
26769,13,18725
26785,13,18726
26786,13,18727
26798,13,18728
26842,13,18729
26846,13,18730
26857,13,18731
26869,13,18732
26875,13,18733
26900,13,18734
26914,13,18735
26942,13,18736
26953,13,18737
26960,13,18738
26988,13,18739
27002,13,18740
27004,13,18741
27021,13,18742
27024,13,18743
27049,13,18744
27050,13,18745
27059,13,18746
27090,13,18747
27101,13,18748
27122,13,18749
27123,13,18750
27128,13,18751
27142,13,18752
27162,13,18753
27164,13,18754
27179,13,18755
27235,13,18756
27264,13,18757
27312,13,18758
27332,13,18759
27358,13,18760
27369,13,18761
27370,13,18762
27387,13,18763
27397,13,18764
27417,13,18765
27433,13,18766
27434,13,18767
27438,13,18768
27448,13,18769
27475,13,18770
27479,13,18771
27485,13,18772
27486,13,18773
27491,13,18774
27506,13,18775
27582,13,18776
27621,13,18777
27627,13,18778
27632,13,18779
27640,13,18780
27646,13,18781
27651,13,18782
27661,13,18783
27662,13,18784
27668,13,18785
27703,13,18786
27720,13,18787
27747,13,18788
27759,13,18789
27774,13,18790
27785,13,18791
27788,13,18792
27832,13,18793
27851,13,18794
27884,13,18795
27925,13,18796
27933,13,18797
27956,13,18798
27962,13,18799
27964,13,18800
27965,13,18801
27975,13,18802
28005,13,18803
28021,13,18804
28032,13,18805
28039,13,18806
28055,13,18807
28058,13,18808
28105,13,18809
28116,13,18810
28127,13,18811
28143,13,18812
28164,13,18813
28181,13,18814
28185,13,18815
28209,13,18816
28249,13,18817
28254,13,18818
28260,13,18819
28294,13,18820
28354,13,18821
28421,13,18822
28423,13,18823
28438,13,18824
28450,13,18825
28477,13,18826
28478,13,18827
28480,13,18828
28488,13,18829
28493,13,18830
28498,13,18831
28505,13,18832
28525,13,18833
28563,13,18834
28570,13,18835
28579,13,18836
28581,13,18837
28590,13,18838
28604,13,18839
28629,13,18840
28655,13,18841
28664,13,18842
28666,13,18843
28676,13,18844
28720,13,18845
28752,13,18846
28760,13,18847
28779,13,18848
28817,13,18849
28831,13,18850
28849,13,18851
28861,13,18852
28891,13,18853
28912,13,18854
28941,13,18855
28971,13,18856
29004,13,18857
29013,13,18858
29054,13,18859
29061,13,18860
29072,13,18861
29086,13,18862
29087,13,18863
29108,13,18864
29121,13,18865
29125,13,18866
29141,13,18867
29149,13,18868
29152,13,18869
29163,13,18870
29179,13,18871
29181,13,18872
29199,13,18873
29246,13,18874
29260,13,18875
29273,13,18876
29291,13,18877
29294,13,18878
29312,13,18879
29329,13,18880
29330,13,18881
29352,13,18882
29376,13,18883
29388,13,18884
29427,13,18885
29449,13,18886
29454,13,18887
29457,13,18888
29468,13,18889
29470,13,18890
29474,13,18891
29482,13,18892
29519,13,18893
29562,13,18894
29566,13,18895
29570,13,18896
29585,13,18897
29586,13,18898
29615,13,18899
29654,13,18900
29657,13,18901
29660,13,18902
29724,13,18903
29735,13,18904
29741,13,18905
29746,13,18906
29765,13,18907
29770,13,18908
29784,13,18909
29799,13,18910
29805,13,18911
29815,13,18912
29817,13,18913
29819,13,18914
29822,13,18915
29841,13,18916
29856,13,18917
29870,13,18918
29880,13,18919
29884,13,18920
29887,13,18921
29938,13,18922
29939,13,18923
29962,13,18924
29983,13,18925
29997,13,18926
30013,13,18927
30058,13,18928
30095,13,18929
30110,13,18930
30114,13,18931
30121,13,18932
30130,13,18933
30133,13,18934
30134,13,18935
30136,13,18936
30139,13,18937
30187,13,18938
30192,13,18939
30245,13,18940
30258,13,18941
30259,13,18942
30291,13,18943
30302,13,18944
30313,13,18945
30332,13,18946
30339,13,18947
30353,13,18948
30394,13,18949
30399,13,18950
30404,13,18951
30426,13,18952
30431,13,18953
30435,13,18954
30469,13,18955
30470,13,18956
30484,13,18957
30485,13,18958
30509,13,18959
30519,13,18960
30528,13,18961
30535,13,18962
30544,13,18963
30546,13,18964
30553,13,18965
30580,13,18966
30655,13,18967
30661,13,18968
30668,13,18969
30696,13,18970
30700,13,18971
30710,13,18972
30717,13,18973
30770,13,18974
30787,13,18975
30817,13,18976
30834,13,18977
30855,13,18978
30889,13,18979
30891,13,18980
30904,13,18981
30914,13,18982
30925,13,18983
30936,13,18984
31002,13,18985
31009,13,18986
31012,13,18987
31029,13,18988
31030,13,18989
31031,13,18990
31080,13,18991
31085,13,18992
31092,13,18993
31105,13,18994
31115,13,18995
31138,13,18996
31146,13,18997
31163,13,18998
31185,13,18999
31196,13,19000
31199,13,19001
31201,13,19002
31217,13,19003
31219,13,19004
31223,13,19005
31235,13,19006
31237,13,19007
31240,13,19008
31280,13,19009
31282,13,19010
31323,13,19011
31356,13,19012
31424,13,19013
31430,13,19014
31464,13,19015
31486,13,19016
31487,13,19017
31512,13,19018
31516,13,19019
31534,13,19020
31541,13,19021
31572,13,19022
31575,13,19023
31592,13,19024
31623,13,19025
31638,13,19026
31643,13,19027
31664,13,19028
31672,13,19029
31673,13,19030
31720,13,19031
31737,13,19032
31761,13,19033
31765,13,19034
31780,13,19035
31784,13,19036
31797,13,19037
31809,13,19038
31817,13,19039
31854,13,19040
31868,13,19041
31881,13,19042
31917,13,19043
31934,13,19044
31982,13,19045
32003,13,19046
32007,13,19047
32024,13,19048
32033,13,19049
32044,13,19050
32050,13,19051
32051,13,19052
32089,13,19053
32093,13,19054
32100,13,19055
32124,13,19056
32151,13,19057
32170,13,19058
32172,13,19059
32176,13,19060
32197,13,19061
32202,13,19062
32203,13,19063
32205,13,19064
32224,13,19065
32230,13,19066
32279,13,19067
32329,13,19068
32334,13,19069
32350,13,19070
32392,13,19071
32394,13,19072
32400,13,19073
32446,13,19074
32494,13,19075
32497,13,19076
32584,13,19077
32612,13,19078
32627,13,19079
32637,13,19080
32640,13,19081
32649,13,19082
32652,13,19083
32654,13,19084
32702,13,19085
32706,13,19086
32712,13,19087
32714,13,19088
32741,13,19089
32743,13,19090
32766,13,19091
32787,13,19092
32799,13,19093
32803,13,19094
32821,13,19095
32825,13,19096
32845,13,19097
32849,13,19098
32854,13,19099
32872,13,19100
32878,13,19101
32886,13,19102
32893,13,19103
32911,13,19104
32917,13,19105
32919,13,19106
32966,13,19107
32977,13,19108
32992,13,19109
33029,13,19110
33033,13,19111
33058,13,19112
33060,13,19113
33074,13,19114
33075,13,19115
33095,13,19116
33177,13,19117
33211,13,19118
33215,13,19119
33223,13,19120
33243,13,19121
33253,13,19122
33258,13,19123
33259,13,19124
33263,13,19125
33282,13,19126
33294,13,19127
33311,13,19128
33347,13,19129
33365,13,19130
33415,13,19131
33436,13,19132
33450,13,19133
33492,13,19134
33495,13,19135
33497,13,19136
33508,13,19137
33565,13,19138
33591,13,19139
33593,13,19140
33597,13,19141
33625,13,19142
33633,13,19143
33639,13,19144
33643,13,19145
33651,13,19146
33662,13,19147
33677,13,19148
33730,13,19149
33751,13,19150
33753,13,19151
33764,13,19152
33770,13,19153
33774,13,19154
33796,13,19155
33809,13,19156
33839,13,19157
33855,13,19158
33909,13,19159
33914,13,19160
33917,13,19161
33918,13,19162
33930,13,19163
33944,13,19164
33946,13,19165
33982,13,19166
33996,13,19167
34013,13,19168
34025,13,19169
34043,13,19170
34051,13,19171
34054,13,19172
34055,13,19173
34061,13,19174
34065,13,19175
34104,13,19176
34126,13,19177
34128,13,19178
34130,13,19179
34138,13,19180
34139,13,19181
34224,13,19182
34225,13,19183
34240,13,19184
34277,13,19185
34296,13,19186
34309,13,19187
34340,13,19188
34346,13,19189
34347,13,19190
34380,13,19191
34381,13,19192
34384,13,19193
34402,13,19194
34404,13,19195
34423,13,19196
34444,13,19197
34478,13,19198
34483,13,19199
34524,13,19200
34567,13,19201
34574,13,19202
34643,13,19203
34646,13,19204
34648,13,19205
34649,13,19206
34669,13,19207
34680,13,19208
34687,13,19209
34702,13,19210
34731,13,19211
34738,13,19212
34758,13,19213
34771,13,19214
34772,13,19215
34774,13,19216
34781,13,19217
34795,13,19218
34805,13,19219
34879,13,19220
34901,13,19221
34913,13,19222
34951,13,19223
34959,13,19224
34967,13,19225
34981,13,19226
34982,13,19227
35032,13,19228
35033,13,19229
35042,13,19230
35080,13,19231
35166,13,19232
35185,13,19233
35203,13,19234
35216,13,19235
35270,13,19236
35284,13,19237
35285,13,19238
35290,13,19239
35313,13,19240
35327,13,19241
35332,13,19242
35335,13,19243
35342,13,19244
35357,13,19245
35358,13,19246
35359,13,19247
35361,13,19248
35370,13,19249
35373,13,19250
35375,13,19251
35385,13,19252
35416,13,19253
35444,13,19254
35447,13,19255
35471,13,19256
35479,13,19257
35577,13,19258
35604,13,19259
35609,13,19260
35663,13,19261
35669,13,19262
35674,13,19263
35725,13,19264
35800,13,19265
35814,13,19266
35825,13,19267
35827,13,19268
35855,13,19269
35857,13,19270
35920,13,19271
35938,13,19272
35955,13,19273
35984,13,19274
36029,13,19275
36034,13,19276
36047,13,19277
36049,13,19278
36089,13,19279
36101,13,19280
36119,13,19281
36141,13,19282
36145,13,19283
36168,13,19284
36180,13,19285
36291,13,19286
36304,13,19287
36318,13,19288
36320,13,19289
36329,13,19290
36334,13,19291
36341,13,19292
36359,13,19293
36390,13,19294
36416,13,19295
36471,13,19296
36486,13,19297
36496,13,19298
36516,13,19299
36543,13,19300
36565,13,19301
36595,13,19302
36601,13,19303
36606,13,19304
36610,13,19305
36636,13,19306
36649,13,19307
36654,13,19308
36662,13,19309
36688,13,19310
36713,13,19311
36716,13,19312
36721,13,19313
36737,13,19314
36754,13,19315
36761,13,19316
36766,13,19317
36767,13,19318
36790,13,19319
36947,13,19320
36957,13,19321
36962,13,19322
36972,13,19323
37015,13,19324
37051,13,19325
37062,13,19326
37095,13,19327
37119,13,19328
37121,13,19329
37165,13,19330
37171,13,19331
37181,13,19332
37211,13,19333
37253,13,19334
37263,13,19335
37269,13,19336
37305,13,19337
37315,13,19338
37375,13,19339
37383,13,19340
37398,13,19341
37438,13,19342
37459,13,19343
37495,13,19344
37500,13,19345
37532,13,19346
37538,13,19347
37549,13,19348
37556,13,19349
37569,13,19350
37616,13,19351
37635,13,19352
37663,13,19353
37683,13,19354
37690,13,19355
37692,13,19356
37696,13,19357
37697,13,19358
37778,13,19359
37796,13,19360
37806,13,19361
37821,13,19362
37835,13,19363
37872,13,19364
37880,13,19365
37984,13,19366
38000,13,19367
38052,13,19368
38065,13,19369
38066,13,19370
38073,13,19371
38085,13,19372
38086,13,19373
38091,13,19374
38113,13,19375
38115,13,19376
38124,13,19377
38136,13,19378
38143,13,19379
38168,13,19380
38193,13,19381
38231,13,19382
38263,13,19383
38294,13,19384
38345,13,19385
38352,13,19386
38382,13,19387
38415,13,19388
38453,13,19389
38459,13,19390
38479,13,19391
38530,13,19392
38540,13,19393
38589,13,19394
38594,13,19395
38608,13,19396
38635,13,19397
38644,13,19398
38655,13,19399
38664,13,19400
38666,13,19401
38701,13,19402
38704,13,19403
38763,13,19404
38769,13,19405
38783,13,19406
38832,13,19407
38841,13,19408
38842,13,19409
38858,13,19410
38863,13,19411
38874,13,19412
38876,13,19413
38917,13,19414
38984,13,19415
38996,13,19416
39051,13,19417
39052,13,19418
39054,13,19419
39062,13,19420
39065,13,19421
39079,13,19422
39102,13,19423
39141,13,19424
39158,13,19425
39176,13,19426
39182,13,19427
39221,13,19428
39223,13,19429
39239,13,19430
39310,13,19431
39319,13,19432
39356,13,19433
39360,13,19434
39396,13,19435
39412,13,19436
39421,13,19437
39444,13,19438
39450,13,19439
39471,13,19440
39479,13,19441
39512,13,19442
39515,13,19443
39542,13,19444
39603,13,19445
39674,13,19446
39675,13,19447
39694,13,19448
39715,13,19449
39733,13,19450
39787,13,19451
39819,13,19452
39848,13,19453
39856,13,19454
39859,13,19455
39876,13,19456
39915,13,19457
40040,13,19458
40065,13,19459
40097,13,19460
40160,13,19461
40170,13,19462
40191,13,19463
40208,13,19464
40209,13,19465
40216,13,19466
40251,13,19467
40283,13,19468
40284,13,19469
40327,13,19470
40418,13,19471
40424,13,19472
40477,13,19473
40544,13,19474
40628,13,19475
40638,13,19476
40654,13,19477
40660,13,19478
40661,13,19479
40662,13,19480
40672,13,19481
40680,13,19482
40760,13,19483
40835,13,19484
40910,13,19485
40918,13,19486
40919,13,19487
40925,13,19488
23,12,19489
86,12,19490
87,12,19491
96,12,19492
105,12,19493
231,12,19494
233,12,19495
377,12,19496
389,12,19497
394,12,19498
414,12,19499
459,12,19500
573,12,19501
578,12,19502
582,12,19503
610,12,19504
617,12,19505
706,12,19506
731,12,19507
811,12,19508
819,12,19509
834,12,19510
843,12,19511
854,12,19512
869,12,19513
872,12,19514
890,12,19515
927,12,19516
1043,12,19517
1068,12,19518
1090,12,19519
1110,12,19520
1136,12,19521
1139,12,19522
1146,12,19523
1158,12,19524
1162,12,19525
1289,12,19526
1313,12,19527
1324,12,19528
1408,12,19529
1410,12,19530
1461,12,19531
1462,12,19532
1481,12,19533
1621,12,19534
1633,12,19535
1643,12,19536
1664,12,19537
1670,12,19538
1682,12,19539
1727,12,19540
1733,12,19541
1743,12,19542
1747,12,19543
1765,12,19544
1882,12,19545
1892,12,19546
1894,12,19547
1900,12,19548
1927,12,19549
1944,12,19550
1951,12,19551
1985,12,19552
1991,12,19553
1994,12,19554
2004,12,19555
2008,12,19556
2028,12,19557
2039,12,19558
2049,12,19559
2060,12,19560
2095,12,19561
2103,12,19562
2138,12,19563
2166,12,19564
2185,12,19565
2187,12,19566
2198,12,19567
2206,12,19568
2210,12,19569
2215,12,19570
2238,12,19571
2260,12,19572
2290,12,19573
2304,12,19574
2330,12,19575
2338,12,19576
2377,12,19577
2379,12,19578
2389,12,19579
2422,12,19580
2431,12,19581
2458,12,19582
2535,12,19583
2549,12,19584
2571,12,19585
2601,12,19586
2644,12,19587
2646,12,19588
2707,12,19589
2741,12,19590
2757,12,19591
2779,12,19592
2802,12,19593
2803,12,19594
2871,12,19595
2909,12,19596
3004,12,19597
3013,12,19598
3053,12,19599
3104,12,19600
3113,12,19601
3168,12,19602
3172,12,19603
3176,12,19604
3179,12,19605
3182,12,19606
3185,12,19607
3226,12,19608
3260,12,19609
3311,12,19610
3314,12,19611
3330,12,19612
3335,12,19613
3347,12,19614
3348,12,19615
3361,12,19616
3362,12,19617
3417,12,19618
3449,12,19619
3450,12,19620
3470,12,19621
3476,12,19622
3477,12,19623
3479,12,19624
3482,12,19625
3512,12,19626
3517,12,19627
3529,12,19628
3537,12,19629
3539,12,19630
3550,12,19631
3578,12,19632
3593,12,19633
3595,12,19634
3603,12,19635
3640,12,19636
3662,12,19637
3674,12,19638
3679,12,19639
3709,12,19640
3729,12,19641
3740,12,19642
3773,12,19643
3775,12,19644
3815,12,19645
3839,12,19646
3845,12,19647
3851,12,19648
3870,12,19649
3876,12,19650
3908,12,19651
3916,12,19652
3931,12,19653
3984,12,19654
3987,12,19655
4007,12,19656
4016,12,19657
4017,12,19658
4029,12,19659
4032,12,19660
4033,12,19661
4066,12,19662
4085,12,19663
4088,12,19664
4102,12,19665
4148,12,19666
4163,12,19667
4188,12,19668
4191,12,19669
4211,12,19670
4216,12,19671
4222,12,19672
4225,12,19673
4247,12,19674
4270,12,19675
4316,12,19676
4334,12,19677
4351,12,19678
4386,12,19679
4404,12,19680
4413,12,19681
4414,12,19682
4431,12,19683
4473,12,19684
4476,12,19685
4488,12,19686
4505,12,19687
4513,12,19688
4518,12,19689
4604,12,19690
4619,12,19691
4637,12,19692
4639,12,19693
4688,12,19694
4710,12,19695
4716,12,19696
4756,12,19697
4790,12,19698
4794,12,19699
4845,12,19700
4864,12,19701
4870,12,19702
4875,12,19703
4896,12,19704
4897,12,19705
4912,12,19706
4916,12,19707
4917,12,19708
4921,12,19709
4975,12,19710
4976,12,19711
4977,12,19712
5021,12,19713
5033,12,19714
5034,12,19715
5046,12,19716
5054,12,19717
5069,12,19718
5081,12,19719
5083,12,19720
5096,12,19721
5098,12,19722
5103,12,19723
5117,12,19724
5128,12,19725
5155,12,19726
5201,12,19727
5216,12,19728
5228,12,19729
5232,12,19730
5270,12,19731
5286,12,19732
5296,12,19733
5311,12,19734
5335,12,19735
5353,12,19736
5356,12,19737
5367,12,19738
5391,12,19739
5409,12,19740
5424,12,19741
5427,12,19742
5449,12,19743
5482,12,19744
5484,12,19745
5575,12,19746
5591,12,19747
5608,12,19748
5614,12,19749
5623,12,19750
5643,12,19751
5668,12,19752
5711,12,19753
5724,12,19754
5744,12,19755
5749,12,19756
5750,12,19757
5758,12,19758
5781,12,19759
5783,12,19760
5787,12,19761
5794,12,19762
5803,12,19763
5814,12,19764
5826,12,19765
5830,12,19766
5833,12,19767
5837,12,19768
5838,12,19769
5852,12,19770
5861,12,19771
5873,12,19772
5898,12,19773
5902,12,19774
5949,12,19775
5961,12,19776
5968,12,19777
5972,12,19778
5992,12,19779
6008,12,19780
6033,12,19781
6046,12,19782
6062,12,19783
6119,12,19784
6141,12,19785
6188,12,19786
6205,12,19787
6211,12,19788
6254,12,19789
6260,12,19790
6266,12,19791
6268,12,19792
6277,12,19793
6296,12,19794
6305,12,19795
6307,12,19796
6308,12,19797
6314,12,19798
6315,12,19799
6317,12,19800
6335,12,19801
6344,12,19802
6401,12,19803
6429,12,19804
6442,12,19805
6451,12,19806
6473,12,19807
6495,12,19808
6514,12,19809
6534,12,19810
6548,12,19811
6551,12,19812
6554,12,19813
6572,12,19814
6580,12,19815
6636,12,19816
6646,12,19817
6666,12,19818
6667,12,19819
6692,12,19820
6707,12,19821
6709,12,19822
6717,12,19823
6718,12,19824
6749,12,19825
6784,12,19826
6797,12,19827
6805,12,19828
6848,12,19829
6851,12,19830
6863,12,19831
6864,12,19832
6875,12,19833
6900,12,19834
6971,12,19835
7002,12,19836
7024,12,19837
7034,12,19838
7044,12,19839
7065,12,19840
7075,12,19841
7127,12,19842
7151,12,19843
7158,12,19844
7172,12,19845
7190,12,19846
7191,12,19847
7215,12,19848
7227,12,19849
7231,12,19850
7243,12,19851
7248,12,19852
7254,12,19853
7258,12,19854
7259,12,19855
7328,12,19856
7343,12,19857
7349,12,19858
7395,12,19859
7400,12,19860
7436,12,19861
7438,12,19862
7475,12,19863
7479,12,19864
7500,12,19865
7501,12,19866
7512,12,19867
7516,12,19868
7523,12,19869
7524,12,19870
7539,12,19871
7541,12,19872
7564,12,19873
7566,12,19874
7585,12,19875
7590,12,19876
7615,12,19877
7650,12,19878
7651,12,19879
7662,12,19880
7665,12,19881
7676,12,19882
7737,12,19883
7757,12,19884
7764,12,19885
7765,12,19886
7771,12,19887
7805,12,19888
7829,12,19889
7852,12,19890
7866,12,19891
7878,12,19892
7879,12,19893
7884,12,19894
7930,12,19895
7934,12,19896
7965,12,19897
8007,12,19898
8012,12,19899
8020,12,19900
8024,12,19901
8068,12,19902
8069,12,19903
8080,12,19904
8081,12,19905
8112,12,19906
8123,12,19907
8124,12,19908
8127,12,19909
8138,12,19910
8143,12,19911
8165,12,19912
8175,12,19913
8182,12,19914
8221,12,19915
8223,12,19916
8240,12,19917
8242,12,19918
8270,12,19919
8307,12,19920
8340,12,19921
8358,12,19922
8377,12,19923
8381,12,19924
8392,12,19925
8395,12,19926
8403,12,19927
8426,12,19928
8427,12,19929
8431,12,19930
8460,12,19931
8478,12,19932
8483,12,19933
8490,12,19934
8499,12,19935
8504,12,19936
8523,12,19937
8525,12,19938
8526,12,19939
8534,12,19940
8547,12,19941
8553,12,19942
8665,12,19943
8676,12,19944
8680,12,19945
8729,12,19946
8731,12,19947
8733,12,19948
8745,12,19949
8786,12,19950
8815,12,19951
8822,12,19952
8824,12,19953
8873,12,19954
8882,12,19955
8901,12,19956
8907,12,19957
8914,12,19958
8919,12,19959
8922,12,19960
8935,12,19961
8947,12,19962
8958,12,19963
8967,12,19964
8972,12,19965
9007,12,19966
9011,12,19967
9038,12,19968
9043,12,19969
9044,12,19970
9053,12,19971
9073,12,19972
9074,12,19973
9083,12,19974
9098,12,19975
9100,12,19976
9120,12,19977
9128,12,19978
9129,12,19979
9130,12,19980
9135,12,19981
9136,12,19982
9142,12,19983
9159,12,19984
9162,12,19985
9169,12,19986
9196,12,19987
9218,12,19988
9295,12,19989
9334,12,19990
9336,12,19991
9368,12,19992
9372,12,19993
9397,12,19994
9414,12,19995
9429,12,19996
9445,12,19997
9504,12,19998
9516,12,19999
9533,12,20000
9537,12,20001
9538,12,20002
9566,12,20003
9645,12,20004
9651,12,20005
9673,12,20006
9688,12,20007
9718,12,20008
9765,12,20009
9791,12,20010
9799,12,20011
9802,12,20012
9804,12,20013
9817,12,20014
9857,12,20015
9875,12,20016
9896,12,20017
9899,12,20018
9905,12,20019
9915,12,20020
9929,12,20021
9933,12,20022
9944,12,20023
9954,12,20024
9955,12,20025
9961,12,20026
9974,12,20027
10004,12,20028
10013,12,20029
10066,12,20030
10072,12,20031
10117,12,20032
10124,12,20033
10132,12,20034
10133,12,20035
10151,12,20036
10166,12,20037
10205,12,20038
10210,12,20039
10217,12,20040
10237,12,20041
10267,12,20042
10270,12,20043
10307,12,20044
10312,12,20045
10313,12,20046
10314,12,20047
10328,12,20048
10363,12,20049
10396,12,20050
10398,12,20051
10406,12,20052
10415,12,20053
10419,12,20054
10464,12,20055
10470,12,20056
10538,12,20057
10567,12,20058
10571,12,20059
10572,12,20060
10580,12,20061
10588,12,20062
10592,12,20063
10600,12,20064
10602,12,20065
10646,12,20066
10679,12,20067
10700,12,20068
10704,12,20069
10751,12,20070
10768,12,20071
10777,12,20072
10800,12,20073
10811,12,20074
10816,12,20075
10818,12,20076
10827,12,20077
10888,12,20078
10896,12,20079
10898,12,20080
10909,12,20081
10915,12,20082
10929,12,20083
10964,12,20084
10991,12,20085
11008,12,20086
11014,12,20087
11015,12,20088
11040,12,20089
11046,12,20090
11071,12,20091
11083,12,20092
11118,12,20093
11120,12,20094
11132,12,20095
11140,12,20096
11145,12,20097
11156,12,20098
11175,12,20099
11198,12,20100
11205,12,20101
11237,12,20102
11284,12,20103
11297,12,20104
11303,12,20105
11313,12,20106
11315,12,20107
11319,12,20108
11321,12,20109
11325,12,20110
11333,12,20111
11346,12,20112
11351,12,20113
11368,12,20114
11397,12,20115
11415,12,20116
11425,12,20117
11444,12,20118
11455,12,20119
11503,12,20120
11520,12,20121
11521,12,20122
11524,12,20123
11542,12,20124
11548,12,20125
11590,12,20126
11593,12,20127
11608,12,20128
11616,12,20129
11619,12,20130
11631,12,20131
11641,12,20132
11653,12,20133
11668,12,20134
11680,12,20135
11696,12,20136
11717,12,20137
11727,12,20138
11732,12,20139
11737,12,20140
11755,12,20141
11762,12,20142
11767,12,20143
11831,12,20144
11834,12,20145
11839,12,20146
11844,12,20147
11845,12,20148
11857,12,20149
11863,12,20150
11883,12,20151
11902,12,20152
11905,12,20153
11948,12,20154
11954,12,20155
11965,12,20156
11985,12,20157
11992,12,20158
11994,12,20159
12001,12,20160
12017,12,20161
12023,12,20162
12038,12,20163
12040,12,20164
12045,12,20165
12076,12,20166
12090,12,20167
12104,12,20168
12175,12,20169
12196,12,20170
12237,12,20171
12243,12,20172
12246,12,20173
12263,12,20174
12344,12,20175
12351,12,20176
12388,12,20177
12393,12,20178
12400,12,20179
12401,12,20180
12404,12,20181
12425,12,20182
12444,12,20183
12457,12,20184
12503,12,20185
12513,12,20186
12520,12,20187
12543,12,20188
12581,12,20189
12609,12,20190
12615,12,20191
12643,12,20192
12664,12,20193
12666,12,20194
12687,12,20195
12731,12,20196
12750,12,20197
12756,12,20198
12765,12,20199
12773,12,20200
12774,12,20201
12776,12,20202
12779,12,20203
12783,12,20204
12785,12,20205
12804,12,20206
12852,12,20207
12866,12,20208
12869,12,20209
12883,12,20210
12918,12,20211
12922,12,20212
12933,12,20213
12946,12,20214
12986,12,20215
12989,12,20216
12996,12,20217
13011,12,20218
13044,12,20219
13075,12,20220
13121,12,20221
13133,12,20222
13163,12,20223
13176,12,20224
13205,12,20225
13237,12,20226
13244,12,20227
13245,12,20228
13253,12,20229
13258,12,20230
13268,12,20231
13281,12,20232
13285,12,20233
13287,12,20234
13311,12,20235
13318,12,20236
13336,12,20237
13403,12,20238
13419,12,20239
13429,12,20240
13451,12,20241
13460,12,20242
13485,12,20243
13507,12,20244
13508,12,20245
13526,12,20246
13535,12,20247
13559,12,20248
13581,12,20249
13586,12,20250
13603,12,20251
13604,12,20252
13606,12,20253
13607,12,20254
13616,12,20255
13625,12,20256
13634,12,20257
13639,12,20258
13645,12,20259
13656,12,20260
13659,12,20261
13697,12,20262
13701,12,20263
13717,12,20264
13728,12,20265
13739,12,20266
13752,12,20267
13756,12,20268
13767,12,20269
13782,12,20270
13786,12,20271
13799,12,20272
13816,12,20273
13829,12,20274
13848,12,20275
13877,12,20276
13886,12,20277
13893,12,20278
13939,12,20279
13953,12,20280
13958,12,20281
13975,12,20282
13996,12,20283
13997,12,20284
14009,12,20285
14015,12,20286
14018,12,20287
14021,12,20288
14054,12,20289
14068,12,20290
14079,12,20291
14098,12,20292
14113,12,20293
14117,12,20294
14127,12,20295
14133,12,20296
14135,12,20297
14143,12,20298
14156,12,20299
14160,12,20300
14199,12,20301
14204,12,20302
14226,12,20303
14241,12,20304
14243,12,20305
14254,12,20306
14264,12,20307
14339,12,20308
14344,12,20309
14355,12,20310
14365,12,20311
14376,12,20312
14383,12,20313
14403,12,20314
14414,12,20315
14446,12,20316
14475,12,20317
14485,12,20318
14488,12,20319
14501,12,20320
14534,12,20321
14570,12,20322
14584,12,20323
14605,12,20324
14610,12,20325
14616,12,20326
14650,12,20327
14651,12,20328
14656,12,20329
14661,12,20330
14669,12,20331
14675,12,20332
14693,12,20333
14705,12,20334
14706,12,20335
14716,12,20336
14732,12,20337
14747,12,20338
14801,12,20339
14813,12,20340
14820,12,20341
14826,12,20342
14870,12,20343
14901,12,20344
14924,12,20345
14926,12,20346
14950,12,20347
14953,12,20348
14956,12,20349
14959,12,20350
14960,12,20351
14962,12,20352
14969,12,20353
15025,12,20354
15036,12,20355
15038,12,20356
15040,12,20357
15054,12,20358
15063,12,20359
15084,12,20360
15086,12,20361
15119,12,20362
15128,12,20363
15133,12,20364
15139,12,20365
15179,12,20366
15182,12,20367
15192,12,20368
15196,12,20369
15199,12,20370
15202,12,20371
15226,12,20372
15279,12,20373
15294,12,20374
15299,12,20375
15306,12,20376
15310,12,20377
15314,12,20378
15319,12,20379
15324,12,20380
15357,12,20381
15429,12,20382
15454,12,20383
15468,12,20384
15472,12,20385
15492,12,20386
15495,12,20387
15501,12,20388
15502,12,20389
15507,12,20390
15531,12,20391
15533,12,20392
15535,12,20393
15553,12,20394
15569,12,20395
15578,12,20396
15590,12,20397
15591,12,20398
15593,12,20399
15645,12,20400
15662,12,20401
15669,12,20402
15671,12,20403
15690,12,20404
15697,12,20405
15698,12,20406
15703,12,20407
15714,12,20408
15718,12,20409
15744,12,20410
15745,12,20411
15752,12,20412
15756,12,20413
15763,12,20414
15769,12,20415
15777,12,20416
15792,12,20417
15793,12,20418
15801,12,20419
15833,12,20420
15862,12,20421
15866,12,20422
15878,12,20423
15933,12,20424
15943,12,20425
15963,12,20426
15985,12,20427
16014,12,20428
16016,12,20429
16018,12,20430
16034,12,20431
16060,12,20432
16082,12,20433
16089,12,20434
16097,12,20435
16104,12,20436
16108,12,20437
16137,12,20438
16155,12,20439
16192,12,20440
16220,12,20441
16241,12,20442
16247,12,20443
16260,12,20444
16270,12,20445
16279,12,20446
16283,12,20447
16287,12,20448
16292,12,20449
16301,12,20450
16302,12,20451
16306,12,20452
16330,12,20453
16333,12,20454
16359,12,20455
16378,12,20456
16387,12,20457
16407,12,20458
16422,12,20459
16444,12,20460
16457,12,20461
16526,12,20462
16539,12,20463
16545,12,20464
16546,12,20465
16557,12,20466
16573,12,20467
16589,12,20468
16623,12,20469
16648,12,20470
16649,12,20471
16660,12,20472
16683,12,20473
16693,12,20474
16746,12,20475
16755,12,20476
16774,12,20477
16780,12,20478
16818,12,20479
16820,12,20480
16824,12,20481
16843,12,20482
16870,12,20483
16879,12,20484
16880,12,20485
16882,12,20486
16897,12,20487
16915,12,20488
16925,12,20489
16927,12,20490
16935,12,20491
16939,12,20492
16940,12,20493
16955,12,20494
16970,12,20495
16973,12,20496
16978,12,20497
17001,12,20498
17010,12,20499
17043,12,20500
17046,12,20501
17100,12,20502
17104,12,20503
17136,12,20504
17138,12,20505
17145,12,20506
17165,12,20507
17176,12,20508
17196,12,20509
17229,12,20510
17243,12,20511
17245,12,20512
17248,12,20513
17250,12,20514
17270,12,20515
17291,12,20516
17292,12,20517
17301,12,20518
17309,12,20519
17315,12,20520
17316,12,20521
17327,12,20522
17330,12,20523
17380,12,20524
17394,12,20525
17398,12,20526
17399,12,20527
17415,12,20528
17420,12,20529
17438,12,20530
17460,12,20531
17479,12,20532
17493,12,20533
17515,12,20534
17523,12,20535
17524,12,20536
17545,12,20537
17551,12,20538
17601,12,20539
17616,12,20540
17620,12,20541
17623,12,20542
17630,12,20543
17633,12,20544
17642,12,20545
17652,12,20546
17658,12,20547
17664,12,20548
17672,12,20549
17693,12,20550
17700,12,20551
17708,12,20552
17739,12,20553
17763,12,20554
17770,12,20555
17771,12,20556
17786,12,20557
17800,12,20558
17801,12,20559
17818,12,20560
17834,12,20561
17836,12,20562
17841,12,20563
17863,12,20564
17870,12,20565
17874,12,20566
17901,12,20567
17910,12,20568
17948,12,20569
17962,12,20570
17963,12,20571
17996,12,20572
17999,12,20573
18013,12,20574
18034,12,20575
18041,12,20576
18060,12,20577
18074,12,20578
18114,12,20579
18142,12,20580
18146,12,20581
18160,12,20582
18176,12,20583
18178,12,20584
18204,12,20585
18209,12,20586
18223,12,20587
18258,12,20588
18267,12,20589
18284,12,20590
18293,12,20591
18294,12,20592
18322,12,20593
18352,12,20594
18361,12,20595
18364,12,20596
18373,12,20597
18398,12,20598
18411,12,20599
18436,12,20600
18456,12,20601
18470,12,20602
18479,12,20603
18509,12,20604
18522,12,20605
18526,12,20606
18564,12,20607
18616,12,20608
18629,12,20609
18637,12,20610
18643,12,20611
18647,12,20612
18656,12,20613
18659,12,20614
18718,12,20615
18754,12,20616
18776,12,20617
18779,12,20618
18789,12,20619
18795,12,20620
18801,12,20621
18819,12,20622
18841,12,20623
18845,12,20624
18855,12,20625
18864,12,20626
18884,12,20627
18896,12,20628
18927,12,20629
18945,12,20630
18951,12,20631
18958,12,20632
18967,12,20633
18976,12,20634
18989,12,20635
18999,12,20636
19012,12,20637
19040,12,20638
19066,12,20639
19083,12,20640
19089,12,20641
19090,12,20642
19096,12,20643
19124,12,20644
19125,12,20645
19129,12,20646
19154,12,20647
19155,12,20648
19165,12,20649
19183,12,20650
19201,12,20651
19202,12,20652
19207,12,20653
19225,12,20654
19243,12,20655
19244,12,20656
19270,12,20657
19322,12,20658
19406,12,20659
19411,12,20660
19432,12,20661
19445,12,20662
19457,12,20663
19461,12,20664
19464,12,20665
19467,12,20666
19471,12,20667
19477,12,20668
19482,12,20669
19492,12,20670
19498,12,20671
19501,12,20672
19506,12,20673
19518,12,20674
19535,12,20675
19589,12,20676
19608,12,20677
19616,12,20678
19619,12,20679
19641,12,20680
19651,12,20681
19667,12,20682
19671,12,20683
19688,12,20684
19704,12,20685
19718,12,20686
19720,12,20687
19794,12,20688
19835,12,20689
19843,12,20690
19852,12,20691
19862,12,20692
19871,12,20693
19904,12,20694
19918,12,20695
19919,12,20696
19925,12,20697
19927,12,20698
19950,12,20699
19969,12,20700
19986,12,20701
20001,12,20702
20022,12,20703
20027,12,20704
20030,12,20705
20070,12,20706
20084,12,20707
20124,12,20708
20134,12,20709
20135,12,20710
20150,12,20711
20157,12,20712
20212,12,20713
20215,12,20714
20220,12,20715
20225,12,20716
20230,12,20717
20231,12,20718
20234,12,20719
20262,12,20720
20271,12,20721
20289,12,20722
20298,12,20723
20334,12,20724
20350,12,20725
20369,12,20726
20388,12,20727
20394,12,20728
20411,12,20729
20419,12,20730
20444,12,20731
20472,12,20732
20485,12,20733
20507,12,20734
20521,12,20735
20522,12,20736
20545,12,20737
20550,12,20738
20552,12,20739
20554,12,20740
20558,12,20741
20583,12,20742
20593,12,20743
20612,12,20744
20632,12,20745
20633,12,20746
20634,12,20747
20655,12,20748
20664,12,20749
20694,12,20750
20717,12,20751
20724,12,20752
20775,12,20753
20785,12,20754
20803,12,20755
20846,12,20756
20867,12,20757
20877,12,20758
20879,12,20759
20920,12,20760
20971,12,20761
20974,12,20762
20991,12,20763
21000,12,20764
21012,12,20765
21021,12,20766
21029,12,20767
21050,12,20768
21071,12,20769
21079,12,20770
21081,12,20771
21083,12,20772
21086,12,20773
21098,12,20774
21104,12,20775
21110,12,20776
21127,12,20777
21153,12,20778
21155,12,20779
21191,12,20780
21194,12,20781
21200,12,20782
21205,12,20783
21227,12,20784
21250,12,20785
21263,12,20786
21276,12,20787
21290,12,20788
21298,12,20789
21299,12,20790
21300,12,20791
21339,12,20792
21343,12,20793
21365,12,20794
21394,12,20795
21420,12,20796
21424,12,20797
21425,12,20798
21482,12,20799
21491,12,20800
21495,12,20801
21496,12,20802
21504,12,20803
21511,12,20804
21525,12,20805
21529,12,20806
21541,12,20807
21549,12,20808
21558,12,20809
21610,12,20810
21614,12,20811
21655,12,20812
21670,12,20813
21674,12,20814
21689,12,20815
21699,12,20816
21719,12,20817
21721,12,20818
21726,12,20819
21784,12,20820
21803,12,20821
21870,12,20822
21959,12,20823
21960,12,20824
21966,12,20825
21979,12,20826
21991,12,20827
22013,12,20828
22021,12,20829
22028,12,20830
22032,12,20831
22033,12,20832
22054,12,20833
22056,12,20834
22072,12,20835
22075,12,20836
22104,12,20837
22108,12,20838
22135,12,20839
22140,12,20840
22147,12,20841
22149,12,20842
22157,12,20843
22161,12,20844
22171,12,20845
22174,12,20846
22186,12,20847
22189,12,20848
22207,12,20849
22245,12,20850
22253,12,20851
22254,12,20852
22288,12,20853
22294,12,20854
22327,12,20855
22339,12,20856
22351,12,20857
22392,12,20858
22396,12,20859
22431,12,20860
22474,12,20861
22476,12,20862
22518,12,20863
22548,12,20864
22568,12,20865
22598,12,20866
22611,12,20867
22612,12,20868
22614,12,20869
22678,12,20870
22690,12,20871
22694,12,20872
22707,12,20873
22754,12,20874
22759,12,20875
22776,12,20876
22806,12,20877
22817,12,20878
22845,12,20879
22857,12,20880
22863,12,20881
22914,12,20882
22956,12,20883
22974,12,20884
22988,12,20885
23040,12,20886
23059,12,20887
23062,12,20888
23065,12,20889
23083,12,20890
23111,12,20891
23113,12,20892
23122,12,20893
23157,12,20894
23160,12,20895
23166,12,20896
23189,12,20897
23209,12,20898
23228,12,20899
23245,12,20900
23287,12,20901
23304,12,20902
23316,12,20903
23319,12,20904
23322,12,20905
23334,12,20906
23356,12,20907
23359,12,20908
23362,12,20909
23369,12,20910
23388,12,20911
23419,12,20912
23425,12,20913
23448,12,20914
23455,12,20915
23458,12,20916
23461,12,20917
23462,12,20918
23476,12,20919
23487,12,20920
23521,12,20921
23527,12,20922
23550,12,20923
23552,12,20924
23580,12,20925
23583,12,20926
23589,12,20927
23617,12,20928
23638,12,20929
23644,12,20930
23661,12,20931
23682,12,20932
23692,12,20933
23754,12,20934
23806,12,20935
23807,12,20936
23818,12,20937
23824,12,20938
23828,12,20939
23834,12,20940
23846,12,20941
23850,12,20942
23859,12,20943
23875,12,20944
23891,12,20945
23900,12,20946
23942,12,20947
23945,12,20948
23957,12,20949
23970,12,20950
23994,12,20951
23995,12,20952
23998,12,20953
24004,12,20954
24036,12,20955
24069,12,20956
24073,12,20957
24091,12,20958
24108,12,20959
24117,12,20960
24137,12,20961
24144,12,20962
24148,12,20963
24169,12,20964
24193,12,20965
24220,12,20966
24238,12,20967
24269,12,20968
24303,12,20969
24328,12,20970
24347,12,20971
24348,12,20972
24351,12,20973
24393,12,20974
24435,12,20975
24478,12,20976
24513,12,20977
24524,12,20978
24547,12,20979
24568,12,20980
24586,12,20981
24601,12,20982
24628,12,20983
24629,12,20984
24645,12,20985
24650,12,20986
24660,12,20987
24681,12,20988
24684,12,20989
24687,12,20990
24695,12,20991
24698,12,20992
24725,12,20993
24744,12,20994
24755,12,20995
24790,12,20996
24804,12,20997
24809,12,20998
24816,12,20999
24845,12,21000
24855,12,21001
24867,12,21002
24873,12,21003
24900,12,21004
24966,12,21005
24994,12,21006
25030,12,21007
25034,12,21008
25035,12,21009
25053,12,21010
25061,12,21011
25079,12,21012
25109,12,21013
25110,12,21014
25147,12,21015
25149,12,21016
25164,12,21017
25176,12,21018
25177,12,21019
25190,12,21020
25197,12,21021
25201,12,21022
25203,12,21023
25206,12,21024
25231,12,21025
25263,12,21026
25264,12,21027
25266,12,21028
25279,12,21029
25295,12,21030
25314,12,21031
25339,12,21032
25357,12,21033
25358,12,21034
25360,12,21035
25364,12,21036
25365,12,21037
25372,12,21038
25383,12,21039
25384,12,21040
25395,12,21041
25417,12,21042
25425,12,21043
25434,12,21044
25457,12,21045
25472,12,21046
25474,12,21047
25475,12,21048
25501,12,21049
25502,12,21050
25525,12,21051
25550,12,21052
25585,12,21053
25590,12,21054
25603,12,21055
25611,12,21056
25628,12,21057
25633,12,21058
25645,12,21059
25656,12,21060
25661,12,21061
25681,12,21062
25686,12,21063
25688,12,21064
25694,12,21065
25708,12,21066
25709,12,21067
25726,12,21068
25736,12,21069
25748,12,21070
25761,12,21071
25770,12,21072
25796,12,21073
25811,12,21074
25815,12,21075
25816,12,21076
25848,12,21077
25850,12,21078
25853,12,21079
25859,12,21080
25871,12,21081
25874,12,21082
25882,12,21083
25888,12,21084
25901,12,21085
25965,12,21086
25967,12,21087
25987,12,21088
25989,12,21089
25996,12,21090
25998,12,21091
26010,12,21092
26017,12,21093
26030,12,21094
26033,12,21095
26052,12,21096
26093,12,21097
26095,12,21098
26117,12,21099
26139,12,21100
26158,12,21101
26165,12,21102
26174,12,21103
26223,12,21104
26263,12,21105
26268,12,21106
26275,12,21107
26280,12,21108
26289,12,21109
26297,12,21110
26305,12,21111
26318,12,21112
26319,12,21113
26321,12,21114
26366,12,21115
26390,12,21116
26412,12,21117
26426,12,21118
26431,12,21119
26438,12,21120
26439,12,21121
26444,12,21122
26447,12,21123
26458,12,21124
26461,12,21125
26465,12,21126
26495,12,21127
26499,12,21128
26559,12,21129
26565,12,21130
26572,12,21131
26574,12,21132
26602,12,21133
26620,12,21134
26637,12,21135
26672,12,21136
26675,12,21137
26681,12,21138
26691,12,21139
26729,12,21140
26746,12,21141
26787,12,21142
26800,12,21143
26835,12,21144
26844,12,21145
26874,12,21146
26876,12,21147
26889,12,21148
26895,12,21149
26913,12,21150
26923,12,21151
26933,12,21152
26935,12,21153
26968,12,21154
27019,12,21155
27055,12,21156
27102,12,21157
27104,12,21158
27109,12,21159
27117,12,21160
27127,12,21161
27131,12,21162
27138,12,21163
27141,12,21164
27146,12,21165
27154,12,21166
27172,12,21167
27182,12,21168
27196,12,21169
27221,12,21170
27222,12,21171
27227,12,21172
27278,12,21173
27314,12,21174
27319,12,21175
27331,12,21176
27363,12,21177
27366,12,21178
27368,12,21179
27371,12,21180
27372,12,21181
27380,12,21182
27400,12,21183
27414,12,21184
27418,12,21185
27443,12,21186
27456,12,21187
27461,12,21188
27483,12,21189
27488,12,21190
27503,12,21191
27537,12,21192
27545,12,21193
27574,12,21194
27597,12,21195
27604,12,21196
27683,12,21197
27689,12,21198
27707,12,21199
27756,12,21200
27768,12,21201
27777,12,21202
27848,12,21203
27854,12,21204
27856,12,21205
27857,12,21206
27863,12,21207
27866,12,21208
27880,12,21209
27883,12,21210
27895,12,21211
27907,12,21212
27909,12,21213
27921,12,21214
27922,12,21215
27944,12,21216
27945,12,21217
27948,12,21218
27951,12,21219
27957,12,21220
27987,12,21221
27990,12,21222
28033,12,21223
28041,12,21224
28042,12,21225
28059,12,21226
28063,12,21227
28081,12,21228
28083,12,21229
28100,12,21230
28103,12,21231
28109,12,21232
28133,12,21233
28139,12,21234
28149,12,21235
28151,12,21236
28159,12,21237
28166,12,21238
28187,12,21239
28198,12,21240
28202,12,21241
28212,12,21242
28220,12,21243
28231,12,21244
28232,12,21245
28241,12,21246
28247,12,21247
28257,12,21248
28265,12,21249
28268,12,21250
28278,12,21251
28287,12,21252
28302,12,21253
28306,12,21254
28311,12,21255
28315,12,21256
28321,12,21257
28392,12,21258
28395,12,21259
28396,12,21260
28452,12,21261
28482,12,21262
28494,12,21263
28503,12,21264
28508,12,21265
28555,12,21266
28559,12,21267
28606,12,21268
28616,12,21269
28617,12,21270
28622,12,21271
28642,12,21272
28657,12,21273
28672,12,21274
28677,12,21275
28680,12,21276
28721,12,21277
28722,12,21278
28730,12,21279
28749,12,21280
28778,12,21281
28786,12,21282
28787,12,21283
28790,12,21284
28799,12,21285
28827,12,21286
28853,12,21287
28858,12,21288
28860,12,21289
28867,12,21290
28869,12,21291
28871,12,21292
28876,12,21293
28882,12,21294
28884,12,21295
28888,12,21296
28897,12,21297
28910,12,21298
28952,12,21299
28955,12,21300
28985,12,21301
28992,12,21302
28993,12,21303
28998,12,21304
29007,12,21305
29022,12,21306
29030,12,21307
29032,12,21308
29077,12,21309
29097,12,21310
29107,12,21311
29113,12,21312
29118,12,21313
29120,12,21314
29122,12,21315
29135,12,21316
29146,12,21317
29160,12,21318
29167,12,21319
29174,12,21320
29202,12,21321
29216,12,21322
29237,12,21323
29238,12,21324
29286,12,21325
29292,12,21326
29302,12,21327
29304,12,21328
29308,12,21329
29309,12,21330
29311,12,21331
29332,12,21332
29336,12,21333
29346,12,21334
29350,12,21335
29369,12,21336
29372,12,21337
29379,12,21338
29400,12,21339
29405,12,21340
29417,12,21341
29420,12,21342
29426,12,21343
29429,12,21344
29430,12,21345
29437,12,21346
29458,12,21347
29459,12,21348
29462,12,21349
29469,12,21350
29486,12,21351
29511,12,21352
29545,12,21353
29547,12,21354
29553,12,21355
29581,12,21356
29584,12,21357
29589,12,21358
29616,12,21359
29627,12,21360
29629,12,21361
29630,12,21362
29635,12,21363
29646,12,21364
29659,12,21365
29669,12,21366
29690,12,21367
29698,12,21368
29725,12,21369
29727,12,21370
29730,12,21371
29732,12,21372
29749,12,21373
29791,12,21374
29793,12,21375
29818,12,21376
29820,12,21377
29826,12,21378
29831,12,21379
29857,12,21380
29895,12,21381
29903,12,21382
29916,12,21383
29920,12,21384
29923,12,21385
29946,12,21386
29947,12,21387
29949,12,21388
29957,12,21389
29967,12,21390
29970,12,21391
29980,12,21392
29981,12,21393
29985,12,21394
29995,12,21395
30000,12,21396
30012,12,21397
30016,12,21398
30021,12,21399
30024,12,21400
30026,12,21401
30045,12,21402
30067,12,21403
30072,12,21404
30081,12,21405
30120,12,21406
30131,12,21407
30150,12,21408
30160,12,21409
30167,12,21410
30180,12,21411
30200,12,21412
30209,12,21413
30237,12,21414
30248,12,21415
30251,12,21416
30270,12,21417
30271,12,21418
30300,12,21419
30326,12,21420
30342,12,21421
30348,12,21422
30349,12,21423
30350,12,21424
30365,12,21425
30388,12,21426
30392,12,21427
30406,12,21428
30423,12,21429
30453,12,21430
30455,12,21431
30456,12,21432
30465,12,21433
30530,12,21434
30541,12,21435
30542,12,21436
30574,12,21437
30657,12,21438
30664,12,21439
30694,12,21440
30715,12,21441
30740,12,21442
30758,12,21443
30760,12,21444
30768,12,21445
30805,12,21446
30842,12,21447
30846,12,21448
30880,12,21449
30919,12,21450
30923,12,21451
30935,12,21452
30950,12,21453
30957,12,21454
30961,12,21455
30980,12,21456
30992,12,21457
31004,12,21458
31037,12,21459
31045,12,21460
31082,12,21461
31103,12,21462
31108,12,21463
31111,12,21464
31113,12,21465
31117,12,21466
31132,12,21467
31133,12,21468
31140,12,21469
31151,12,21470
31158,12,21471
31159,12,21472
31160,12,21473
31161,12,21474
31178,12,21475
31187,12,21476
31188,12,21477
31208,12,21478
31210,12,21479
31224,12,21480
31305,12,21481
31309,12,21482
31334,12,21483
31351,12,21484
31378,12,21485
31386,12,21486
31415,12,21487
31417,12,21488
31436,12,21489
31439,12,21490
31445,12,21491
31493,12,21492
31499,12,21493
31504,12,21494
31528,12,21495
31571,12,21496
31577,12,21497
31601,12,21498
31611,12,21499
31626,12,21500
31644,12,21501
31668,12,21502
31704,12,21503
31713,12,21504
31723,12,21505
31728,12,21506
31730,12,21507
31734,12,21508
31745,12,21509
31750,12,21510
31755,12,21511
31774,12,21512
31792,12,21513
31794,12,21514
31805,12,21515
31834,12,21516
31837,12,21517
31867,12,21518
31869,12,21519
31872,12,21520
31884,12,21521
31901,12,21522
31928,12,21523
31933,12,21524
31938,12,21525
31951,12,21526
31953,12,21527
31963,12,21528
31964,12,21529
31999,12,21530
32000,12,21531
32002,12,21532
32005,12,21533
32009,12,21534
32020,12,21535
32043,12,21536
32046,12,21537
32047,12,21538
32055,12,21539
32056,12,21540
32058,12,21541
32064,12,21542
32071,12,21543
32108,12,21544
32111,12,21545
32112,12,21546
32114,12,21547
32158,12,21548
32173,12,21549
32184,12,21550
32232,12,21551
32241,12,21552
32254,12,21553
32262,12,21554
32270,12,21555
32271,12,21556
32275,12,21557
32284,12,21558
32314,12,21559
32319,12,21560
32321,12,21561
32332,12,21562
32347,12,21563
32352,12,21564
32366,12,21565
32373,12,21566
32374,12,21567
32381,12,21568
32411,12,21569
32418,12,21570
32424,12,21571
32428,12,21572
32429,12,21573
32435,12,21574
32438,12,21575
32461,12,21576
32462,12,21577
32468,12,21578
32476,12,21579
32492,12,21580
32495,12,21581
32500,12,21582
32504,12,21583
32510,12,21584
32532,12,21585
32551,12,21586
32555,12,21587
32560,12,21588
32655,12,21589
32688,12,21590
32704,12,21591
32738,12,21592
32750,12,21593
32793,12,21594
32796,12,21595
32806,12,21596
32832,12,21597
32837,12,21598
32840,12,21599
32880,12,21600
32891,12,21601
32899,12,21602
32900,12,21603
32903,12,21604
32904,12,21605
32937,12,21606
32968,12,21607
32974,12,21608
32983,12,21609
32985,12,21610
32988,12,21611
32991,12,21612
32996,12,21613
33011,12,21614
33023,12,21615
33031,12,21616
33057,12,21617
33070,12,21618
33090,12,21619
33093,12,21620
33140,12,21621
33149,12,21622
33155,12,21623
33169,12,21624
33176,12,21625
33183,12,21626
33187,12,21627
33192,12,21628
33203,12,21629
33220,12,21630
33229,12,21631
33238,12,21632
33250,12,21633
33251,12,21634
33297,12,21635
33299,12,21636
33312,12,21637
33325,12,21638
33348,12,21639
33358,12,21640
33363,12,21641
33380,12,21642
33407,12,21643
33418,12,21644
33423,12,21645
33442,12,21646
33544,12,21647
33559,12,21648
33572,12,21649
33576,12,21650
33607,12,21651
33656,12,21652
33726,12,21653
33752,12,21654
33760,12,21655
33778,12,21656
33788,12,21657
33820,12,21658
33823,12,21659
33834,12,21660
33849,12,21661
33851,12,21662
33854,12,21663
33862,12,21664
33869,12,21665
33872,12,21666
33887,12,21667
33889,12,21668
33892,12,21669
33908,12,21670
33910,12,21671
33922,12,21672
33923,12,21673
33929,12,21674
33949,12,21675
33958,12,21676
34028,12,21677
34036,12,21678
34073,12,21679
34074,12,21680
34097,12,21681
34107,12,21682
34113,12,21683
34114,12,21684
34135,12,21685
34137,12,21686
34146,12,21687
34181,12,21688
34200,12,21689
34202,12,21690
34220,12,21691
34233,12,21692
34234,12,21693
34252,12,21694
34256,12,21695
34283,12,21696
34323,12,21697
34331,12,21698
34334,12,21699
34366,12,21700
34390,12,21701
34419,12,21702
34463,12,21703
34479,12,21704
34516,12,21705
34517,12,21706
34519,12,21707
34540,12,21708
34552,12,21709
34553,12,21710
34564,12,21711
34590,12,21712
34613,12,21713
34630,12,21714
34642,12,21715
34656,12,21716
34668,12,21717
34676,12,21718
34693,12,21719
34751,12,21720
34756,12,21721
34775,12,21722
34777,12,21723
34780,12,21724
34783,12,21725
34786,12,21726
34792,12,21727
34794,12,21728
34803,12,21729
34818,12,21730
34825,12,21731
34850,12,21732
34851,12,21733
34865,12,21734
34874,12,21735
34876,12,21736
34881,12,21737
34898,12,21738
34900,12,21739
34906,12,21740
34908,12,21741
34921,12,21742
34933,12,21743
34978,12,21744
34989,12,21745
34990,12,21746
35015,12,21747
35034,12,21748
35047,12,21749
35051,12,21750
35069,12,21751
35076,12,21752
35077,12,21753
35091,12,21754
35095,12,21755
35097,12,21756
35123,12,21757
35125,12,21758
35127,12,21759
35150,12,21760
35151,12,21761
35158,12,21762
35186,12,21763
35237,12,21764
35240,12,21765
35299,12,21766
35310,12,21767
35314,12,21768
35329,12,21769
35337,12,21770
35369,12,21771
35395,12,21772
35410,12,21773
35454,12,21774
35455,12,21775
35467,12,21776
35486,12,21777
35493,12,21778
35504,12,21779
35505,12,21780
35507,12,21781
35531,12,21782
35549,12,21783
35578,12,21784
35589,12,21785
35592,12,21786
35599,12,21787
35619,12,21788
35661,12,21789
35679,12,21790
35686,12,21791
35693,12,21792
35730,12,21793
35739,12,21794
35753,12,21795
35763,12,21796
35776,12,21797
35783,12,21798
35786,12,21799
35788,12,21800
35799,12,21801
35837,12,21802
35842,12,21803
35848,12,21804
35850,12,21805
35865,12,21806
35884,12,21807
35889,12,21808
35923,12,21809
35936,12,21810
35948,12,21811
35949,12,21812
35957,12,21813
35978,12,21814
35996,12,21815
36027,12,21816
36066,12,21817
36074,12,21818
36132,12,21819
36162,12,21820
36202,12,21821
36241,12,21822
36247,12,21823
36261,12,21824
36322,12,21825
36330,12,21826
36333,12,21827
36343,12,21828
36349,12,21829
36421,12,21830
36448,12,21831
36451,12,21832
36467,12,21833
36469,12,21834
36493,12,21835
36503,12,21836
36515,12,21837
36533,12,21838
36537,12,21839
36551,12,21840
36560,12,21841
36572,12,21842
36578,12,21843
36584,12,21844
36592,12,21845
36594,12,21846
36602,12,21847
36639,12,21848
36668,12,21849
36674,12,21850
36677,12,21851
36703,12,21852
36706,12,21853
36712,12,21854
36724,12,21855
36738,12,21856
36747,12,21857
36776,12,21858
36792,12,21859
36795,12,21860
36797,12,21861
36838,12,21862
36840,12,21863
36847,12,21864
36880,12,21865
36896,12,21866
36906,12,21867
36907,12,21868
36954,12,21869
36963,12,21870
36968,12,21871
37010,12,21872
37016,12,21873
37025,12,21874
37026,12,21875
37067,12,21876
37081,12,21877
37098,12,21878
37123,12,21879
37144,12,21880
37145,12,21881
37193,12,21882
37200,12,21883
37220,12,21884
37279,12,21885
37296,12,21886
37316,12,21887
37337,12,21888
37338,12,21889
37343,12,21890
37354,12,21891
37399,12,21892
37422,12,21893
37429,12,21894
37454,12,21895
37455,12,21896
37493,12,21897
37517,12,21898
37520,12,21899
37537,12,21900
37571,12,21901
37604,12,21902
37614,12,21903
37636,12,21904
37670,12,21905
37671,12,21906
37673,12,21907
37691,12,21908
37711,12,21909
37750,12,21910
37765,12,21911
37773,12,21912
37792,12,21913
37793,12,21914
37805,12,21915
37826,12,21916
37834,12,21917
37845,12,21918
37849,12,21919
37883,12,21920
37899,12,21921
37903,12,21922
37917,12,21923
37921,12,21924
37923,12,21925
37932,12,21926
37986,12,21927
37993,12,21928
38003,12,21929
38009,12,21930
38036,12,21931
38049,12,21932
38068,12,21933
38128,12,21934
38152,12,21935
38174,12,21936
38230,12,21937
38233,12,21938
38237,12,21939
38244,12,21940
38252,12,21941
38254,12,21942
38301,12,21943
38315,12,21944
38323,12,21945
38325,12,21946
38332,12,21947
38334,12,21948
38335,12,21949
38337,12,21950
38359,12,21951
38378,12,21952
38390,12,21953
38391,12,21954
38398,12,21955
38399,12,21956
38401,12,21957
38403,12,21958
38410,12,21959
38411,12,21960
38421,12,21961
38430,12,21962
38431,12,21963
38451,12,21964
38460,12,21965
38487,12,21966
38499,12,21967
38503,12,21968
38524,12,21969
38525,12,21970
38544,12,21971
38552,12,21972
38575,12,21973
38588,12,21974
38613,12,21975
38614,12,21976
38615,12,21977
38618,12,21978
38627,12,21979
38630,12,21980
38639,12,21981
38652,12,21982
38675,12,21983
38686,12,21984
38691,12,21985
38700,12,21986
38708,12,21987
38724,12,21988
38741,12,21989
38759,12,21990
38766,12,21991
38775,12,21992
38795,12,21993
38803,12,21994
38813,12,21995
38815,12,21996
38817,12,21997
38820,12,21998
38838,12,21999
38891,12,22000
38895,12,22001
38916,12,22002
38920,12,22003
38936,12,22004
38946,12,22005
38951,12,22006
38968,12,22007
38995,12,22008
38999,12,22009
39018,12,22010
39032,12,22011
39041,12,22012
39061,12,22013
39083,12,22014
39094,12,22015
39128,12,22016
39159,12,22017
39236,12,22018
39247,12,22019
39287,12,22020
39292,12,22021
39316,12,22022
39346,12,22023
39353,12,22024
39391,12,22025
39420,12,22026
39424,12,22027
39445,12,22028
39491,12,22029
39499,12,22030
39507,12,22031
39528,12,22032
39537,12,22033
39543,12,22034
39587,12,22035
39646,12,22036
39650,12,22037
39710,12,22038
39713,12,22039
39717,12,22040
39732,12,22041
39756,12,22042
39798,12,22043
39804,12,22044
39814,12,22045
39829,12,22046
39866,12,22047
39886,12,22048
39889,12,22049
39890,12,22050
39911,12,22051
39919,12,22052
39943,12,22053
39947,12,22054
39950,12,22055
39960,12,22056
39979,12,22057
39984,12,22058
40009,12,22059
40016,12,22060
40035,12,22061
40067,12,22062
40092,12,22063
40142,12,22064
40147,12,22065
40171,12,22066
40175,12,22067
40203,12,22068
40227,12,22069
40248,12,22070
40263,12,22071
40288,12,22072
40296,12,22073
40317,12,22074
40326,12,22075
40351,12,22076
40359,12,22077
40364,12,22078
40370,12,22079
40398,12,22080
40409,12,22081
40414,12,22082
40415,12,22083
40460,12,22084
40504,12,22085
40514,12,22086
40560,12,22087
40592,12,22088
40619,12,22089
40621,12,22090
40686,12,22091
40745,12,22092
40746,12,22093
40789,12,22094
40849,12,22095
40899,12,22096
40957,12,22097
10,11,22098
24,11,22099
46,11,22100
55,11,22101
58,11,22102
66,11,22103
72,11,22104
111,11,22105
120,11,22106
157,11,22107
175,11,22108
188,11,22109
191,11,22110
234,11,22111
260,11,22112
351,11,22113
357,11,22114
358,11,22115
362,11,22116
413,11,22117
424,11,22118
427,11,22119
429,11,22120
544,11,22121
567,11,22122
633,11,22123
708,11,22124
716,11,22125
726,11,22126
777,11,22127
855,11,22128
867,11,22129
914,11,22130
1018,11,22131
1036,11,22132
1055,11,22133
1088,11,22134
1093,11,22135
1123,11,22136
1143,11,22137
1145,11,22138
1155,11,22139
1161,11,22140
1255,11,22141
1256,11,22142
1272,11,22143
1308,11,22144
1341,11,22145
1359,11,22146
1404,11,22147
1409,11,22148
1447,11,22149
1535,11,22150
1540,11,22151
1547,11,22152
1557,11,22153
1595,11,22154
1603,11,22155
1634,11,22156
1648,11,22157
1669,11,22158
1678,11,22159
1705,11,22160
1736,11,22161
1738,11,22162
1748,11,22163
1769,11,22164
1773,11,22165
1774,11,22166
1823,11,22167
1828,11,22168
1871,11,22169
1904,11,22170
1924,11,22171
1999,11,22172
2029,11,22173
2043,11,22174
2063,11,22175
2106,11,22176
2129,11,22177
2140,11,22178
2182,11,22179
2192,11,22180
2200,11,22181
2204,11,22182
2227,11,22183
2237,11,22184
2326,11,22185
2329,11,22186
2331,11,22187
2333,11,22188
2336,11,22189
2350,11,22190
2419,11,22191
2424,11,22192
2447,11,22193
2459,11,22194
2560,11,22195
2565,11,22196
2569,11,22197
2579,11,22198
2582,11,22199
2596,11,22200
2609,11,22201
2619,11,22202
2682,11,22203
2703,11,22204
2720,11,22205
2738,11,22206
2759,11,22207
2760,11,22208
2770,11,22209
2781,11,22210
2788,11,22211
2798,11,22212
2804,11,22213
2806,11,22214
2808,11,22215
2810,11,22216
2818,11,22217
2823,11,22218
2852,11,22219
2854,11,22220
2855,11,22221
2889,11,22222
2899,11,22223
2910,11,22224
2918,11,22225
2948,11,22226
2951,11,22227
2985,11,22228
2997,11,22229
3111,11,22230
3115,11,22231
3119,11,22232
3123,11,22233
3150,11,22234
3205,11,22235
3225,11,22236
3242,11,22237
3254,11,22238
3286,11,22239
3353,11,22240
3379,11,22241
3393,11,22242
3485,11,22243
3496,11,22244
3498,11,22245
3500,11,22246
3521,11,22247
3528,11,22248
3560,11,22249
3561,11,22250
3564,11,22251
3568,11,22252
3571,11,22253
3580,11,22254
3590,11,22255
3608,11,22256
3623,11,22257
3639,11,22258
3645,11,22259
3650,11,22260
3660,11,22261
3695,11,22262
3705,11,22263
3717,11,22264
3734,11,22265
3752,11,22266
3763,11,22267
3819,11,22268
3824,11,22269
3827,11,22270
3828,11,22271
3855,11,22272
3874,11,22273
3892,11,22274
3896,11,22275
3897,11,22276
3905,11,22277
3917,11,22278
3942,11,22279
3944,11,22280
3960,11,22281
4022,11,22282
4027,11,22283
4047,11,22284
4070,11,22285
4110,11,22286
4114,11,22287
4126,11,22288
4150,11,22289
4177,11,22290
4193,11,22291
4195,11,22292
4251,11,22293
4260,11,22294
4263,11,22295
4279,11,22296
4293,11,22297
4296,11,22298
4320,11,22299
4354,11,22300
4372,11,22301
4379,11,22302
4421,11,22303
4427,11,22304
4444,11,22305
4448,11,22306
4454,11,22307
4483,11,22308
4500,11,22309
4501,11,22310
4517,11,22311
4539,11,22312
4540,11,22313
4549,11,22314
4580,11,22315
4588,11,22316
4590,11,22317
4600,11,22318
4617,11,22319
4632,11,22320
4636,11,22321
4644,11,22322
4652,11,22323
4727,11,22324
4743,11,22325
4749,11,22326
4750,11,22327
4773,11,22328
4780,11,22329
4791,11,22330
4817,11,22331
4838,11,22332
4855,11,22333
4866,11,22334
4880,11,22335
4884,11,22336
4899,11,22337
4903,11,22338
4913,11,22339
4919,11,22340
4925,11,22341
4935,11,22342
4940,11,22343
4942,11,22344
4948,11,22345
4957,11,22346
4968,11,22347
4971,11,22348
5011,11,22349
5020,11,22350
5022,11,22351
5023,11,22352
5045,11,22353
5051,11,22354
5066,11,22355
5073,11,22356
5086,11,22357
5088,11,22358
5105,11,22359
5122,11,22360
5141,11,22361
5143,11,22362
5193,11,22363
5204,11,22364
5206,11,22365
5207,11,22366
5208,11,22367
5209,11,22368
5210,11,22369
5236,11,22370
5241,11,22371
5253,11,22372
5298,11,22373
5336,11,22374
5351,11,22375
5357,11,22376
5425,11,22377
5495,11,22378
5535,11,22379
5540,11,22380
5544,11,22381
5554,11,22382
5559,11,22383
5567,11,22384
5571,11,22385
5572,11,22386
5574,11,22387
5720,11,22388
5722,11,22389
5739,11,22390
5742,11,22391
5755,11,22392
5762,11,22393
5782,11,22394
5804,11,22395
5806,11,22396
5813,11,22397
5821,11,22398
5822,11,22399
5823,11,22400
5825,11,22401
5836,11,22402
5841,11,22403
5843,11,22404
5845,11,22405
5846,11,22406
5869,11,22407
5876,11,22408
5889,11,22409
5894,11,22410
5903,11,22411
5911,11,22412
5924,11,22413
5940,11,22414
5955,11,22415
5977,11,22416
5978,11,22417
5993,11,22418
6027,11,22419
6030,11,22420
6049,11,22421
6084,11,22422
6085,11,22423
6094,11,22424
6114,11,22425
6115,11,22426
6134,11,22427
6140,11,22428
6146,11,22429
6156,11,22430
6213,11,22431
6222,11,22432
6251,11,22433
6279,11,22434
6294,11,22435
6301,11,22436
6311,11,22437
6313,11,22438
6322,11,22439
6326,11,22440
6346,11,22441
6368,11,22442
6386,11,22443
6394,11,22444
6400,11,22445
6402,11,22446
6410,11,22447
6418,11,22448
6433,11,22449
6438,11,22450
6485,11,22451
6486,11,22452
6505,11,22453
6509,11,22454
6526,11,22455
6531,11,22456
6547,11,22457
6553,11,22458
6578,11,22459
6596,11,22460
6598,11,22461
6627,11,22462
6643,11,22463
6653,11,22464
6660,11,22465
6681,11,22466
6693,11,22467
6727,11,22468
6766,11,22469
6785,11,22470
6788,11,22471
6806,11,22472
6807,11,22473
6830,11,22474
6846,11,22475
6872,11,22476
6878,11,22477
6895,11,22478
6908,11,22479
6913,11,22480
6924,11,22481
6953,11,22482
6966,11,22483
6975,11,22484
6987,11,22485
6989,11,22486
6994,11,22487
6998,11,22488
7008,11,22489
7015,11,22490
7019,11,22491
7063,11,22492
7097,11,22493
7106,11,22494
7146,11,22495
7152,11,22496
7162,11,22497
7168,11,22498
7184,11,22499
7196,11,22500
7205,11,22501
7216,11,22502
7220,11,22503
7222,11,22504
7224,11,22505
7225,11,22506
7246,11,22507
7247,11,22508
7260,11,22509
7284,11,22510
7293,11,22511
7308,11,22512
7327,11,22513
7334,11,22514
7338,11,22515
7345,11,22516
7401,11,22517
7406,11,22518
7411,11,22519
7413,11,22520
7429,11,22521
7450,11,22522
7463,11,22523
7485,11,22524
7488,11,22525
7494,11,22526
7503,11,22527
7509,11,22528
7515,11,22529
7528,11,22530
7542,11,22531
7582,11,22532
7584,11,22533
7597,11,22534
7599,11,22535
7616,11,22536
7636,11,22537
7639,11,22538
7655,11,22539
7686,11,22540
7689,11,22541
7701,11,22542
7705,11,22543
7731,11,22544
7736,11,22545
7741,11,22546
7762,11,22547
7783,11,22548
7784,11,22549
7811,11,22550
7819,11,22551
7823,11,22552
7850,11,22553
7851,11,22554
7855,11,22555
7860,11,22556
7871,11,22557
7885,11,22558
7891,11,22559
7898,11,22560
7899,11,22561
7922,11,22562
7933,11,22563
7939,11,22564
7962,11,22565
7963,11,22566
8000,11,22567
8042,11,22568
8076,11,22569
8086,11,22570
8088,11,22571
8094,11,22572
8105,11,22573
8119,11,22574
8130,11,22575
8164,11,22576
8191,11,22577
8259,11,22578
8261,11,22579
8277,11,22580
8281,11,22581
8325,11,22582
8327,11,22583
8333,11,22584
8343,11,22585
8353,11,22586
8362,11,22587
8370,11,22588
8372,11,22589
8373,11,22590
8374,11,22591
8376,11,22592
8458,11,22593
8466,11,22594
8479,11,22595
8489,11,22596
8500,11,22597
8505,11,22598
8507,11,22599
8512,11,22600
8516,11,22601
8536,11,22602
8538,11,22603
8560,11,22604
8640,11,22605
8667,11,22606
8698,11,22607
8711,11,22608
8726,11,22609
8732,11,22610
8756,11,22611
8759,11,22612
8766,11,22613
8769,11,22614
8793,11,22615
8814,11,22616
8817,11,22617
8833,11,22618
8837,11,22619
8852,11,22620
8864,11,22621
8867,11,22622
8891,11,22623
8904,11,22624
8908,11,22625
8915,11,22626
8950,11,22627
8956,11,22628
8960,11,22629
8961,11,22630
8974,11,22631
8978,11,22632
8987,11,22633
8992,11,22634
9003,11,22635
9005,11,22636
9009,11,22637
9010,11,22638
9026,11,22639
9033,11,22640
9039,11,22641
9048,11,22642
9068,11,22643
9094,11,22644
9102,11,22645
9111,11,22646
9131,11,22647
9143,11,22648
9147,11,22649
9154,11,22650
9155,11,22651
9167,11,22652
9175,11,22653
9178,11,22654
9180,11,22655
9192,11,22656
9208,11,22657
9209,11,22658
9217,11,22659
9250,11,22660
9251,11,22661
9252,11,22662
9259,11,22663
9279,11,22664
9287,11,22665
9305,11,22666
9311,11,22667
9329,11,22668
9330,11,22669
9335,11,22670
9346,11,22671
9374,11,22672
9387,11,22673
9398,11,22674
9404,11,22675
9411,11,22676
9415,11,22677
9420,11,22678
9425,11,22679
9428,11,22680
9431,11,22681
9437,11,22682
9444,11,22683
9460,11,22684
9466,11,22685
9477,11,22686
9479,11,22687
9490,11,22688
9514,11,22689
9515,11,22690
9525,11,22691
9552,11,22692
9568,11,22693
9573,11,22694
9575,11,22695
9612,11,22696
9613,11,22697
9629,11,22698
9669,11,22699
9670,11,22700
9683,11,22701
9709,11,22702
9713,11,22703
9722,11,22704
9727,11,22705
9738,11,22706
9741,11,22707
9758,11,22708
9767,11,22709
9790,11,22710
9810,11,22711
9816,11,22712
9837,11,22713
9854,11,22714
9865,11,22715
9869,11,22716
9891,11,22717
9917,11,22718
9934,11,22719
9939,11,22720
9966,11,22721
9993,11,22722
10001,11,22723
10022,11,22724
10032,11,22725
10043,11,22726
10054,11,22727
10075,11,22728
10093,11,22729
10094,11,22730
10100,11,22731
10148,11,22732
10157,11,22733
10179,11,22734
10180,11,22735
10185,11,22736
10188,11,22737
10194,11,22738
10202,11,22739
10213,11,22740
10229,11,22741
10246,11,22742
10252,11,22743
10257,11,22744
10282,11,22745
10288,11,22746
10293,11,22747
10297,11,22748
10298,11,22749
10301,11,22750
10316,11,22751
10360,11,22752
10361,11,22753
10372,11,22754
10392,11,22755
10423,11,22756
10440,11,22757
10444,11,22758
10456,11,22759
10466,11,22760
10503,11,22761
10507,11,22762
10509,11,22763
10544,11,22764
10570,11,22765
10574,11,22766
10576,11,22767
10577,11,22768
10594,11,22769
10601,11,22770
10611,11,22771
10631,11,22772
10637,11,22773
10639,11,22774
10671,11,22775
10686,11,22776
10695,11,22777
10714,11,22778
10727,11,22779
10737,11,22780
10739,11,22781
10763,11,22782
10767,11,22783
10774,11,22784
10776,11,22785
10778,11,22786
10781,11,22787
10790,11,22788
10794,11,22789
10795,11,22790
10796,11,22791
10810,11,22792
10822,11,22793
10831,11,22794
10870,11,22795
10871,11,22796
10901,11,22797
10920,11,22798
10924,11,22799
10940,11,22800
10960,11,22801
10975,11,22802
10983,11,22803
10992,11,22804
10996,11,22805
10997,11,22806
11001,11,22807
11021,11,22808
11028,11,22809
11029,11,22810
11041,11,22811
11053,11,22812
11057,11,22813
11059,11,22814
11069,11,22815
11117,11,22816
11122,11,22817
11154,11,22818
11160,11,22819
11179,11,22820
11180,11,22821
11181,11,22822
11186,11,22823
11200,11,22824
11208,11,22825
11217,11,22826
11222,11,22827
11243,11,22828
11247,11,22829
11248,11,22830
11270,11,22831
11273,11,22832
11283,11,22833
11285,11,22834
11289,11,22835
11299,11,22836
11312,11,22837
11317,11,22838
11370,11,22839
11411,11,22840
11418,11,22841
11419,11,22842
11426,11,22843
11434,11,22844
11443,11,22845
11457,11,22846
11459,11,22847
11488,11,22848
11495,11,22849
11498,11,22850
11499,11,22851
11517,11,22852
11526,11,22853
11529,11,22854
11545,11,22855
11580,11,22856
11596,11,22857
11605,11,22858
11606,11,22859
11614,11,22860
11623,11,22861
11638,11,22862
11646,11,22863
11698,11,22864
11705,11,22865
11706,11,22866
11709,11,22867
11718,11,22868
11728,11,22869
11740,11,22870
11744,11,22871
11786,11,22872
11794,11,22873
11799,11,22874
11802,11,22875
11805,11,22876
11820,11,22877
11829,11,22878
11865,11,22879
11868,11,22880
11873,11,22881
11895,11,22882
11896,11,22883
11897,11,22884
11910,11,22885
11941,11,22886
11943,11,22887
11947,11,22888
11960,11,22889
11963,11,22890
11967,11,22891
11995,11,22892
11997,11,22893
12004,11,22894
12014,11,22895
12018,11,22896
12019,11,22897
12030,11,22898
12047,11,22899
12048,11,22900
12051,11,22901
12060,11,22902
12064,11,22903
12086,11,22904
12087,11,22905
12148,11,22906
12187,11,22907
12197,11,22908
12231,11,22909
12238,11,22910
12242,11,22911
12267,11,22912
12289,11,22913
12398,11,22914
12405,11,22915
12428,11,22916
12459,11,22917
12472,11,22918
12477,11,22919
12481,11,22920
12506,11,22921
12516,11,22922
12526,11,22923
12536,11,22924
12548,11,22925
12592,11,22926
12593,11,22927
12617,11,22928
12635,11,22929
12685,11,22930
12717,11,22931
12736,11,22932
12747,11,22933
12749,11,22934
12754,11,22935
12772,11,22936
12781,11,22937
12793,11,22938
12807,11,22939
12819,11,22940
12820,11,22941
12826,11,22942
12833,11,22943
12835,11,22944
12840,11,22945
12844,11,22946
12903,11,22947
12913,11,22948
12925,11,22949
12929,11,22950
12930,11,22951
12938,11,22952
12955,11,22953
12956,11,22954
12978,11,22955
12999,11,22956
13008,11,22957
13014,11,22958
13019,11,22959
13049,11,22960
13073,11,22961
13078,11,22962
13096,11,22963
13103,11,22964
13107,11,22965
13115,11,22966
13148,11,22967
13171,11,22968
13184,11,22969
13189,11,22970
13191,11,22971
13199,11,22972
13219,11,22973
13220,11,22974
13224,11,22975
13243,11,22976
13278,11,22977
13286,11,22978
13293,11,22979
13302,11,22980
13303,11,22981
13350,11,22982
13369,11,22983
13390,11,22984
13394,11,22985
13415,11,22986
13417,11,22987
13421,11,22988
13426,11,22989
13439,11,22990
13445,11,22991
13447,11,22992
13473,11,22993
13481,11,22994
13503,11,22995
13545,11,22996
13547,11,22997
13551,11,22998
13562,11,22999
13572,11,23000
13575,11,23001
13577,11,23002
13584,11,23003
13589,11,23004
13590,11,23005
13597,11,23006
13611,11,23007
13614,11,23008
13619,11,23009
13620,11,23010
13623,11,23011
13647,11,23012
13675,11,23013
13704,11,23014
13709,11,23015
13710,11,23016
13712,11,23017
13719,11,23018
13758,11,23019
13764,11,23020
13776,11,23021
13781,11,23022
13785,11,23023
13811,11,23024
13840,11,23025
13857,11,23026
13873,11,23027
13878,11,23028
13901,11,23029
13917,11,23030
13925,11,23031
13934,11,23032
13938,11,23033
13940,11,23034
13943,11,23035
13961,11,23036
13967,11,23037
13971,11,23038
13980,11,23039
13990,11,23040
13994,11,23041
14007,11,23042
14012,11,23043
14058,11,23044
14078,11,23045
14084,11,23046
14089,11,23047
14090,11,23048
14097,11,23049
14112,11,23050
14134,11,23051
14151,11,23052
14167,11,23053
14174,11,23054
14179,11,23055
14180,11,23056
14184,11,23057
14185,11,23058
14186,11,23059
14201,11,23060
14223,11,23061
14225,11,23062
14227,11,23063
14234,11,23064
14236,11,23065
14242,11,23066
14248,11,23067
14261,11,23068
14265,11,23069
14278,11,23070
14298,11,23071
14316,11,23072
14317,11,23073
14328,11,23074
14334,11,23075
14348,11,23076
14352,11,23077
14373,11,23078
14385,11,23079
14386,11,23080
14401,11,23081
14413,11,23082
14415,11,23083
14422,11,23084
14427,11,23085
14434,11,23086
14472,11,23087
14480,11,23088
14494,11,23089
14498,11,23090
14530,11,23091
14532,11,23092
14533,11,23093
14538,11,23094
14554,11,23095
14561,11,23096
14567,11,23097
14568,11,23098
14623,11,23099
14631,11,23100
14644,11,23101
14666,11,23102
14667,11,23103
14688,11,23104
14692,11,23105
14695,11,23106
14697,11,23107
14700,11,23108
14714,11,23109
14715,11,23110
14721,11,23111
14738,11,23112
14756,11,23113
14769,11,23114
14808,11,23115
14845,11,23116
14846,11,23117
14851,11,23118
14857,11,23119
14894,11,23120
14897,11,23121
14898,11,23122
14902,11,23123
14903,11,23124
14916,11,23125
14927,11,23126
14944,11,23127
14951,11,23128
14954,11,23129
14958,11,23130
14963,11,23131
14968,11,23132
14980,11,23133
14989,11,23134
14990,11,23135
15003,11,23136
15018,11,23137
15030,11,23138
15081,11,23139
15082,11,23140
15127,11,23141
15161,11,23142
15162,11,23143
15168,11,23144
15173,11,23145
15181,11,23146
15189,11,23147
15201,11,23148
15203,11,23149
15238,11,23150
15241,11,23151
15244,11,23152
15254,11,23153
15259,11,23154
15261,11,23155
15282,11,23156
15298,11,23157
15300,11,23158
15305,11,23159
15308,11,23160
15322,11,23161
15323,11,23162
15345,11,23163
15348,11,23164
15351,11,23165
15362,11,23166
15369,11,23167
15386,11,23168
15393,11,23169
15400,11,23170
15404,11,23171
15406,11,23172
15430,11,23173
15475,11,23174
15494,11,23175
15524,11,23176
15539,11,23177
15545,11,23178
15556,11,23179
15588,11,23180
15624,11,23181
15628,11,23182
15629,11,23183
15639,11,23184
15646,11,23185
15661,11,23186
15665,11,23187
15666,11,23188
15701,11,23189
15719,11,23190
15733,11,23191
15775,11,23192
15786,11,23193
15796,11,23194
15812,11,23195
15827,11,23196
15831,11,23197
15838,11,23198
15855,11,23199
15887,11,23200
15888,11,23201
15924,11,23202
15925,11,23203
15936,11,23204
15958,11,23205
15964,11,23206
15966,11,23207
15967,11,23208
15969,11,23209
16057,11,23210
16064,11,23211
16069,11,23212
16070,11,23213
16074,11,23214
16085,11,23215
16091,11,23216
16098,11,23217
16116,11,23218
16130,11,23219
16131,11,23220
16136,11,23221
16161,11,23222
16186,11,23223
16190,11,23224
16195,11,23225
16199,11,23226
16210,11,23227
16259,11,23228
16267,11,23229
16271,11,23230
16276,11,23231
16281,11,23232
16289,11,23233
16314,11,23234
16318,11,23235
16322,11,23236
16348,11,23237
16355,11,23238
16360,11,23239
16363,11,23240
16365,11,23241
16394,11,23242
16396,11,23243
16402,11,23244
16419,11,23245
16433,11,23246
16439,11,23247
16462,11,23248
16469,11,23249
16479,11,23250
16490,11,23251
16491,11,23252
16506,11,23253
16521,11,23254
16532,11,23255
16533,11,23256
16549,11,23257
16555,11,23258
16562,11,23259
16570,11,23260
16572,11,23261
16582,11,23262
16593,11,23263
16601,11,23264
16620,11,23265
16629,11,23266
16632,11,23267
16633,11,23268
16652,11,23269
16676,11,23270
16687,11,23271
16696,11,23272
16708,11,23273
16715,11,23274
16716,11,23275
16722,11,23276
16753,11,23277
16754,11,23278
16757,11,23279
16759,11,23280
16769,11,23281
16788,11,23282
16789,11,23283
16791,11,23284
16792,11,23285
16797,11,23286
16831,11,23287
16835,11,23288
16850,11,23289
16886,11,23290
16893,11,23291
16918,11,23292
16929,11,23293
16934,11,23294
16976,11,23295
16991,11,23296
17004,11,23297
17008,11,23298
17015,11,23299
17026,11,23300
17060,11,23301
17061,11,23302
17102,11,23303
17105,11,23304
17114,11,23305
17117,11,23306
17129,11,23307
17154,11,23308
17156,11,23309
17170,11,23310
17181,11,23311
17194,11,23312
17202,11,23313
17208,11,23314
17219,11,23315
17228,11,23316
17233,11,23317
17235,11,23318
17237,11,23319
17241,11,23320
17249,11,23321
17253,11,23322
17257,11,23323
17260,11,23324
17263,11,23325
17267,11,23326
17268,11,23327
17275,11,23328
17286,11,23329
17289,11,23330
17324,11,23331
17331,11,23332
17350,11,23333
17359,11,23334
17362,11,23335
17368,11,23336
17373,11,23337
17386,11,23338
17396,11,23339
17400,11,23340
17410,11,23341
17414,11,23342
17424,11,23343
17426,11,23344
17462,11,23345
17467,11,23346
17477,11,23347
17508,11,23348
17513,11,23349
17519,11,23350
17537,11,23351
17543,11,23352
17553,11,23353
17563,11,23354
17574,11,23355
17578,11,23356
17624,11,23357
17625,11,23358
17645,11,23359
17648,11,23360
17661,11,23361
17665,11,23362
17667,11,23363
17669,11,23364
17675,11,23365
17683,11,23366
17703,11,23367
17710,11,23368
17712,11,23369
17718,11,23370
17742,11,23371
17743,11,23372
17747,11,23373
17750,11,23374
17756,11,23375
17791,11,23376
17794,11,23377
17796,11,23378
17813,11,23379
17858,11,23380
17875,11,23381
17878,11,23382
17881,11,23383
17900,11,23384
17915,11,23385
17919,11,23386
17924,11,23387
17933,11,23388
17934,11,23389
17938,11,23390
17957,11,23391
17975,11,23392
17987,11,23393
17992,11,23394
18001,11,23395
18003,11,23396
18016,11,23397
18030,11,23398
18039,11,23399
18043,11,23400
18070,11,23401
18097,11,23402
18108,11,23403
18138,11,23404
18157,11,23405
18161,11,23406
18168,11,23407
18186,11,23408
18190,11,23409
18216,11,23410
18222,11,23411
18234,11,23412
18241,11,23413
18260,11,23414
18275,11,23415
18297,11,23416
18314,11,23417
18341,11,23418
18344,11,23419
18347,11,23420
18357,11,23421
18360,11,23422
18366,11,23423
18383,11,23424
18386,11,23425
18393,11,23426
18403,11,23427
18407,11,23428
18423,11,23429
18428,11,23430
18437,11,23431
18469,11,23432
18484,11,23433
18538,11,23434
18541,11,23435
18544,11,23436
18546,11,23437
18565,11,23438
18566,11,23439
18574,11,23440
18576,11,23441
18589,11,23442
18598,11,23443
18604,11,23444
18615,11,23445
18634,11,23446
18652,11,23447
18670,11,23448
18675,11,23449
18700,11,23450
18705,11,23451
18706,11,23452
18712,11,23453
18736,11,23454
18739,11,23455
18740,11,23456
18758,11,23457
18796,11,23458
18802,11,23459
18803,11,23460
18846,11,23461
18886,11,23462
18893,11,23463
18901,11,23464
18908,11,23465
18916,11,23466
18919,11,23467
18926,11,23468
18941,11,23469
18946,11,23470
18982,11,23471
18992,11,23472
19041,11,23473
19056,11,23474
19058,11,23475
19059,11,23476
19074,11,23477
19076,11,23478
19081,11,23479
19101,11,23480
19116,11,23481
19119,11,23482
19121,11,23483
19139,11,23484
19142,11,23485
19144,11,23486
19162,11,23487
19174,11,23488
19176,11,23489
19184,11,23490
19196,11,23491
19200,11,23492
19205,11,23493
19206,11,23494
19216,11,23495
19236,11,23496
19237,11,23497
19256,11,23498
19260,11,23499
19273,11,23500
19284,11,23501
19289,11,23502
19293,11,23503
19302,11,23504
19311,11,23505
19312,11,23506
19313,11,23507
19325,11,23508
19327,11,23509
19331,11,23510
19335,11,23511
19351,11,23512
19359,11,23513
19373,11,23514
19374,11,23515
19378,11,23516
19392,11,23517
19410,11,23518
19419,11,23519
19431,11,23520
19440,11,23521
19449,11,23522
19451,11,23523
19453,11,23524
19456,11,23525
19484,11,23526
19485,11,23527
19495,11,23528
19509,11,23529
19526,11,23530
19533,11,23531
19550,11,23532
19556,11,23533
19559,11,23534
19567,11,23535
19582,11,23536
19601,11,23537
19607,11,23538
19620,11,23539
19665,11,23540
19675,11,23541
19682,11,23542
19699,11,23543
19714,11,23544
19728,11,23545
19734,11,23546
19775,11,23547
19779,11,23548
19788,11,23549
19813,11,23550
19814,11,23551
19838,11,23552
19863,11,23553
19866,11,23554
19876,11,23555
19881,11,23556
19891,11,23557
19892,11,23558
19913,11,23559
19920,11,23560
19928,11,23561
19938,11,23562
19945,11,23563
19946,11,23564
19970,11,23565
19979,11,23566
19984,11,23567
19990,11,23568
20025,11,23569
20044,11,23570
20048,11,23571
20049,11,23572
20053,11,23573
20065,11,23574
20079,11,23575
20096,11,23576
20110,11,23577
20120,11,23578
20126,11,23579
20140,11,23580
20156,11,23581
20170,11,23582
20181,11,23583
20194,11,23584
20221,11,23585
20227,11,23586
20236,11,23587
20257,11,23588
20265,11,23589
20269,11,23590
20270,11,23591
20273,11,23592
20285,11,23593
20296,11,23594
20300,11,23595
20308,11,23596
20315,11,23597
20320,11,23598
20327,11,23599
20328,11,23600
20333,11,23601
20340,11,23602
20342,11,23603
20351,11,23604
20359,11,23605
20367,11,23606
20370,11,23607
20375,11,23608
20381,11,23609
20393,11,23610
20401,11,23611
20413,11,23612
20414,11,23613
20433,11,23614
20436,11,23615
20458,11,23616
20478,11,23617
20480,11,23618
20484,11,23619
20516,11,23620
20533,11,23621
20537,11,23622
20556,11,23623
20561,11,23624
20563,11,23625
20585,11,23626
20589,11,23627
20590,11,23628
20591,11,23629
20596,11,23630
20599,11,23631
20619,11,23632
20620,11,23633
20621,11,23634
20631,11,23635
20639,11,23636
20654,11,23637
20657,11,23638
20660,11,23639
20677,11,23640
20697,11,23641
20763,11,23642
20784,11,23643
20787,11,23644
20796,11,23645
20802,11,23646
20813,11,23647
20815,11,23648
20817,11,23649
20818,11,23650
20819,11,23651
20821,11,23652
20833,11,23653
20839,11,23654
20844,11,23655
20855,11,23656
20857,11,23657
20866,11,23658
20888,11,23659
20889,11,23660
20893,11,23661
20899,11,23662
20906,11,23663
20909,11,23664
20919,11,23665
20936,11,23666
20957,11,23667
20960,11,23668
20965,11,23669
20984,11,23670
20998,11,23671
20999,11,23672
21002,11,23673
21007,11,23674
21020,11,23675
21037,11,23676
21043,11,23677
21061,11,23678
21068,11,23679
21076,11,23680
21082,11,23681
21085,11,23682
21090,11,23683
21107,11,23684
21113,11,23685
21136,11,23686
21140,11,23687
21141,11,23688
21144,11,23689
21161,11,23690
21183,11,23691
21211,11,23692
21213,11,23693
21220,11,23694
21239,11,23695
21240,11,23696
21245,11,23697
21252,11,23698
21257,11,23699
21264,11,23700
21279,11,23701
21291,11,23702
21294,11,23703
21295,11,23704
21297,11,23705
21330,11,23706
21369,11,23707
21380,11,23708
21392,11,23709
21396,11,23710
21409,11,23711
21415,11,23712
21460,11,23713
21472,11,23714
21476,11,23715
21490,11,23716
21502,11,23717
21514,11,23718
21531,11,23719
21534,11,23720
21547,11,23721
21598,11,23722
21600,11,23723
21621,11,23724
21640,11,23725
21645,11,23726
21646,11,23727
21663,11,23728
21687,11,23729
21715,11,23730
21722,11,23731
21748,11,23732
21769,11,23733
21785,11,23734
21786,11,23735
21799,11,23736
21801,11,23737
21810,11,23738
21823,11,23739
21848,11,23740
21876,11,23741
21881,11,23742
21894,11,23743
21915,11,23744
21947,11,23745
21980,11,23746
21981,11,23747
21989,11,23748
21996,11,23749
22034,11,23750
22049,11,23751
22050,11,23752
22053,11,23753
22064,11,23754
22077,11,23755
22079,11,23756
22081,11,23757
22099,11,23758
22100,11,23759
22124,11,23760
22150,11,23761
22152,11,23762
22159,11,23763
22165,11,23764
22183,11,23765
22184,11,23766
22206,11,23767
22224,11,23768
22240,11,23769
22257,11,23770
22280,11,23771
22291,11,23772
22295,11,23773
22300,11,23774
22307,11,23775
22312,11,23776
22318,11,23777
22324,11,23778
22330,11,23779
22359,11,23780
22384,11,23781
22469,11,23782
22488,11,23783
22492,11,23784
22498,11,23785
22510,11,23786
22516,11,23787
22537,11,23788
22596,11,23789
22610,11,23790
22622,11,23791
22695,11,23792
22697,11,23793
22709,11,23794
22713,11,23795
22716,11,23796
22721,11,23797
22749,11,23798
22750,11,23799
22758,11,23800
22763,11,23801
22801,11,23802
22803,11,23803
22820,11,23804
22821,11,23805
22842,11,23806
22848,11,23807
22936,11,23808
22938,11,23809
22953,11,23810
22954,11,23811
22984,11,23812
22986,11,23813
22999,11,23814
23031,11,23815
23047,11,23816
23066,11,23817
23077,11,23818
23085,11,23819
23093,11,23820
23098,11,23821
23100,11,23822
23101,11,23823
23144,11,23824
23146,11,23825
23170,11,23826
23183,11,23827
23235,11,23828
23244,11,23829
23267,11,23830
23269,11,23831
23279,11,23832
23292,11,23833
23303,11,23834
23377,11,23835
23378,11,23836
23380,11,23837
23415,11,23838
23416,11,23839
23427,11,23840
23434,11,23841
23436,11,23842
23443,11,23843
23449,11,23844
23488,11,23845
23494,11,23846
23499,11,23847
23528,11,23848
23548,11,23849
23571,11,23850
23588,11,23851
23590,11,23852
23601,11,23853
23611,11,23854
23616,11,23855
23619,11,23856
23628,11,23857
23642,11,23858
23690,11,23859
23702,11,23860
23704,11,23861
23716,11,23862
23726,11,23863
23768,11,23864
23796,11,23865
23809,11,23866
23822,11,23867
23829,11,23868
23841,11,23869
23873,11,23870
23877,11,23871
23899,11,23872
23936,11,23873
23937,11,23874
23940,11,23875
23941,11,23876
23954,11,23877
23976,11,23878
23978,11,23879
23991,11,23880
23996,11,23881
24020,11,23882
24033,11,23883
24047,11,23884
24074,11,23885
24094,11,23886
24133,11,23887
24164,11,23888
24201,11,23889
24203,11,23890
24237,11,23891
24253,11,23892
24257,11,23893
24261,11,23894
24268,11,23895
24285,11,23896
24288,11,23897
24380,11,23898
24395,11,23899
24440,11,23900
24458,11,23901
24527,11,23902
24541,11,23903
24548,11,23904
24566,11,23905
24579,11,23906
24603,11,23907
24621,11,23908
24626,11,23909
24647,11,23910
24652,11,23911
24659,11,23912
24666,11,23913
24692,11,23914
24693,11,23915
24702,11,23916
24703,11,23917
24707,11,23918
24713,11,23919
24718,11,23920
24726,11,23921
24730,11,23922
24731,11,23923
24734,11,23924
24758,11,23925
24761,11,23926
24813,11,23927
24819,11,23928
24832,11,23929
24848,11,23930
24849,11,23931
24866,11,23932
24868,11,23933
24875,11,23934
24899,11,23935
24936,11,23936
24944,11,23937
24964,11,23938
25008,11,23939
25009,11,23940
25015,11,23941
25032,11,23942
25046,11,23943
25084,11,23944
25094,11,23945
25138,11,23946
25144,11,23947
25156,11,23948
25200,11,23949
25202,11,23950
25207,11,23951
25208,11,23952
25213,11,23953
25223,11,23954
25224,11,23955
25226,11,23956
25228,11,23957
25234,11,23958
25258,11,23959
25281,11,23960
25322,11,23961
25330,11,23962
25366,11,23963
25367,11,23964
25388,11,23965
25393,11,23966
25405,11,23967
25410,11,23968
25411,11,23969
25413,11,23970
25424,11,23971
25438,11,23972
25447,11,23973
25454,11,23974
25455,11,23975
25458,11,23976
25491,11,23977
25500,11,23978
25504,11,23979
25511,11,23980
25530,11,23981
25535,11,23982
25573,11,23983
25583,11,23984
25584,11,23985
25608,11,23986
25615,11,23987
25620,11,23988
25624,11,23989
25637,11,23990
25660,11,23991
25670,11,23992
25672,11,23993
25689,11,23994
25725,11,23995
25744,11,23996
25755,11,23997
25804,11,23998
25808,11,23999
25824,11,24000
25835,11,24001
25849,11,24002
25855,11,24003
25861,11,24004
25864,11,24005
25872,11,24006
25883,11,24007
25889,11,24008
25890,11,24009
25925,11,24010
25940,11,24011
25948,11,24012
25952,11,24013
25962,11,24014
25991,11,24015
25994,11,24016
26015,11,24017
26056,11,24018
26065,11,24019
26083,11,24020
26100,11,24021
26108,11,24022
26151,11,24023
26168,11,24024
26170,11,24025
26177,11,24026
26191,11,24027
26202,11,24028
26207,11,24029
26212,11,24030
26233,11,24031
26237,11,24032
26248,11,24033
26255,11,24034
26265,11,24035
26270,11,24036
26272,11,24037
26273,11,24038
26276,11,24039
26301,11,24040
26314,11,24041
26320,11,24042
26328,11,24043
26336,11,24044
26341,11,24045
26343,11,24046
26362,11,24047
26368,11,24048
26374,11,24049
26391,11,24050
26425,11,24051
26455,11,24052
26473,11,24053
26486,11,24054
26487,11,24055
26497,11,24056
26504,11,24057
26538,11,24058
26554,11,24059
26558,11,24060
26587,11,24061
26615,11,24062
26628,11,24063
26641,11,24064
26650,11,24065
26652,11,24066
26656,11,24067
26668,11,24068
26706,11,24069
26709,11,24070
26718,11,24071
26760,11,24072
26781,11,24073
26789,11,24074
26804,11,24075
26807,11,24076
26810,11,24077
26812,11,24078
26829,11,24079
26834,11,24080
26838,11,24081
26843,11,24082
26858,11,24083
26897,11,24084
26917,11,24085
26936,11,24086
26941,11,24087
26952,11,24088
26958,11,24089
26962,11,24090
26996,11,24091
27005,11,24092
27016,11,24093
27085,11,24094
27094,11,24095
27100,11,24096
27124,11,24097
27132,11,24098
27144,11,24099
27145,11,24100
27149,11,24101
27150,11,24102
27163,11,24103
27177,11,24104
27183,11,24105
27187,11,24106
27200,11,24107
27206,11,24108
27238,11,24109
27250,11,24110
27269,11,24111
27294,11,24112
27311,11,24113
27330,11,24114
27355,11,24115
27374,11,24116
27391,11,24117
27408,11,24118
27415,11,24119
27436,11,24120
27445,11,24121
27449,11,24122
27465,11,24123
27466,11,24124
27471,11,24125
27490,11,24126
27514,11,24127
27517,11,24128
27522,11,24129
27539,11,24130
27540,11,24131
27552,11,24132
27568,11,24133
27598,11,24134
27614,11,24135
27617,11,24136
27634,11,24137
27650,11,24138
27679,11,24139
27688,11,24140
27719,11,24141
27740,11,24142
27773,11,24143
27775,11,24144
27779,11,24145
27781,11,24146
27796,11,24147
27800,11,24148
27836,11,24149
27840,11,24150
27859,11,24151
27888,11,24152
27911,11,24153
27916,11,24154
27930,11,24155
27939,11,24156
27960,11,24157
27982,11,24158
27985,11,24159
28006,11,24160
28010,11,24161
28015,11,24162
28026,11,24163
28036,11,24164
28072,11,24165
28098,11,24166
28099,11,24167
28121,11,24168
28129,11,24169
28136,11,24170
28158,11,24171
28165,11,24172
28167,11,24173
28191,11,24174
28201,11,24175
28219,11,24176
28225,11,24177
28239,11,24178
28256,11,24179
28258,11,24180
28270,11,24181
28271,11,24182
28289,11,24183
28299,11,24184
28308,11,24185
28310,11,24186
28329,11,24187
28343,11,24188
28344,11,24189
28345,11,24190
28347,11,24191
28355,11,24192
28356,11,24193
28362,11,24194
28406,11,24195
28441,11,24196
28444,11,24197
28447,11,24198
28448,11,24199
28453,11,24200
28455,11,24201
28463,11,24202
28481,11,24203
28486,11,24204
28490,11,24205
28499,11,24206
28523,11,24207
28529,11,24208
28535,11,24209
28539,11,24210
28544,11,24211
28547,11,24212
28569,11,24213
28583,11,24214
28625,11,24215
28632,11,24216
28638,11,24217
28640,11,24218
28644,11,24219
28684,11,24220
28696,11,24221
28701,11,24222
28705,11,24223
28714,11,24224
28723,11,24225
28739,11,24226
28744,11,24227
28754,11,24228
28759,11,24229
28767,11,24230
28769,11,24231
28773,11,24232
28774,11,24233
28776,11,24234
28797,11,24235
28819,11,24236
28823,11,24237
28829,11,24238
28844,11,24239
28852,11,24240
28864,11,24241
28873,11,24242
28878,11,24243
28881,11,24244
28889,11,24245
28892,11,24246
28900,11,24247
28903,11,24248
28906,11,24249
28923,11,24250
28933,11,24251
28937,11,24252
28940,11,24253
28944,11,24254
28947,11,24255
28972,11,24256
28973,11,24257
28974,11,24258
28976,11,24259
28983,11,24260
28994,11,24261
29021,11,24262
29031,11,24263
29041,11,24264
29056,11,24265
29059,11,24266
29078,11,24267
29092,11,24268
29095,11,24269
29098,11,24270
29102,11,24271
29114,11,24272
29115,11,24273
29117,11,24274
29124,11,24275
29136,11,24276
29138,11,24277
29154,11,24278
29172,11,24279
29176,11,24280
29183,11,24281
29193,11,24282
29203,11,24283
29222,11,24284
29234,11,24285
29243,11,24286
29263,11,24287
29281,11,24288
29319,11,24289
29344,11,24290
29354,11,24291
29361,11,24292
29374,11,24293
29380,11,24294
29401,11,24295
29414,11,24296
29418,11,24297
29428,11,24298
29431,11,24299
29442,11,24300
29446,11,24301
29452,11,24302
29464,11,24303
29489,11,24304
29490,11,24305
29493,11,24306
29503,11,24307
29506,11,24308
29514,11,24309
29517,11,24310
29524,11,24311
29535,11,24312
29537,11,24313
29543,11,24314
29556,11,24315
29564,11,24316
29569,11,24317
29573,11,24318
29575,11,24319
29578,11,24320
29592,11,24321
29601,11,24322
29609,11,24323
29611,11,24324
29624,11,24325
29633,11,24326
29636,11,24327
29640,11,24328
29642,11,24329
29644,11,24330
29647,11,24331
29655,11,24332
29676,11,24333
29692,11,24334
29696,11,24335
29709,11,24336
29711,11,24337
29753,11,24338
29761,11,24339
29788,11,24340
29823,11,24341
29850,11,24342
29872,11,24343
29886,11,24344
29888,11,24345
29922,11,24346
29940,11,24347
29956,11,24348
29961,11,24349
29968,11,24350
29984,11,24351
29992,11,24352
29999,11,24353
30001,11,24354
30010,11,24355
30053,11,24356
30056,11,24357
30063,11,24358
30065,11,24359
30070,11,24360
30082,11,24361
30091,11,24362
30097,11,24363
30099,11,24364
30108,11,24365
30109,11,24366
30123,11,24367
30125,11,24368
30140,11,24369
30151,11,24370
30154,11,24371
30181,11,24372
30182,11,24373
30191,11,24374
30205,11,24375
30207,11,24376
30210,11,24377
30219,11,24378
30225,11,24379
30229,11,24380
30242,11,24381
30249,11,24382
30252,11,24383
30255,11,24384
30265,11,24385
30290,11,24386
30308,11,24387
30321,11,24388
30345,11,24389
30347,11,24390
30357,11,24391
30361,11,24392
30379,11,24393
30383,11,24394
30387,11,24395
30390,11,24396
30409,11,24397
30417,11,24398
30430,11,24399
30438,11,24400
30445,11,24401
30447,11,24402
30457,11,24403
30482,11,24404
30486,11,24405
30493,11,24406
30504,11,24407
30515,11,24408
30516,11,24409
30527,11,24410
30548,11,24411
30552,11,24412
30559,11,24413
30569,11,24414
30570,11,24415
30585,11,24416
30598,11,24417
30601,11,24418
30617,11,24419
30619,11,24420
30621,11,24421
30624,11,24422
30642,11,24423
30679,11,24424
30690,11,24425
30701,11,24426
30716,11,24427
30721,11,24428
30728,11,24429
30730,11,24430
30731,11,24431
30733,11,24432
30734,11,24433
30742,11,24434
30747,11,24435
30761,11,24436
30763,11,24437
30773,11,24438
30782,11,24439
30783,11,24440
30785,11,24441
30795,11,24442
30798,11,24443
30800,11,24444
30819,11,24445
30825,11,24446
30828,11,24447
30835,11,24448
30836,11,24449
30856,11,24450
30857,11,24451
30876,11,24452
30882,11,24453
30897,11,24454
30917,11,24455
30920,11,24456
30930,11,24457
30931,11,24458
30941,11,24459
30942,11,24460
30947,11,24461
30949,11,24462
30952,11,24463
30962,11,24464
30976,11,24465
30991,11,24466
30998,11,24467
31001,11,24468
31020,11,24469
31024,11,24470
31032,11,24471
31066,11,24472
31071,11,24473
31081,11,24474
31087,11,24475
31109,11,24476
31119,11,24477
31127,11,24478
31134,11,24479
31168,11,24480
31172,11,24481
31194,11,24482
31200,11,24483
31207,11,24484
31238,11,24485
31246,11,24486
31247,11,24487
31260,11,24488
31263,11,24489
31274,11,24490
31275,11,24491
31290,11,24492
31299,11,24493
31311,11,24494
31314,11,24495
31315,11,24496
31319,11,24497
31321,11,24498
31325,11,24499
31331,11,24500
31363,11,24501
31370,11,24502
31381,11,24503
31387,11,24504
31412,11,24505
31421,11,24506
31426,11,24507
31427,11,24508
31432,11,24509
31438,11,24510
31443,11,24511
31444,11,24512
31452,11,24513
31462,11,24514
31465,11,24515
31466,11,24516
31467,11,24517
31484,11,24518
31489,11,24519
31491,11,24520
31502,11,24521
31524,11,24522
31526,11,24523
31529,11,24524
31532,11,24525
31538,11,24526
31540,11,24527
31549,11,24528
31552,11,24529
31554,11,24530
31556,11,24531
31564,11,24532
31565,11,24533
31567,11,24534
31595,11,24535
31603,11,24536
31605,11,24537
31609,11,24538
31610,11,24539
31615,11,24540
31628,11,24541
31656,11,24542
31660,11,24543
31683,11,24544
31687,11,24545
31690,11,24546
31698,11,24547
31710,11,24548
31754,11,24549
31760,11,24550
31764,11,24551
31777,11,24552
31785,11,24553
31791,11,24554
31793,11,24555
31795,11,24556
31830,11,24557
31860,11,24558
31903,11,24559
31911,11,24560
31913,11,24561
31923,11,24562
31935,11,24563
31947,11,24564
31949,11,24565
31955,11,24566
31962,11,24567
31974,11,24568
31975,11,24569
31978,11,24570
31990,11,24571
31995,11,24572
32006,11,24573
32010,11,24574
32042,11,24575
32045,11,24576
32075,11,24577
32096,11,24578
32099,11,24579
32107,11,24580
32126,11,24581
32127,11,24582
32130,11,24583
32131,11,24584
32147,11,24585
32153,11,24586
32157,11,24587
32206,11,24588
32211,11,24589
32222,11,24590
32248,11,24591
32253,11,24592
32257,11,24593
32263,11,24594
32266,11,24595
32273,11,24596
32311,11,24597
32312,11,24598
32315,11,24599
32318,11,24600
32322,11,24601
32323,11,24602
32324,11,24603
32338,11,24604
32344,11,24605
32346,11,24606
32367,11,24607
32383,11,24608
32414,11,24609
32417,11,24610
32421,11,24611
32425,11,24612
32448,11,24613
32453,11,24614
32464,11,24615
32472,11,24616
32488,11,24617
32493,11,24618
32499,11,24619
32501,11,24620
32511,11,24621
32512,11,24622
32515,11,24623
32516,11,24624
32527,11,24625
32528,11,24626
32530,11,24627
32541,11,24628
32546,11,24629
32564,11,24630
32577,11,24631
32579,11,24632
32595,11,24633
32596,11,24634
32597,11,24635
32636,11,24636
32641,11,24637
32644,11,24638
32651,11,24639
32656,11,24640
32658,11,24641
32660,11,24642
32669,11,24643
32677,11,24644
32689,11,24645
32690,11,24646
32700,11,24647
32703,11,24648
32724,11,24649
32740,11,24650
32764,11,24651
32769,11,24652
32770,11,24653
32771,11,24654
32777,11,24655
32782,11,24656
32788,11,24657
32795,11,24658
32811,11,24659
32819,11,24660
32830,11,24661
32833,11,24662
32839,11,24663
32841,11,24664
32856,11,24665
32863,11,24666
32874,11,24667
32876,11,24668
32882,11,24669
32895,11,24670
32930,11,24671
32936,11,24672
32943,11,24673
32952,11,24674
32961,11,24675
32972,11,24676
32987,11,24677
33012,11,24678
33017,11,24679
33021,11,24680
33027,11,24681
33028,11,24682
33051,11,24683
33056,11,24684
33061,11,24685
33071,11,24686
33091,11,24687
33100,11,24688
33108,11,24689
33110,11,24690
33117,11,24691
33123,11,24692
33144,11,24693
33148,11,24694
33151,11,24695
33152,11,24696
33156,11,24697
33173,11,24698
33179,11,24699
33186,11,24700
33188,11,24701
33190,11,24702
33202,11,24703
33208,11,24704
33212,11,24705
33213,11,24706
33232,11,24707
33256,11,24708
33260,11,24709
33274,11,24710
33280,11,24711
33289,11,24712
33290,11,24713
33296,11,24714
33327,11,24715
33333,11,24716
33351,11,24717
33353,11,24718
33360,11,24719
33372,11,24720
33409,11,24721
33414,11,24722
33416,11,24723
33422,11,24724
33426,11,24725
33432,11,24726
33433,11,24727
33435,11,24728
33439,11,24729
33443,11,24730
33445,11,24731
33449,11,24732
33461,11,24733
33467,11,24734
33486,11,24735
33496,11,24736
33511,11,24737
33518,11,24738
33543,11,24739
33551,11,24740
33622,11,24741
33623,11,24742
33626,11,24743
33636,11,24744
33699,11,24745
33707,11,24746
33711,11,24747
33716,11,24748
33741,11,24749
33757,11,24750
33761,11,24751
33772,11,24752
33776,11,24753
33786,11,24754
33800,11,24755
33817,11,24756
33836,11,24757
33856,11,24758
33857,11,24759
33860,11,24760
33896,11,24761
33900,11,24762
33904,11,24763
33906,11,24764
33913,11,24765
33956,11,24766
33962,11,24767
33984,11,24768
33988,11,24769
33991,11,24770
33994,11,24771
34007,11,24772
34030,11,24773
34038,11,24774
34049,11,24775
34066,11,24776
34086,11,24777
34088,11,24778
34091,11,24779
34123,11,24780
34131,11,24781
34143,11,24782
34171,11,24783
34183,11,24784
34185,11,24785
34187,11,24786
34206,11,24787
34217,11,24788
34218,11,24789
34232,11,24790
34254,11,24791
34259,11,24792
34263,11,24793
34269,11,24794
34280,11,24795
34285,11,24796
34286,11,24797
34289,11,24798
34315,11,24799
34327,11,24800
34337,11,24801
34339,11,24802
34343,11,24803
34351,11,24804
34355,11,24805
34361,11,24806
34365,11,24807
34367,11,24808
34372,11,24809
34376,11,24810
34379,11,24811
34392,11,24812
34393,11,24813
34434,11,24814
34453,11,24815
34468,11,24816
34475,11,24817
34497,11,24818
34511,11,24819
34512,11,24820
34525,11,24821
34528,11,24822
34539,11,24823
34560,11,24824
34581,11,24825
34582,11,24826
34586,11,24827
34595,11,24828
34596,11,24829
34598,11,24830
34601,11,24831
34603,11,24832
34612,11,24833
34620,11,24834
34627,11,24835
34636,11,24836
34637,11,24837
34638,11,24838
34647,11,24839
34660,11,24840
34662,11,24841
34665,11,24842
34667,11,24843
34670,11,24844
34675,11,24845
34682,11,24846
34699,11,24847
34703,11,24848
34705,11,24849
34706,11,24850
34729,11,24851
34746,11,24852
34759,11,24853
34789,11,24854
34791,11,24855
34797,11,24856
34800,11,24857
34824,11,24858
34826,11,24859
34835,11,24860
34836,11,24861
34838,11,24862
34848,11,24863
34852,11,24864
34867,11,24865
34895,11,24866
34903,11,24867
34919,11,24868
34928,11,24869
34937,11,24870
34966,11,24871
34969,11,24872
34973,11,24873
34979,11,24874
34992,11,24875
35018,11,24876
35020,11,24877
35022,11,24878
35036,11,24879
35038,11,24880
35058,11,24881
35083,11,24882
35100,11,24883
35104,11,24884
35106,11,24885
35107,11,24886
35112,11,24887
35116,11,24888
35128,11,24889
35147,11,24890
35162,11,24891
35169,11,24892
35174,11,24893
35177,11,24894
35194,11,24895
35207,11,24896
35231,11,24897
35233,11,24898
35242,11,24899
35247,11,24900
35248,11,24901
35250,11,24902
35316,11,24903
35338,11,24904
35339,11,24905
35340,11,24906
35350,11,24907
35365,11,24908
35374,11,24909
35415,11,24910
35440,11,24911
35449,11,24912
35464,11,24913
35465,11,24914
35472,11,24915
35489,11,24916
35503,11,24917
35517,11,24918
35521,11,24919
35528,11,24920
35541,11,24921
35543,11,24922
35569,11,24923
35580,11,24924
35581,11,24925
35585,11,24926
35621,11,24927
35623,11,24928
35629,11,24929
35651,11,24930
35655,11,24931
35657,11,24932
35690,11,24933
35718,11,24934
35719,11,24935
35723,11,24936
35727,11,24937
35728,11,24938
35732,11,24939
35777,11,24940
35782,11,24941
35784,11,24942
35797,11,24943
35806,11,24944
35811,11,24945
35832,11,24946
35840,11,24947
35860,11,24948
35871,11,24949
35872,11,24950
35874,11,24951
35883,11,24952
35887,11,24953
35908,11,24954
35909,11,24955
35927,11,24956
35932,11,24957
35944,11,24958
35961,11,24959
35980,11,24960
35993,11,24961
36002,11,24962
36008,11,24963
36009,11,24964
36024,11,24965
36025,11,24966
36028,11,24967
36061,11,24968
36075,11,24969
36080,11,24970
36082,11,24971
36084,11,24972
36085,11,24973
36106,11,24974
36114,11,24975
36131,11,24976
36138,11,24977
36153,11,24978
36157,11,24979
36186,11,24980
36195,11,24981
36197,11,24982
36198,11,24983
36209,11,24984
36214,11,24985
36253,11,24986
36272,11,24987
36279,11,24988
36282,11,24989
36287,11,24990
36298,11,24991
36314,11,24992
36327,11,24993
36328,11,24994
36339,11,24995
36345,11,24996
36361,11,24997
36371,11,24998
36372,11,24999
36373,11,25000
36380,11,25001
36384,11,25002
36385,11,25003
36401,11,25004
36403,11,25005
36412,11,25006
36413,11,25007
36415,11,25008
36427,11,25009
36432,11,25010
36435,11,25011
36437,11,25012
36439,11,25013
36450,11,25014
36454,11,25015
36464,11,25016
36482,11,25017
36497,11,25018
36535,11,25019
36542,11,25020
36559,11,25021
36604,11,25022
36605,11,25023
36613,11,25024
36619,11,25025
36622,11,25026
36637,11,25027
36642,11,25028
36661,11,25029
36669,11,25030
36695,11,25031
36697,11,25032
36730,11,25033
36752,11,25034
36757,11,25035
36805,11,25036
36811,11,25037
36816,11,25038
36822,11,25039
36828,11,25040
36843,11,25041
36844,11,25042
36845,11,25043
36850,11,25044
36865,11,25045
36868,11,25046
36894,11,25047
36926,11,25048
36927,11,25049
36930,11,25050
36950,11,25051
36951,11,25052
36953,11,25053
36976,11,25054
36988,11,25055
37020,11,25056
37042,11,25057
37052,11,25058
37070,11,25059
37073,11,25060
37097,11,25061
37102,11,25062
37105,11,25063
37112,11,25064
37115,11,25065
37116,11,25066
37126,11,25067
37160,11,25068
37170,11,25069
37198,11,25070
37206,11,25071
37207,11,25072
37231,11,25073
37262,11,25074
37267,11,25075
37272,11,25076
37292,11,25077
37302,11,25078
37329,11,25079
37348,11,25080
37349,11,25081
37350,11,25082
37355,11,25083
37380,11,25084
37412,11,25085
37420,11,25086
37445,11,25087
37447,11,25088
37461,11,25089
37466,11,25090
37473,11,25091
37481,11,25092
37487,11,25093
37497,11,25094
37505,11,25095
37515,11,25096
37523,11,25097
37525,11,25098
37531,11,25099
37543,11,25100
37557,11,25101
37566,11,25102
37573,11,25103
37584,11,25104
37585,11,25105
37629,11,25106
37659,11,25107
37661,11,25108
37672,11,25109
37684,11,25110
37694,11,25111
37712,11,25112
37714,11,25113
37719,11,25114
37738,11,25115
37753,11,25116
37760,11,25117
37767,11,25118
37784,11,25119
37789,11,25120
37812,11,25121
37818,11,25122
37823,11,25123
37829,11,25124
37839,11,25125
37853,11,25126
37871,11,25127
37873,11,25128
37891,11,25129
37900,11,25130
37910,11,25131
37911,11,25132
37933,11,25133
37965,11,25134
37983,11,25135
37994,11,25136
38001,11,25137
38002,11,25138
38006,11,25139
38016,11,25140
38025,11,25141
38033,11,25142
38034,11,25143
38037,11,25144
38048,11,25145
38075,11,25146
38076,11,25147
38083,11,25148
38084,11,25149
38087,11,25150
38105,11,25151
38117,11,25152
38120,11,25153
38131,11,25154
38138,11,25155
38170,11,25156
38199,11,25157
38224,11,25158
38225,11,25159
38226,11,25160
38234,11,25161
38236,11,25162
38241,11,25163
38248,11,25164
38253,11,25165
38256,11,25166
38258,11,25167
38261,11,25168
38267,11,25169
38284,11,25170
38292,11,25171
38302,11,25172
38307,11,25173
38386,11,25174
38387,11,25175
38400,11,25176
38402,11,25177
38418,11,25178
38432,11,25179
38443,11,25180
38462,11,25181
38490,11,25182
38496,11,25183
38518,11,25184
38519,11,25185
38528,11,25186
38536,11,25187
38538,11,25188
38568,11,25189
38596,11,25190
38606,11,25191
38624,11,25192
38628,11,25193
38663,11,25194
38673,11,25195
38676,11,25196
38678,11,25197
38690,11,25198
38715,11,25199
38719,11,25200
38720,11,25201
38722,11,25202
38781,11,25203
38791,11,25204
38808,11,25205
38810,11,25206
38827,11,25207
38830,11,25208
38839,11,25209
38851,11,25210
38870,11,25211
38877,11,25212
38885,11,25213
38901,11,25214
38911,11,25215
38912,11,25216
38914,11,25217
38922,11,25218
38923,11,25219
38926,11,25220
38934,11,25221
38935,11,25222
38938,11,25223
38947,11,25224
38959,11,25225
38971,11,25226
38998,11,25227
39006,11,25228
39010,11,25229
39025,11,25230
39026,11,25231
39033,11,25232
39049,11,25233
39057,11,25234
39081,11,25235
39093,11,25236
39108,11,25237
39109,11,25238
39120,11,25239
39152,11,25240
39160,11,25241
39178,11,25242
39205,11,25243
39214,11,25244
39216,11,25245
39220,11,25246
39226,11,25247
39234,11,25248
39244,11,25249
39248,11,25250
39289,11,25251
39291,11,25252
39297,11,25253
39303,11,25254
39304,11,25255
39317,11,25256
39333,11,25257
39351,11,25258
39352,11,25259
39378,11,25260
39383,11,25261
39403,11,25262
39408,11,25263
39414,11,25264
39418,11,25265
39423,11,25266
39426,11,25267
39440,11,25268
39442,11,25269
39446,11,25270
39452,11,25271
39458,11,25272
39472,11,25273
39481,11,25274
39483,11,25275
39486,11,25276
39501,11,25277
39511,11,25278
39518,11,25279
39520,11,25280
39529,11,25281
39531,11,25282
39549,11,25283
39551,11,25284
39558,11,25285
39579,11,25286
39596,11,25287
39602,11,25288
39612,11,25289
39623,11,25290
39670,11,25291
39701,11,25292
39723,11,25293
39724,11,25294
39729,11,25295
39746,11,25296
39780,11,25297
39788,11,25298
39796,11,25299
39807,11,25300
39827,11,25301
39828,11,25302
39830,11,25303
39860,11,25304
39872,11,25305
39878,11,25306
39917,11,25307
39935,11,25308
39956,11,25309
39961,11,25310
39970,11,25311
39982,11,25312
39990,11,25313
40032,11,25314
40053,11,25315
40093,11,25316
40108,11,25317
40116,11,25318
40152,11,25319
40157,11,25320
40182,11,25321
40184,11,25322
40194,11,25323
40202,11,25324
40215,11,25325
40232,11,25326
40243,11,25327
40246,11,25328
40253,11,25329
40279,11,25330
40282,11,25331
40304,11,25332
40342,11,25333
40345,11,25334
40350,11,25335
40372,11,25336
40391,11,25337
40403,11,25338
40407,11,25339
40419,11,25340
40421,11,25341
40438,11,25342
40446,11,25343
40450,11,25344
40458,11,25345
40472,11,25346
40487,11,25347
40498,11,25348
40510,11,25349
40525,11,25350
40546,11,25351
40551,11,25352
40603,11,25353
40656,11,25354
40669,11,25355
40678,11,25356
40699,11,25357
40748,11,25358
40749,11,25359
40755,11,25360
40781,11,25361
40788,11,25362
6,10,25363
38,10,25364
40,10,25365
56,10,25366
61,10,25367
65,10,25368
70,10,25369
74,10,25370
78,10,25371
82,10,25372
83,10,25373
100,10,25374
113,10,25375
117,10,25376
144,10,25377
228,10,25378
235,10,25379
236,10,25380
344,10,25381
350,10,25382
353,10,25383
364,10,25384
376,10,25385
449,10,25386
595,10,25387
608,10,25388
648,10,25389
723,10,25390
742,10,25391
749,10,25392
753,10,25393
787,10,25394
823,10,25395
836,10,25396
923,10,25397
963,10,25398
971,10,25399
975,10,25400
999,10,25401
1000,10,25402
1005,10,25403
1012,10,25404
1013,10,25405
1044,10,25406
1054,10,25407
1075,10,25408
1116,10,25409
1159,10,25410
1166,10,25411
1175,10,25412
1185,10,25413
1206,10,25414
1214,10,25415
1220,10,25416
1241,10,25417
1269,10,25418
1290,10,25419
1316,10,25420
1394,10,25421
1400,10,25422
1403,10,25423
1411,10,25424
1453,10,25425
1471,10,25426
1489,10,25427
1505,10,25428
1689,10,25429
1710,10,25430
1737,10,25431
1803,10,25432
1819,10,25433
1914,10,25434
1922,10,25435
1943,10,25436
1966,10,25437
1975,10,25438
1983,10,25439
1984,10,25440
1990,10,25441
2009,10,25442
2010,10,25443
2030,10,25444
2035,10,25445
2109,10,25446
2151,10,25447
2152,10,25448
2154,10,25449
2165,10,25450
2170,10,25451
2184,10,25452
2188,10,25453
2216,10,25454
2245,10,25455
2279,10,25456
2285,10,25457
2300,10,25458
2348,10,25459
2411,10,25460
2428,10,25461
2468,10,25462
2509,10,25463
2547,10,25464
2564,10,25465
2645,10,25466
2663,10,25467
2684,10,25468
2708,10,25469
2724,10,25470
2725,10,25471
2726,10,25472
2728,10,25473
2761,10,25474
2767,10,25475
2776,10,25476
2785,10,25477
2791,10,25478
2826,10,25479
2864,10,25480
2868,10,25481
2873,10,25482
2892,10,25483
2919,10,25484
2931,10,25485
2945,10,25486
2987,10,25487
3007,10,25488
3009,10,25489
3158,10,25490
3193,10,25491
3237,10,25492
3241,10,25493
3258,10,25494
3278,10,25495
3285,10,25496
3299,10,25497
3301,10,25498
3327,10,25499
3340,10,25500
3358,10,25501
3374,10,25502
3375,10,25503
3412,10,25504
3436,10,25505
3446,10,25506
3503,10,25507
3507,10,25508
3519,10,25509
3523,10,25510
3524,10,25511
3546,10,25512
3573,10,25513
3597,10,25514
3665,10,25515
3673,10,25516
3675,10,25517
3688,10,25518
3692,10,25519
3812,10,25520
3825,10,25521
3836,10,25522
3842,10,25523
3848,10,25524
3889,10,25525
3924,10,25526
3929,10,25527
3930,10,25528
3936,10,25529
3948,10,25530
3959,10,25531
3985,10,25532
4021,10,25533
4023,10,25534
4028,10,25535
4042,10,25536
4054,10,25537
4056,10,25538
4058,10,25539
4090,10,25540
4096,10,25541
4115,10,25542
4141,10,25543
4167,10,25544
4176,10,25545
4196,10,25546
4199,10,25547
4206,10,25548
4208,10,25549
4212,10,25550
4224,10,25551
4228,10,25552
4235,10,25553
4259,10,25554
4265,10,25555
4277,10,25556
4291,10,25557
4298,10,25558
4305,10,25559
4313,10,25560
4323,10,25561
4348,10,25562
4349,10,25563
4352,10,25564
4358,10,25565
4364,10,25566
4377,10,25567
4389,10,25568
4391,10,25569
4397,10,25570
4439,10,25571
4445,10,25572
4446,10,25573
4507,10,25574
4547,10,25575
4552,10,25576
4555,10,25577
4559,10,25578
4638,10,25579
4643,10,25580
4662,10,25581
4668,10,25582
4675,10,25583
4713,10,25584
4751,10,25585
4758,10,25586
4797,10,25587
4816,10,25588
4834,10,25589
4839,10,25590
4842,10,25591
4878,10,25592
4929,10,25593
4931,10,25594
4932,10,25595
4933,10,25596
4941,10,25597
4953,10,25598
4963,10,25599
4973,10,25600
4979,10,25601
4980,10,25602
4982,10,25603
4997,10,25604
5019,10,25605
5025,10,25606
5026,10,25607
5027,10,25608
5031,10,25609
5037,10,25610
5039,10,25611
5040,10,25612
5042,10,25613
5043,10,25614
5049,10,25615
5074,10,25616
5082,10,25617
5092,10,25618
5108,10,25619
5154,10,25620
5157,10,25621
5179,10,25622
5200,10,25623
5243,10,25624
5255,10,25625
5257,10,25626
5259,10,25627
5261,10,25628
5262,10,25629
5289,10,25630
5303,10,25631
5322,10,25632
5349,10,25633
5371,10,25634
5428,10,25635
5431,10,25636
5444,10,25637
5454,10,25638
5460,10,25639
5463,10,25640
5491,10,25641
5493,10,25642
5564,10,25643
5579,10,25644
5594,10,25645
5605,10,25646
5620,10,25647
5621,10,25648
5630,10,25649
5658,10,25650
5664,10,25651
5665,10,25652
5680,10,25653
5712,10,25654
5715,10,25655
5718,10,25656
5727,10,25657
5736,10,25658
5737,10,25659
5752,10,25660
5757,10,25661
5774,10,25662
5779,10,25663
5811,10,25664
5817,10,25665
5818,10,25666
5819,10,25667
5827,10,25668
5834,10,25669
5835,10,25670
5844,10,25671
5858,10,25672
5862,10,25673
5863,10,25674
5865,10,25675
5871,10,25676
5872,10,25677
5878,10,25678
5900,10,25679
5913,10,25680
5919,10,25681
5922,10,25682
5934,10,25683
5943,10,25684
5945,10,25685
5963,10,25686
5964,10,25687
5986,10,25688
5995,10,25689
6000,10,25690
6001,10,25691
6013,10,25692
6014,10,25693
6016,10,25694
6018,10,25695
6034,10,25696
6041,10,25697
6050,10,25698
6054,10,25699
6059,10,25700
6072,10,25701
6097,10,25702
6122,10,25703
6148,10,25704
6150,10,25705
6163,10,25706
6183,10,25707
6186,10,25708
6187,10,25709
6191,10,25710
6192,10,25711
6229,10,25712
6231,10,25713
6241,10,25714
6242,10,25715
6255,10,25716
6267,10,25717
6273,10,25718
6290,10,25719
6293,10,25720
6299,10,25721
6309,10,25722
6312,10,25723
6320,10,25724
6330,10,25725
6332,10,25726
6340,10,25727
6348,10,25728
6354,10,25729
6357,10,25730
6358,10,25731
6390,10,25732
6397,10,25733
6403,10,25734
6405,10,25735
6413,10,25736
6419,10,25737
6427,10,25738
6432,10,25739
6434,10,25740
6436,10,25741
6447,10,25742
6450,10,25743
6469,10,25744
6474,10,25745
6480,10,25746
6489,10,25747
6493,10,25748
6496,10,25749
6504,10,25750
6508,10,25751
6513,10,25752
6536,10,25753
6541,10,25754
6545,10,25755
6552,10,25756
6577,10,25757
6591,10,25758
6617,10,25759
6642,10,25760
6655,10,25761
6663,10,25762
6665,10,25763
6671,10,25764
6678,10,25765
6679,10,25766
6683,10,25767
6690,10,25768
6716,10,25769
6724,10,25770
6741,10,25771
6743,10,25772
6754,10,25773
6809,10,25774
6815,10,25775
6827,10,25776
6836,10,25777
6845,10,25778
6853,10,25779
6856,10,25780
6884,10,25781
6887,10,25782
6893,10,25783
6897,10,25784
6909,10,25785
6910,10,25786
6920,10,25787
6949,10,25788
6954,10,25789
7000,10,25790
7017,10,25791
7020,10,25792
7030,10,25793
7032,10,25794
7043,10,25795
7051,10,25796
7057,10,25797
7069,10,25798
7078,10,25799
7082,10,25800
7090,10,25801
7098,10,25802
7107,10,25803
7108,10,25804
7128,10,25805
7139,10,25806
7144,10,25807
7149,10,25808
7165,10,25809
7167,10,25810
7180,10,25811
7189,10,25812
7213,10,25813
7250,10,25814
7253,10,25815
7273,10,25816
7277,10,25817
7279,10,25818
7285,10,25819
7295,10,25820
7296,10,25821
7333,10,25822
7366,10,25823
7375,10,25824
7376,10,25825
7402,10,25826
7446,10,25827
7478,10,25828
7484,10,25829
7510,10,25830
7511,10,25831
7520,10,25832
7526,10,25833
7530,10,25834
7549,10,25835
7554,10,25836
7569,10,25837
7574,10,25838
7587,10,25839
7600,10,25840
7601,10,25841
7603,10,25842
7610,10,25843
7626,10,25844
7630,10,25845
7638,10,25846
7653,10,25847
7657,10,25848
7670,10,25849
7687,10,25850
7688,10,25851
7690,10,25852
7691,10,25853
7694,10,25854
7711,10,25855
7717,10,25856
7718,10,25857
7723,10,25858
7740,10,25859
7759,10,25860
7761,10,25861
7763,10,25862
7769,10,25863
7773,10,25864
7774,10,25865
7778,10,25866
7780,10,25867
7800,10,25868
7802,10,25869
7803,10,25870
7808,10,25871
7809,10,25872
7810,10,25873
7814,10,25874
7817,10,25875
7821,10,25876
7825,10,25877
7826,10,25878
7847,10,25879
7862,10,25880
7881,10,25881
7886,10,25882
7887,10,25883
7890,10,25884
7893,10,25885
7900,10,25886
7925,10,25887
7928,10,25888
7942,10,25889
7945,10,25890
7949,10,25891
7958,10,25892
7970,10,25893
7979,10,25894
8008,10,25895
8022,10,25896
8030,10,25897
8033,10,25898
8046,10,25899
8058,10,25900
8065,10,25901
8073,10,25902
8075,10,25903
8078,10,25904
8082,10,25905
8083,10,25906
8084,10,25907
8089,10,25908
8090,10,25909
8091,10,25910
8106,10,25911
8111,10,25912
8121,10,25913
8122,10,25914
8141,10,25915
8154,10,25916
8168,10,25917
8179,10,25918
8198,10,25919
8205,10,25920
8211,10,25921
8226,10,25922
8231,10,25923
8234,10,25924
8249,10,25925
8265,10,25926
8284,10,25927
8285,10,25928
8291,10,25929
8292,10,25930
8298,10,25931
8309,10,25932
8319,10,25933
8346,10,25934
8351,10,25935
8354,10,25936
8361,10,25937
8368,10,25938
8387,10,25939
8391,10,25940
8408,10,25941
8424,10,25942
8446,10,25943
8448,10,25944
8449,10,25945
8454,10,25946
8459,10,25947
8477,10,25948
8492,10,25949
8529,10,25950
8530,10,25951
8559,10,25952
8561,10,25953
8563,10,25954
8568,10,25955
8572,10,25956
8583,10,25957
8585,10,25958
8588,10,25959
8609,10,25960
8626,10,25961
8649,10,25962
8652,10,25963
8659,10,25964
8714,10,25965
8743,10,25966
8757,10,25967
8758,10,25968
8760,10,25969
8762,10,25970
8765,10,25971
8788,10,25972
8825,10,25973
8853,10,25974
8865,10,25975
8866,10,25976
8869,10,25977
8872,10,25978
8874,10,25979
8909,10,25980
8916,10,25981
8917,10,25982
8921,10,25983
8926,10,25984
8929,10,25985
8930,10,25986
8938,10,25987
8946,10,25988
8951,10,25989
8954,10,25990
8976,10,25991
8982,10,25992
8998,10,25993
9006,10,25994
9016,10,25995
9019,10,25996
9020,10,25997
9022,10,25998
9030,10,25999
9034,10,26000
9035,10,26001
9054,10,26002
9057,10,26003
9079,10,26004
9080,10,26005
9085,10,26006
9096,10,26007
9099,10,26008
9104,10,26009
9106,10,26010
9109,10,26011
9112,10,26012
9114,10,26013
9115,10,26014
9117,10,26015
9133,10,26016
9140,10,26017
9146,10,26018
9158,10,26019
9160,10,26020
9164,10,26021
9182,10,26022
9191,10,26023
9193,10,26024
9199,10,26025
9201,10,26026
9203,10,26027
9204,10,26028
9222,10,26029
9229,10,26030
9231,10,26031
9234,10,26032
9238,10,26033
9245,10,26034
9255,10,26035
9265,10,26036
9266,10,26037
9285,10,26038
9297,10,26039
9323,10,26040
9340,10,26041
9358,10,26042
9367,10,26043
9413,10,26044
9416,10,26045
9455,10,26046
9468,10,26047
9485,10,26048
9486,10,26049
9501,10,26050
9508,10,26051
9510,10,26052
9532,10,26053
9540,10,26054
9545,10,26055
9559,10,26056
9560,10,26057
9565,10,26058
9570,10,26059
9592,10,26060
9635,10,26061
9646,10,26062
9663,10,26063
9668,10,26064
9682,10,26065
9686,10,26066
9687,10,26067
9694,10,26068
9706,10,26069
9708,10,26070
9711,10,26071
9729,10,26072
9732,10,26073
9746,10,26074
9757,10,26075
9774,10,26076
9777,10,26077
9792,10,26078
9824,10,26079
9831,10,26080
9847,10,26081
9848,10,26082
9887,10,26083
9910,10,26084
9943,10,26085
9946,10,26086
9949,10,26087
9950,10,26088
9960,10,26089
9969,10,26090
9973,10,26091
10000,10,26092
10002,10,26093
10007,10,26094
10010,10,26095
10011,10,26096
10016,10,26097
10037,10,26098
10056,10,26099
10061,10,26100
10063,10,26101
10087,10,26102
10088,10,26103
10097,10,26104
10098,10,26105
10104,10,26106
10105,10,26107
10131,10,26108
10154,10,26109
10178,10,26110
10181,10,26111
10189,10,26112
10193,10,26113
10196,10,26114
10197,10,26115
10203,10,26116
10228,10,26117
10245,10,26118
10251,10,26119
10256,10,26120
10264,10,26121
10268,10,26122
10281,10,26123
10294,10,26124
10299,10,26125
10300,10,26126
10302,10,26127
10325,10,26128
10331,10,26129
10344,10,26130
10346,10,26131
10352,10,26132
10368,10,26133
10380,10,26134
10381,10,26135
10421,10,26136
10432,10,26137
10439,10,26138
10443,10,26139
10451,10,26140
10455,10,26141
10513,10,26142
10515,10,26143
10528,10,26144
10530,10,26145
10542,10,26146
10548,10,26147
10555,10,26148
10591,10,26149
10608,10,26150
10609,10,26151
10613,10,26152
10630,10,26153
10641,10,26154
10658,10,26155
10659,10,26156
10665,10,26157
10674,10,26158
10675,10,26159
10678,10,26160
10691,10,26161
10692,10,26162
10705,10,26163
10709,10,26164
10713,10,26165
10740,10,26166
10743,10,26167
10744,10,26168
10749,10,26169
10770,10,26170
10780,10,26171
10809,10,26172
10865,10,26173
10873,10,26174
10907,10,26175
10921,10,26176
10943,10,26177
10948,10,26178
10954,10,26179
10978,10,26180
10988,10,26181
11002,10,26182
11010,10,26183
11020,10,26184
11043,10,26185
11061,10,26186
11073,10,26187
11081,10,26188
11082,10,26189
11092,10,26190
11096,10,26191
11119,10,26192
11130,10,26193
11155,10,26194
11165,10,26195
11170,10,26196
11184,10,26197
11207,10,26198
11210,10,26199
11218,10,26200
11219,10,26201
11235,10,26202
11262,10,26203
11264,10,26204
11272,10,26205
11276,10,26206
11282,10,26207
11291,10,26208
11294,10,26209
11301,10,26210
11304,10,26211
11305,10,26212
11309,10,26213
11318,10,26214
11323,10,26215
11327,10,26216
11328,10,26217
11331,10,26218
11338,10,26219
11340,10,26220
11363,10,26221
11366,10,26222
11377,10,26223
11385,10,26224
11389,10,26225
11403,10,26226
11412,10,26227
11430,10,26228
11448,10,26229
11453,10,26230
11456,10,26231
11460,10,26232
11464,10,26233
11465,10,26234
11466,10,26235
11477,10,26236
11486,10,26237
11490,10,26238
11491,10,26239
11523,10,26240
11525,10,26241
11531,10,26242
11535,10,26243
11538,10,26244
11549,10,26245
11551,10,26246
11561,10,26247
11565,10,26248
11566,10,26249
11568,10,26250
11575,10,26251
11591,10,26252
11617,10,26253
11622,10,26254
11627,10,26255
11673,10,26256
11693,10,26257
11716,10,26258
11722,10,26259
11724,10,26260
11739,10,26261
11748,10,26262
11752,10,26263
11760,10,26264
11761,10,26265
11769,10,26266
11781,10,26267
11790,10,26268
11801,10,26269
11815,10,26270
11819,10,26271
11821,10,26272
11824,10,26273
11825,10,26274
11859,10,26275
11878,10,26276
11889,10,26277
11892,10,26278
11898,10,26279
11908,10,26280
11911,10,26281
11922,10,26282
11932,10,26283
11934,10,26284
11939,10,26285
11953,10,26286
11971,10,26287
11986,10,26288
11996,10,26289
12008,10,26290
12054,10,26291
12065,10,26292
12074,10,26293
12075,10,26294
12082,10,26295
12085,10,26296
12095,10,26297
12098,10,26298
12125,10,26299
12128,10,26300
12139,10,26301
12147,10,26302
12165,10,26303
12181,10,26304
12195,10,26305
12205,10,26306
12215,10,26307
12221,10,26308
12234,10,26309
12235,10,26310
12252,10,26311
12278,10,26312
12309,10,26313
12339,10,26314
12341,10,26315
12343,10,26316
12352,10,26317
12354,10,26318
12377,10,26319
12378,10,26320
12395,10,26321
12414,10,26322
12418,10,26323
12422,10,26324
12441,10,26325
12450,10,26326
12455,10,26327
12456,10,26328
12502,10,26329
12541,10,26330
12550,10,26331
12561,10,26332
12563,10,26333
12571,10,26334
12572,10,26335
12628,10,26336
12636,10,26337
12645,10,26338
12649,10,26339
12656,10,26340
12658,10,26341
12668,10,26342
12670,10,26343
12686,10,26344
12690,10,26345
12716,10,26346
12737,10,26347
12738,10,26348
12742,10,26349
12758,10,26350
12759,10,26351
12764,10,26352
12796,10,26353
12817,10,26354
12823,10,26355
12830,10,26356
12842,10,26357
12864,10,26358
12882,10,26359
12886,10,26360
12892,10,26361
12907,10,26362
12917,10,26363
12924,10,26364
12943,10,26365
12945,10,26366
12951,10,26367
12961,10,26368
12969,10,26369
12972,10,26370
12982,10,26371
12983,10,26372
12991,10,26373
12997,10,26374
13000,10,26375
13004,10,26376
13007,10,26377
13028,10,26378
13059,10,26379
13068,10,26380
13082,10,26381
13085,10,26382
13086,10,26383
13100,10,26384
13111,10,26385
13117,10,26386
13124,10,26387
13138,10,26388
13146,10,26389
13158,10,26390
13164,10,26391
13167,10,26392
13170,10,26393
13173,10,26394
13187,10,26395
13194,10,26396
13197,10,26397
13210,10,26398
13214,10,26399
13223,10,26400
13225,10,26401
13226,10,26402
13228,10,26403
13232,10,26404
13241,10,26405
13252,10,26406
13256,10,26407
13313,10,26408
13316,10,26409
13329,10,26410
13330,10,26411
13331,10,26412
13335,10,26413
13343,10,26414
13346,10,26415
13359,10,26416
13381,10,26417
13382,10,26418
13383,10,26419
13384,10,26420
13400,10,26421
13401,10,26422
13423,10,26423
13432,10,26424
13468,10,26425
13471,10,26426
13478,10,26427
13483,10,26428
13490,10,26429
13498,10,26430
13517,10,26431
13518,10,26432
13530,10,26433
13534,10,26434
13536,10,26435
13560,10,26436
13561,10,26437
13583,10,26438
13601,10,26439
13608,10,26440
13633,10,26441
13640,10,26442
13681,10,26443
13683,10,26444
13686,10,26445
13699,10,26446
13711,10,26447
13720,10,26448
13725,10,26449
13734,10,26450
13737,10,26451
13740,10,26452
13745,10,26453
13773,10,26454
13780,10,26455
13796,10,26456
13809,10,26457
13812,10,26458
13813,10,26459
13826,10,26460
13831,10,26461
13835,10,26462
13845,10,26463
13849,10,26464
13850,10,26465
13866,10,26466
13867,10,26467
13869,10,26468
13884,10,26469
13891,10,26470
13892,10,26471
13895,10,26472
13905,10,26473
13933,10,26474
13946,10,26475
13954,10,26476
13962,10,26477
13972,10,26478
13985,10,26479
14003,10,26480
14013,10,26481
14036,10,26482
14038,10,26483
14039,10,26484
14045,10,26485
14050,10,26486
14051,10,26487
14063,10,26488
14066,10,26489
14074,10,26490
14085,10,26491
14101,10,26492
14114,10,26493
14120,10,26494
14147,10,26495
14148,10,26496
14153,10,26497
14170,10,26498
14182,10,26499
14195,10,26500
14198,10,26501
14207,10,26502
14209,10,26503
14219,10,26504
14222,10,26505
14240,10,26506
14244,10,26507
14252,10,26508
14268,10,26509
14269,10,26510
14274,10,26511
14279,10,26512
14280,10,26513
14285,10,26514
14290,10,26515
14311,10,26516
14319,10,26517
14333,10,26518
14342,10,26519
14354,10,26520
14361,10,26521
14367,10,26522
14371,10,26523
14378,10,26524
14387,10,26525
14398,10,26526
14404,10,26527
14407,10,26528
14420,10,26529
14421,10,26530
14424,10,26531
14425,10,26532
14430,10,26533
14433,10,26534
14471,10,26535
14474,10,26536
14487,10,26537
14489,10,26538
14492,10,26539
14541,10,26540
14555,10,26541
14558,10,26542
14562,10,26543
14566,10,26544
14578,10,26545
14580,10,26546
14598,10,26547
14601,10,26548
14645,10,26549
14671,10,26550
14672,10,26551
14683,10,26552
14684,10,26553
14713,10,26554
14717,10,26555
14725,10,26556
14728,10,26557
14733,10,26558
14736,10,26559
14743,10,26560
14754,10,26561
14782,10,26562
14800,10,26563
14809,10,26564
14830,10,26565
14835,10,26566
14841,10,26567
14852,10,26568
14853,10,26569
14907,10,26570
14922,10,26571
14930,10,26572
14942,10,26573
14947,10,26574
14955,10,26575
14970,10,26576
14977,10,26577
14997,10,26578
14999,10,26579
15009,10,26580
15011,10,26581
15014,10,26582
15017,10,26583
15019,10,26584
15023,10,26585
15024,10,26586
15031,10,26587
15037,10,26588
15042,10,26589
15049,10,26590
15062,10,26591
15065,10,26592
15095,10,26593
15107,10,26594
15108,10,26595
15122,10,26596
15134,10,26597
15138,10,26598
15146,10,26599
15151,10,26600
15171,10,26601
15183,10,26602
15186,10,26603
15198,10,26604
15204,10,26605
15217,10,26606
15262,10,26607
15275,10,26608
15277,10,26609
15286,10,26610
15307,10,26611
15311,10,26612
15313,10,26613
15317,10,26614
15318,10,26615
15336,10,26616
15361,10,26617
15377,10,26618
15378,10,26619
15402,10,26620
15403,10,26621
15407,10,26622
15420,10,26623
15425,10,26624
15428,10,26625
15432,10,26626
15435,10,26627
15446,10,26628
15482,10,26629
15483,10,26630
15497,10,26631
15500,10,26632
15503,10,26633
15511,10,26634
15514,10,26635
15520,10,26636
15523,10,26637
15530,10,26638
15534,10,26639
15557,10,26640
15562,10,26641
15574,10,26642
15576,10,26643
15594,10,26644
15604,10,26645
15627,10,26646
15633,10,26647
15650,10,26648
15653,10,26649
15667,10,26650
15668,10,26651
15670,10,26652
15672,10,26653
15674,10,26654
15677,10,26655
15678,10,26656
15680,10,26657
15684,10,26658
15685,10,26659
15687,10,26660
15688,10,26661
15693,10,26662
15720,10,26663
15727,10,26664
15743,10,26665
15750,10,26666
15766,10,26667
15779,10,26668
15790,10,26669
15797,10,26670
15804,10,26671
15808,10,26672
15842,10,26673
15845,10,26674
15846,10,26675
15861,10,26676
15869,10,26677
15870,10,26678
15873,10,26679
15891,10,26680
15906,10,26681
15910,10,26682
15913,10,26683
15927,10,26684
15928,10,26685
15932,10,26686
15934,10,26687
15944,10,26688
15949,10,26689
15954,10,26690
15955,10,26691
15979,10,26692
15995,10,26693
16005,10,26694
16017,10,26695
16021,10,26696
16032,10,26697
16039,10,26698
16053,10,26699
16055,10,26700
16066,10,26701
16080,10,26702
16084,10,26703
16111,10,26704
16113,10,26705
16134,10,26706
16143,10,26707
16146,10,26708
16148,10,26709
16149,10,26710
16158,10,26711
16211,10,26712
16214,10,26713
16229,10,26714
16253,10,26715
16275,10,26716
16278,10,26717
16288,10,26718
16290,10,26719
16293,10,26720
16298,10,26721
16317,10,26722
16325,10,26723
16329,10,26724
16341,10,26725
16351,10,26726
16385,10,26727
16395,10,26728
16408,10,26729
16448,10,26730
16460,10,26731
16464,10,26732
16468,10,26733
16471,10,26734
16477,10,26735
16488,10,26736
16502,10,26737
16504,10,26738
16528,10,26739
16540,10,26740
16559,10,26741
16576,10,26742
16583,10,26743
16585,10,26744
16588,10,26745
16592,10,26746
16598,10,26747
16607,10,26748
16616,10,26749
16618,10,26750
16621,10,26751
16642,10,26752
16650,10,26753
16661,10,26754
16665,10,26755
16666,10,26756
16673,10,26757
16677,10,26758
16681,10,26759
16692,10,26760
16733,10,26761
16735,10,26762
16762,10,26763
16763,10,26764
16766,10,26765
16773,10,26766
16779,10,26767
16782,10,26768
16790,10,26769
16803,10,26770
16817,10,26771
16825,10,26772
16838,10,26773
16852,10,26774
16858,10,26775
16859,10,26776
16888,10,26777
16896,10,26778
16908,10,26779
16910,10,26780
16943,10,26781
16963,10,26782
16965,10,26783
17003,10,26784
17019,10,26785
17024,10,26786
17033,10,26787
17036,10,26788
17038,10,26789
17049,10,26790
17065,10,26791
17070,10,26792
17075,10,26793
17103,10,26794
17124,10,26795
17131,10,26796
17135,10,26797
17140,10,26798
17150,10,26799
17157,10,26800
17158,10,26801
17169,10,26802
17184,10,26803
17185,10,26804
17193,10,26805
17197,10,26806
17198,10,26807
17204,10,26808
17218,10,26809
17224,10,26810
17227,10,26811
17230,10,26812
17236,10,26813
17247,10,26814
17256,10,26815
17258,10,26816
17266,10,26817
17271,10,26818
17281,10,26819
17282,10,26820
17284,10,26821
17304,10,26822
17307,10,26823
17314,10,26824
17329,10,26825
17336,10,26826
17338,10,26827
17360,10,26828
17378,10,26829
17383,10,26830
17388,10,26831
17389,10,26832
17402,10,26833
17404,10,26834
17416,10,26835
17442,10,26836
17446,10,26837
17458,10,26838
17461,10,26839
17464,10,26840
17465,10,26841
17466,10,26842
17485,10,26843
17491,10,26844
17509,10,26845
17510,10,26846
17512,10,26847
17517,10,26848
17518,10,26849
17522,10,26850
17536,10,26851
17538,10,26852
17556,10,26853
17558,10,26854
17559,10,26855
17569,10,26856
17576,10,26857
17599,10,26858
17604,10,26859
17605,10,26860
17607,10,26861
17611,10,26862
17612,10,26863
17621,10,26864
17629,10,26865
17638,10,26866
17640,10,26867
17647,10,26868
17651,10,26869
17659,10,26870
17682,10,26871
17696,10,26872
17698,10,26873
17713,10,26874
17714,10,26875
17726,10,26876
17737,10,26877
17755,10,26878
17768,10,26879
17769,10,26880
17774,10,26881
17790,10,26882
17806,10,26883
17827,10,26884
17828,10,26885
17829,10,26886
17839,10,26887
17847,10,26888
17857,10,26889
17860,10,26890
17864,10,26891
17876,10,26892
17888,10,26893
17892,10,26894
17916,10,26895
17928,10,26896
17931,10,26897
17932,10,26898
17952,10,26899
17953,10,26900
17955,10,26901
17956,10,26902
17960,10,26903
17973,10,26904
17974,10,26905
17979,10,26906
18014,10,26907
18017,10,26908
18026,10,26909
18028,10,26910
18045,10,26911
18049,10,26912
18051,10,26913
18069,10,26914
18073,10,26915
18078,10,26916
18079,10,26917
18083,10,26918
18085,10,26919
18102,10,26920
18104,10,26921
18110,10,26922
18111,10,26923
18116,10,26924
18119,10,26925
18124,10,26926
18125,10,26927
18140,10,26928
18151,10,26929
18163,10,26930
18164,10,26931
18203,10,26932
18206,10,26933
18210,10,26934
18230,10,26935
18232,10,26936
18235,10,26937
18263,10,26938
18278,10,26939
18286,10,26940
18292,10,26941
18316,10,26942
18323,10,26943
18324,10,26944
18328,10,26945
18332,10,26946
18345,10,26947
18390,10,26948
18409,10,26949
18410,10,26950
18421,10,26951
18434,10,26952
18439,10,26953
18440,10,26954
18444,10,26955
18450,10,26956
18452,10,26957
18455,10,26958
18476,10,26959
18483,10,26960
18495,10,26961
18497,10,26962
18506,10,26963
18511,10,26964
18521,10,26965
18524,10,26966
18553,10,26967
18579,10,26968
18587,10,26969
18591,10,26970
18608,10,26971
18609,10,26972
18636,10,26973
18640,10,26974
18642,10,26975
18651,10,26976
18720,10,26977
18731,10,26978
18732,10,26979
18733,10,26980
18748,10,26981
18755,10,26982
18757,10,26983
18761,10,26984
18765,10,26985
18774,10,26986
18778,10,26987
18794,10,26988
18810,10,26989
18822,10,26990
18825,10,26991
18831,10,26992
18837,10,26993
18839,10,26994
18840,10,26995
18866,10,26996
18888,10,26997
18923,10,26998
18928,10,26999
18942,10,27000
18950,10,27001
18964,10,27002
18969,10,27003
18996,10,27004
19024,10,27005
19031,10,27006
19035,10,27007
19036,10,27008
19044,10,27009
19070,10,27010
19075,10,27011
19088,10,27012
19104,10,27013
19156,10,27014
19159,10,27015
19161,10,27016
19170,10,27017
19171,10,27018
19187,10,27019
19188,10,27020
19189,10,27021
19194,10,27022
19197,10,27023
19203,10,27024
19214,10,27025
19228,10,27026
19246,10,27027
19257,10,27028
19271,10,27029
19274,10,27030
19298,10,27031
19305,10,27032
19308,10,27033
19315,10,27034
19345,10,27035
19349,10,27036
19356,10,27037
19366,10,27038
19390,10,27039
19391,10,27040
19399,10,27041
19400,10,27042
19402,10,27043
19403,10,27044
19414,10,27045
19415,10,27046
19444,10,27047
19466,10,27048
19468,10,27049
19480,10,27050
19503,10,27051
19505,10,27052
19517,10,27053
19520,10,27054
19529,10,27055
19530,10,27056
19540,10,27057
19546,10,27058
19555,10,27059
19560,10,27060
19568,10,27061
19574,10,27062
19575,10,27063
19580,10,27064
19586,10,27065
19598,10,27066
19610,10,27067
19611,10,27068
19615,10,27069
19628,10,27070
19637,10,27071
19639,10,27072
19643,10,27073
19658,10,27074
19660,10,27075
19662,10,27076
19668,10,27077
19672,10,27078
19679,10,27079
19693,10,27080
19694,10,27081
19695,10,27082
19698,10,27083
19702,10,27084
19703,10,27085
19717,10,27086
19726,10,27087
19741,10,27088
19744,10,27089
19750,10,27090
19753,10,27091
19754,10,27092
19756,10,27093
19759,10,27094
19767,10,27095
19786,10,27096
19793,10,27097
19809,10,27098
19810,10,27099
19811,10,27100
19816,10,27101
19822,10,27102
19831,10,27103
19848,10,27104
19849,10,27105
19858,10,27106
19865,10,27107
19890,10,27108
19893,10,27109
19894,10,27110
19917,10,27111
19930,10,27112
19933,10,27113
19947,10,27114
19948,10,27115
19960,10,27116
19971,10,27117
19976,10,27118
19977,10,27119
19988,10,27120
20019,10,27121
20021,10,27122
20026,10,27123
20052,10,27124
20058,10,27125
20063,10,27126
20076,10,27127
20078,10,27128
20080,10,27129
20098,10,27130
20108,10,27131
20137,10,27132
20145,10,27133
20152,10,27134
20155,10,27135
20166,10,27136
20175,10,27137
20191,10,27138
20208,10,27139
20216,10,27140
20226,10,27141
20228,10,27142
20229,10,27143
20235,10,27144
20251,10,27145
20252,10,27146
20263,10,27147
20288,10,27148
20297,10,27149
20302,10,27150
20313,10,27151
20316,10,27152
20322,10,27153
20335,10,27154
20336,10,27155
20337,10,27156
20346,10,27157
20353,10,27158
20357,10,27159
20360,10,27160
20372,10,27161
20383,10,27162
20385,10,27163
20389,10,27164
20392,10,27165
20403,10,27166
20410,10,27167
20416,10,27168
20424,10,27169
20425,10,27170
20434,10,27171
20437,10,27172
20445,10,27173
20455,10,27174
20460,10,27175
20468,10,27176
20471,10,27177
20476,10,27178
20483,10,27179
20487,10,27180
20488,10,27181
20496,10,27182
20500,10,27183
20510,10,27184
20520,10,27185
20525,10,27186
20546,10,27187
20549,10,27188
20555,10,27189
20557,10,27190
20570,10,27191
20581,10,27192
20582,10,27193
20586,10,27194
20598,10,27195
20600,10,27196
20607,10,27197
20613,10,27198
20647,10,27199
20651,10,27200
20662,10,27201
20665,10,27202
20672,10,27203
20674,10,27204
20685,10,27205
20687,10,27206
20701,10,27207
20705,10,27208
20707,10,27209
20739,10,27210
20757,10,27211
20759,10,27212
20761,10,27213
20766,10,27214
20767,10,27215
20774,10,27216
20779,10,27217
20808,10,27218
20829,10,27219
20832,10,27220
20837,10,27221
20841,10,27222
20842,10,27223
20848,10,27224
20849,10,27225
20873,10,27226
20882,10,27227
20885,10,27228
20887,10,27229
20904,10,27230
20912,10,27231
20917,10,27232
20925,10,27233
20927,10,27234
20932,10,27235
20934,10,27236
20942,10,27237
20945,10,27238
20962,10,27239
20975,10,27240
20976,10,27241
20989,10,27242
21022,10,27243
21023,10,27244
21024,10,27245
21027,10,27246
21045,10,27247
21048,10,27248
21049,10,27249
21052,10,27250
21058,10,27251
21060,10,27252
21077,10,27253
21089,10,27254
21094,10,27255
21103,10,27256
21118,10,27257
21152,10,27258
21173,10,27259
21196,10,27260
21202,10,27261
21207,10,27262
21219,10,27263
21224,10,27264
21226,10,27265
21243,10,27266
21246,10,27267
21254,10,27268
21281,10,27269
21282,10,27270
21288,10,27271
21310,10,27272
21311,10,27273
21314,10,27274
21326,10,27275
21329,10,27276
21335,10,27277
21371,10,27278
21382,10,27279
21407,10,27280
21433,10,27281
21437,10,27282
21438,10,27283
21453,10,27284
21457,10,27285
21465,10,27286
21473,10,27287
21477,10,27288
21479,10,27289
21483,10,27290
21485,10,27291
21487,10,27292
21498,10,27293
21505,10,27294
21506,10,27295
21568,10,27296
21571,10,27297
21584,10,27298
21586,10,27299
21587,10,27300
21599,10,27301
21603,10,27302
21613,10,27303
21617,10,27304
21624,10,27305
21639,10,27306
21642,10,27307
21661,10,27308
21669,10,27309
21677,10,27310
21686,10,27311
21692,10,27312
21702,10,27313
21704,10,27314
21708,10,27315
21709,10,27316
21710,10,27317
21720,10,27318
21728,10,27319
21733,10,27320
21751,10,27321
21754,10,27322
21761,10,27323
21767,10,27324
21768,10,27325
21794,10,27326
21802,10,27327
21804,10,27328
21811,10,27329
21816,10,27330
21817,10,27331
21834,10,27332
21845,10,27333
21847,10,27334
21849,10,27335
21852,10,27336
21854,10,27337
21869,10,27338
21873,10,27339
21908,10,27340
21932,10,27341
21938,10,27342
21945,10,27343
21952,10,27344
21961,10,27345
21972,10,27346
21975,10,27347
21977,10,27348
21988,10,27349
21990,10,27350
21994,10,27351
22006,10,27352
22010,10,27353
22019,10,27354
22023,10,27355
22039,10,27356
22041,10,27357
22052,10,27358
22059,10,27359
22062,10,27360
22071,10,27361
22074,10,27362
22076,10,27363
22082,10,27364
22083,10,27365
22085,10,27366
22089,10,27367
22091,10,27368
22096,10,27369
22154,10,27370
22158,10,27371
22169,10,27372
22195,10,27373
22202,10,27374
22203,10,27375
22215,10,27376
22223,10,27377
22230,10,27378
22235,10,27379
22241,10,27380
22243,10,27381
22256,10,27382
22273,10,27383
22286,10,27384
22287,10,27385
22301,10,27386
22304,10,27387
22323,10,27388
22331,10,27389
22335,10,27390
22336,10,27391
22344,10,27392
22347,10,27393
22354,10,27394
22356,10,27395
22357,10,27396
22399,10,27397
22447,10,27398
22449,10,27399
22453,10,27400
22461,10,27401
22467,10,27402
22472,10,27403
22477,10,27404
22480,10,27405
22496,10,27406
22503,10,27407
22511,10,27408
22515,10,27409
22538,10,27410
22555,10,27411
22558,10,27412
22561,10,27413
22565,10,27414
22584,10,27415
22595,10,27416
22613,10,27417
22628,10,27418
22665,10,27419
22681,10,27420
22682,10,27421
22688,10,27422
22710,10,27423
22730,10,27424
22733,10,27425
22738,10,27426
22740,10,27427
22748,10,27428
22771,10,27429
22779,10,27430
22780,10,27431
22781,10,27432
22793,10,27433
22795,10,27434
22804,10,27435
22807,10,27436
22811,10,27437
22822,10,27438
22838,10,27439
22852,10,27440
22868,10,27441
22888,10,27442
22899,10,27443
22942,10,27444
22950,10,27445
22957,10,27446
22976,10,27447
22978,10,27448
22982,10,27449
22994,10,27450
23007,10,27451
23042,10,27452
23052,10,27453
23053,10,27454
23055,10,27455
23058,10,27456
23068,10,27457
23075,10,27458
23080,10,27459
23104,10,27460
23128,10,27461
23139,10,27462
23164,10,27463
23171,10,27464
23186,10,27465
23198,10,27466
23208,10,27467
23240,10,27468
23241,10,27469
23257,10,27470
23261,10,27471
23264,10,27472
23272,10,27473
23273,10,27474
23275,10,27475
23299,10,27476
23313,10,27477
23323,10,27478
23327,10,27479
23333,10,27480
23337,10,27481
23346,10,27482
23367,10,27483
23379,10,27484
23412,10,27485
23417,10,27486
23431,10,27487
23433,10,27488
23437,10,27489
23445,10,27490
23446,10,27491
23480,10,27492
23493,10,27493
23496,10,27494
23526,10,27495
23549,10,27496
23553,10,27497
23569,10,27498
23572,10,27499
23574,10,27500
23584,10,27501
23593,10,27502
23595,10,27503
23596,10,27504
23613,10,27505
23631,10,27506
23635,10,27507
23637,10,27508
23640,10,27509
23645,10,27510
23668,10,27511
23669,10,27512
23676,10,27513
23686,10,27514
23691,10,27515
23724,10,27516
23738,10,27517
23755,10,27518
23758,10,27519
23763,10,27520
23764,10,27521
23770,10,27522
23785,10,27523
23790,10,27524
23797,10,27525
23798,10,27526
23799,10,27527
23800,10,27528
23802,10,27529
23819,10,27530
23827,10,27531
23830,10,27532
23831,10,27533
23854,10,27534
23857,10,27535
23864,10,27536
23865,10,27537
23868,10,27538
23882,10,27539
23883,10,27540
23888,10,27541
23907,10,27542
23943,10,27543
23962,10,27544
23966,10,27545
23968,10,27546
23969,10,27547
23979,10,27548
23981,10,27549
23987,10,27550
23988,10,27551
23997,10,27552
24014,10,27553
24019,10,27554
24023,10,27555
24028,10,27556
24045,10,27557
24051,10,27558
24060,10,27559
24087,10,27560
24092,10,27561
24093,10,27562
24098,10,27563
24103,10,27564
24120,10,27565
24128,10,27566
24142,10,27567
24149,10,27568
24154,10,27569
24157,10,27570
24160,10,27571
24170,10,27572
24199,10,27573
24210,10,27574
24211,10,27575
24212,10,27576
24225,10,27577
24251,10,27578
24266,10,27579
24277,10,27580
24291,10,27581
24297,10,27582
24301,10,27583
24323,10,27584
24324,10,27585
24326,10,27586
24332,10,27587
24333,10,27588
24342,10,27589
24344,10,27590
24357,10,27591
24371,10,27592
24373,10,27593
24387,10,27594
24388,10,27595
24417,10,27596
24422,10,27597
24474,10,27598
24476,10,27599
24480,10,27600
24483,10,27601
24502,10,27602
24515,10,27603
24521,10,27604
24551,10,27605
24577,10,27606
24585,10,27607
24589,10,27608
24604,10,27609
24608,10,27610
24613,10,27611
24633,10,27612
24641,10,27613
24656,10,27614
24661,10,27615
24667,10,27616
24690,10,27617
24691,10,27618
24694,10,27619
24700,10,27620
24709,10,27621
24715,10,27622
24736,10,27623
24747,10,27624
24760,10,27625
24763,10,27626
24764,10,27627
24772,10,27628
24777,10,27629
24783,10,27630
24784,10,27631
24785,10,27632
24795,10,27633
24814,10,27634
24818,10,27635
24822,10,27636
24843,10,27637
24861,10,27638
24863,10,27639
24864,10,27640
24877,10,27641
24893,10,27642
24935,10,27643
24951,10,27644
24960,10,27645
24972,10,27646
25004,10,27647
25010,10,27648
25042,10,27649
25043,10,27650
25049,10,27651
25051,10,27652
25075,10,27653
25091,10,27654
25098,10,27655
25125,10,27656
25129,10,27657
25133,10,27658
25141,10,27659
25146,10,27660
25158,10,27661
25166,10,27662
25191,10,27663
25194,10,27664
25219,10,27665
25221,10,27666
25229,10,27667
25236,10,27668
25262,10,27669
25273,10,27670
25278,10,27671
25287,10,27672
25288,10,27673
25293,10,27674
25310,10,27675
25332,10,27676
25349,10,27677
25352,10,27678
25356,10,27679
25368,10,27680
25369,10,27681
25381,10,27682
25385,10,27683
25387,10,27684
25389,10,27685
25391,10,27686
25397,10,27687
25399,10,27688
25400,10,27689
25401,10,27690
25403,10,27691
25415,10,27692
25416,10,27693
25420,10,27694
25436,10,27695
25441,10,27696
25443,10,27697
25450,10,27698
25456,10,27699
25471,10,27700
25476,10,27701
25478,10,27702
25482,10,27703
25492,10,27704
25495,10,27705
25497,10,27706
25506,10,27707
25508,10,27708
25509,10,27709
25512,10,27710
25515,10,27711
25526,10,27712
25537,10,27713
25539,10,27714
25543,10,27715
25545,10,27716
25549,10,27717
25551,10,27718
25563,10,27719
25564,10,27720
25567,10,27721
25570,10,27722
25579,10,27723
25587,10,27724
25591,10,27725
25599,10,27726
25610,10,27727
25619,10,27728
25632,10,27729
25642,10,27730
25658,10,27731
25659,10,27732
25702,10,27733
25706,10,27734
25717,10,27735
25735,10,27736
25766,10,27737
25769,10,27738
25783,10,27739
25784,10,27740
25790,10,27741
25791,10,27742
25797,10,27743
25805,10,27744
25806,10,27745
25814,10,27746
25825,10,27747
25827,10,27748
25837,10,27749
25846,10,27750
25868,10,27751
25869,10,27752
25873,10,27753
25884,10,27754
25892,10,27755
25900,10,27756
25906,10,27757
25919,10,27758
25922,10,27759
25936,10,27760
25960,10,27761
25961,10,27762
25964,10,27763
25971,10,27764
25976,10,27765
25990,10,27766
25997,10,27767
26002,10,27768
26007,10,27769
26011,10,27770
26016,10,27771
26023,10,27772
26073,10,27773
26092,10,27774
26101,10,27775
26118,10,27776
26130,10,27777
26132,10,27778
26136,10,27779
26141,10,27780
26159,10,27781
26172,10,27782
26190,10,27783
26196,10,27784
26201,10,27785
26203,10,27786
26205,10,27787
26206,10,27788
26215,10,27789
26217,10,27790
26227,10,27791
26236,10,27792
26246,10,27793
26250,10,27794
26251,10,27795
26253,10,27796
26259,10,27797
26260,10,27798
26262,10,27799
26267,10,27800
26269,10,27801
26274,10,27802
26287,10,27803
26298,10,27804
26327,10,27805
26334,10,27806
26364,10,27807
26373,10,27808
26385,10,27809
26387,10,27810
26389,10,27811
26395,10,27812
26396,10,27813
26397,10,27814
26398,10,27815
26401,10,27816
26413,10,27817
26427,10,27818
26442,10,27819
26459,10,27820
26469,10,27821
26506,10,27822
26516,10,27823
26517,10,27824
26523,10,27825
26529,10,27826
26534,10,27827
26539,10,27828
26542,10,27829
26578,10,27830
26581,10,27831
26584,10,27832
26616,10,27833
26624,10,27834
26631,10,27835
26646,10,27836
26666,10,27837
26680,10,27838
26697,10,27839
26698,10,27840
26728,10,27841
26730,10,27842
26739,10,27843
26742,10,27844
26754,10,27845
26761,10,27846
26765,10,27847
26771,10,27848
26776,10,27849
26777,10,27850
26788,10,27851
26802,10,27852
26806,10,27853
26808,10,27854
26809,10,27855
26811,10,27856
26814,10,27857
26826,10,27858
26859,10,27859
26872,10,27860
26886,10,27861
26888,10,27862
26891,10,27863
26892,10,27864
26898,10,27865
26906,10,27866
26918,10,27867
26932,10,27868
26937,10,27869
26949,10,27870
26969,10,27871
26981,10,27872
26990,10,27873
26993,10,27874
26999,10,27875
27020,10,27876
27027,10,27877
27030,10,27878
27031,10,27879
27042,10,27880
27044,10,27881
27056,10,27882
27065,10,27883
27073,10,27884
27081,10,27885
27092,10,27886
27112,10,27887
27114,10,27888
27129,10,27889
27140,10,27890
27152,10,27891
27170,10,27892
27190,10,27893
27192,10,27894
27193,10,27895
27219,10,27896
27225,10,27897
27236,10,27898
27239,10,27899
27245,10,27900
27267,10,27901
27316,10,27902
27323,10,27903
27333,10,27904
27340,10,27905
27350,10,27906
27356,10,27907
27375,10,27908
27376,10,27909
27381,10,27910
27384,10,27911
27385,10,27912
27402,10,27913
27405,10,27914
27416,10,27915
27419,10,27916
27422,10,27917
27423,10,27918
27435,10,27919
27439,10,27920
27446,10,27921
27455,10,27922
27459,10,27923
27464,10,27924
27474,10,27925
27480,10,27926
27492,10,27927
27493,10,27928
27496,10,27929
27501,10,27930
27504,10,27931
27509,10,27932
27543,10,27933
27548,10,27934
27567,10,27935
27570,10,27936
27572,10,27937
27587,10,27938
27589,10,27939
27594,10,27940
27603,10,27941
27607,10,27942
27612,10,27943
27613,10,27944
27633,10,27945
27642,10,27946
27673,10,27947
27674,10,27948
27675,10,27949
27691,10,27950
27722,10,27951
27723,10,27952
27741,10,27953
27749,10,27954
27751,10,27955
27754,10,27956
27758,10,27957
27761,10,27958
27762,10,27959
27767,10,27960
27771,10,27961
27782,10,27962
27786,10,27963
27792,10,27964
27793,10,27965
27797,10,27966
27798,10,27967
27799,10,27968
27813,10,27969
27817,10,27970
27818,10,27971
27819,10,27972
27824,10,27973
27841,10,27974
27872,10,27975
27879,10,27976
27881,10,27977
27896,10,27978
27899,10,27979
27900,10,27980
27903,10,27981
27910,10,27982
27912,10,27983
27914,10,27984
27915,10,27985
27928,10,27986
27954,10,27987
27968,10,27988
27969,10,27989
27970,10,27990
27979,10,27991
27986,10,27992
28008,10,27993
28012,10,27994
28014,10,27995
28023,10,27996
28024,10,27997
28044,10,27998
28045,10,27999
28066,10,28000
28069,10,28001
28073,10,28002
28074,10,28003
28075,10,28004
28076,10,28005
28078,10,28006
28082,10,28007
28095,10,28008
28101,10,28009
28102,10,28010
28104,10,28011
28108,10,28012
28113,10,28013
28118,10,28014
28130,10,28015
28135,10,28016
28141,10,28017
28152,10,28018
28161,10,28019
28170,10,28020
28172,10,28021
28176,10,28022
28180,10,28023
28197,10,28024
28207,10,28025
28211,10,28026
28236,10,28027
28245,10,28028
28259,10,28029
28275,10,28030
28280,10,28031
28288,10,28032
28291,10,28033
28292,10,28034
28300,10,28035
28303,10,28036
28304,10,28037
28319,10,28038
28320,10,28039
28326,10,28040
28335,10,28041
28359,10,28042
28360,10,28043
28372,10,28044
28375,10,28045
28378,10,28046
28381,10,28047
28383,10,28048
28384,10,28049
28390,10,28050
28397,10,28051
28403,10,28052
28412,10,28053
28415,10,28054
28416,10,28055
28430,10,28056
28432,10,28057
28449,10,28058
28462,10,28059
28472,10,28060
28484,10,28061
28496,10,28062
28517,10,28063
28536,10,28064
28538,10,28065
28540,10,28066
28543,10,28067
28552,10,28068
28554,10,28069
28565,10,28070
28567,10,28071
28572,10,28072
28580,10,28073
28594,10,28074
28600,10,28075
28602,10,28076
28613,10,28077
28614,10,28078
28624,10,28079
28630,10,28080
28635,10,28081
28639,10,28082
28641,10,28083
28648,10,28084
28649,10,28085
28653,10,28086
28662,10,28087
28673,10,28088
28692,10,28089
28700,10,28090
28704,10,28091
28708,10,28092
28712,10,28093
28726,10,28094
28727,10,28095
28740,10,28096
28745,10,28097
28751,10,28098
28761,10,28099
28763,10,28100
28766,10,28101
28784,10,28102
28791,10,28103
28792,10,28104
28805,10,28105
28824,10,28106
28846,10,28107
28856,10,28108
28859,10,28109
28904,10,28110
28921,10,28111
28925,10,28112
28926,10,28113
28945,10,28114
28946,10,28115
28950,10,28116
28962,10,28117
28966,10,28118
28968,10,28119
28970,10,28120
28996,10,28121
29028,10,28122
29038,10,28123
29052,10,28124
29065,10,28125
29074,10,28126
29080,10,28127
29099,10,28128
29116,10,28129
29140,10,28130
29150,10,28131
29168,10,28132
29171,10,28133
29175,10,28134
29182,10,28135
29187,10,28136
29191,10,28137
29192,10,28138
29208,10,28139
29210,10,28140
29217,10,28141
29224,10,28142
29225,10,28143
29241,10,28144
29245,10,28145
29248,10,28146
29253,10,28147
29265,10,28148
29266,10,28149
29277,10,28150
29283,10,28151
29293,10,28152
29299,10,28153
29335,10,28154
29342,10,28155
29347,10,28156
29348,10,28157
29356,10,28158
29360,10,28159
29368,10,28160
29370,10,28161
29387,10,28162
29399,10,28163
29423,10,28164
29425,10,28165
29433,10,28166
29436,10,28167
29445,10,28168
29500,10,28169
29516,10,28170
29532,10,28171
29546,10,28172
29550,10,28173
29557,10,28174
29571,10,28175
29576,10,28176
29579,10,28177
29582,10,28178
29583,10,28179
29590,10,28180
29593,10,28181
29595,10,28182
29605,10,28183
29606,10,28184
29608,10,28185
29618,10,28186
29634,10,28187
29638,10,28188
29639,10,28189
29648,10,28190
29650,10,28191
29662,10,28192
29687,10,28193
29693,10,28194
29699,10,28195
29705,10,28196
29728,10,28197
29733,10,28198
29736,10,28199
29778,10,28200
29790,10,28201
29803,10,28202
29808,10,28203
29814,10,28204
29828,10,28205
29829,10,28206
29830,10,28207
29847,10,28208
29848,10,28209
29854,10,28210
29860,10,28211
29861,10,28212
29862,10,28213
29865,10,28214
29875,10,28215
29891,10,28216
29893,10,28217
29896,10,28218
29898,10,28219
29900,10,28220
29907,10,28221
29909,10,28222
29926,10,28223
29934,10,28224
29937,10,28225
29944,10,28226
29955,10,28227
29974,10,28228
29977,10,28229
29996,10,28230
30002,10,28231
30005,10,28232
30006,10,28233
30007,10,28234
30009,10,28235
30022,10,28236
30023,10,28237
30030,10,28238
30035,10,28239
30046,10,28240
30050,10,28241
30054,10,28242
30057,10,28243
30060,10,28244
30064,10,28245
30083,10,28246
30085,10,28247
30090,10,28248
30100,10,28249
30103,10,28250
30119,10,28251
30122,10,28252
30143,10,28253
30147,10,28254
30162,10,28255
30164,10,28256
30184,10,28257
30193,10,28258
30204,10,28259
30211,10,28260
30214,10,28261
30216,10,28262
30217,10,28263
30234,10,28264
30262,10,28265
30264,10,28266
30266,10,28267
30283,10,28268
30286,10,28269
30303,10,28270
30307,10,28271
30335,10,28272
30336,10,28273
30352,10,28274
30363,10,28275
30367,10,28276
30369,10,28277
30370,10,28278
30375,10,28279
30400,10,28280
30413,10,28281
30418,10,28282
30424,10,28283
30433,10,28284
30439,10,28285
30451,10,28286
30454,10,28287
30463,10,28288
30466,10,28289
30472,10,28290
30475,10,28291
30500,10,28292
30506,10,28293
30507,10,28294
30526,10,28295
30533,10,28296
30538,10,28297
30550,10,28298
30558,10,28299
30567,10,28300
30572,10,28301
30581,10,28302
30582,10,28303
30586,10,28304
30594,10,28305
30597,10,28306
30605,10,28307
30607,10,28308
30625,10,28309
30652,10,28310
30653,10,28311
30660,10,28312
30665,10,28313
30674,10,28314
30675,10,28315
30680,10,28316
30682,10,28317
30688,10,28318
30692,10,28319
30699,10,28320
30718,10,28321
30725,10,28322
30736,10,28323
30757,10,28324
30777,10,28325
30790,10,28326
30793,10,28327
30799,10,28328
30820,10,28329
30827,10,28330
30831,10,28331
30840,10,28332
30848,10,28333
30849,10,28334
30862,10,28335
30870,10,28336
30872,10,28337
30878,10,28338
30879,10,28339
30883,10,28340
30885,10,28341
30894,10,28342
30895,10,28343
30900,10,28344
30909,10,28345
30918,10,28346
30927,10,28347
30937,10,28348
30945,10,28349
30951,10,28350
30954,10,28351
30959,10,28352
30963,10,28353
30964,10,28354
30970,10,28355
30978,10,28356
30984,10,28357
30989,10,28358
30995,10,28359
30997,10,28360
31007,10,28361
31015,10,28362
31017,10,28363
31018,10,28364
31019,10,28365
31022,10,28366
31033,10,28367
31039,10,28368
31040,10,28369
31041,10,28370
31046,10,28371
31047,10,28372
31048,10,28373
31050,10,28374
31052,10,28375
31058,10,28376
31061,10,28377
31074,10,28378
31075,10,28379
31076,10,28380
31090,10,28381
31091,10,28382
31096,10,28383
31102,10,28384
31107,10,28385
31110,10,28386
31122,10,28387
31137,10,28388
31139,10,28389
31149,10,28390
31171,10,28391
31173,10,28392
31176,10,28393
31177,10,28394
31183,10,28395
31189,10,28396
31192,10,28397
31197,10,28398
31203,10,28399
31204,10,28400
31206,10,28401
31209,10,28402
31229,10,28403
31231,10,28404
31232,10,28405
31234,10,28406
31254,10,28407
31256,10,28408
31264,10,28409
31279,10,28410
31285,10,28411
31287,10,28412
31296,10,28413
31300,10,28414
31302,10,28415
31326,10,28416
31338,10,28417
31339,10,28418
31342,10,28419
31353,10,28420
31354,10,28421
31361,10,28422
31362,10,28423
31369,10,28424
31373,10,28425
31382,10,28426
31391,10,28427
31394,10,28428
31400,10,28429
31410,10,28430
31425,10,28431
31428,10,28432
31433,10,28433
31440,10,28434
31458,10,28435
31459,10,28436
31460,10,28437
31461,10,28438
31471,10,28439
31472,10,28440
31476,10,28441
31478,10,28442
31482,10,28443
31496,10,28444
31506,10,28445
31511,10,28446
31523,10,28447
31525,10,28448
31530,10,28449
31533,10,28450
31535,10,28451
31557,10,28452
31558,10,28453
31586,10,28454
31587,10,28455
31589,10,28456
31594,10,28457
31597,10,28458
31600,10,28459
31607,10,28460
31608,10,28461
31620,10,28462
31621,10,28463
31624,10,28464
31630,10,28465
31637,10,28466
31649,10,28467
31659,10,28468
31662,10,28469
31677,10,28470
31699,10,28471
31703,10,28472
31706,10,28473
31709,10,28474
31725,10,28475
31738,10,28476
31744,10,28477
31749,10,28478
31773,10,28479
31779,10,28480
31783,10,28481
31790,10,28482
31799,10,28483
31800,10,28484
31801,10,28485
31808,10,28486
31827,10,28487
31829,10,28488
31850,10,28489
31851,10,28490
31866,10,28491
31885,10,28492
31888,10,28493
31889,10,28494
31890,10,28495
31894,10,28496
31905,10,28497
31909,10,28498
31910,10,28499
31920,10,28500
31927,10,28501
31929,10,28502
31936,10,28503
31945,10,28504
31946,10,28505
31959,10,28506
31966,10,28507
31967,10,28508
31976,10,28509
31985,10,28510
31987,10,28511
31994,10,28512
32018,10,28513
32019,10,28514
32028,10,28515
32031,10,28516
32034,10,28517
32048,10,28518
32052,10,28519
32095,10,28520
32098,10,28521
32102,10,28522
32105,10,28523
32106,10,28524
32115,10,28525
32117,10,28526
32119,10,28527
32144,10,28528
32146,10,28529
32166,10,28530
32169,10,28531
32174,10,28532
32180,10,28533
32183,10,28534
32192,10,28535
32198,10,28536
32236,10,28537
32238,10,28538
32239,10,28539
32243,10,28540
32258,10,28541
32260,10,28542
32282,10,28543
32291,10,28544
32299,10,28545
32303,10,28546
32309,10,28547
32313,10,28548
32316,10,28549
32339,10,28550
32351,10,28551
32357,10,28552
32371,10,28553
32389,10,28554
32390,10,28555
32391,10,28556
32393,10,28557
32395,10,28558
32426,10,28559
32433,10,28560
32439,10,28561
32442,10,28562
32444,10,28563
32447,10,28564
32450,10,28565
32451,10,28566
32459,10,28567
32465,10,28568
32474,10,28569
32490,10,28570
32496,10,28571
32503,10,28572
32513,10,28573
32539,10,28574
32542,10,28575
32548,10,28576
32556,10,28577
32558,10,28578
32565,10,28579
32570,10,28580
32581,10,28581
32586,10,28582
32589,10,28583
32606,10,28584
32607,10,28585
32609,10,28586
32617,10,28587
32626,10,28588
32628,10,28589
32643,10,28590
32659,10,28591
32665,10,28592
32671,10,28593
32701,10,28594
32715,10,28595
32736,10,28596
32742,10,28597
32745,10,28598
32760,10,28599
32768,10,28600
32774,10,28601
32779,10,28602
32781,10,28603
32783,10,28604
32786,10,28605
32797,10,28606
32802,10,28607
32813,10,28608
32818,10,28609
32820,10,28610
32829,10,28611
32850,10,28612
32873,10,28613
32877,10,28614
32887,10,28615
32888,10,28616
32892,10,28617
32896,10,28618
32897,10,28619
32905,10,28620
32908,10,28621
32909,10,28622
32939,10,28623
32950,10,28624
32959,10,28625
32960,10,28626
32973,10,28627
32982,10,28628
32984,10,28629
32994,10,28630
32998,10,28631
33002,10,28632
33009,10,28633
33020,10,28634
33026,10,28635
33030,10,28636
33035,10,28637
33036,10,28638
33037,10,28639
33043,10,28640
33045,10,28641
33047,10,28642
33067,10,28643
33078,10,28644
33080,10,28645
33084,10,28646
33085,10,28647
33097,10,28648
33098,10,28649
33102,10,28650
33105,10,28651
33113,10,28652
33114,10,28653
33125,10,28654
33128,10,28655
33129,10,28656
33133,10,28657
33147,10,28658
33157,10,28659
33180,10,28660
33184,10,28661
33193,10,28662
33194,10,28663
33233,10,28664
33248,10,28665
33257,10,28666
33268,10,28667
33298,10,28668
33300,10,28669
33319,10,28670
33330,10,28671
33337,10,28672
33346,10,28673
33417,10,28674
33431,10,28675
33437,10,28676
33453,10,28677
33454,10,28678
33457,10,28679
33459,10,28680
33460,10,28681
33470,10,28682
33471,10,28683
33476,10,28684
33501,10,28685
33503,10,28686
33509,10,28687
33514,10,28688
33520,10,28689
33524,10,28690
33562,10,28691
33585,10,28692
33590,10,28693
33621,10,28694
33627,10,28695
33635,10,28696
33660,10,28697
33679,10,28698
33683,10,28699
33688,10,28700
33695,10,28701
33697,10,28702
33698,10,28703
33710,10,28704
33717,10,28705
33724,10,28706
33725,10,28707
33728,10,28708
33739,10,28709
33746,10,28710
33766,10,28711
33769,10,28712
33781,10,28713
33789,10,28714
33790,10,28715
33791,10,28716
33795,10,28717
33801,10,28718
33811,10,28719
33814,10,28720
33821,10,28721
33825,10,28722
33829,10,28723
33835,10,28724
33837,10,28725
33840,10,28726
33841,10,28727
33846,10,28728
33848,10,28729
33850,10,28730
33863,10,28731
33870,10,28732
33874,10,28733
33878,10,28734
33899,10,28735
33905,10,28736
33915,10,28737
33928,10,28738
33948,10,28739
33970,10,28740
33973,10,28741
33975,10,28742
33977,10,28743
33980,10,28744
34012,10,28745
34023,10,28746
34032,10,28747
34034,10,28748
34040,10,28749
34041,10,28750
34042,10,28751
34044,10,28752
34046,10,28753
34062,10,28754
34112,10,28755
34124,10,28756
34136,10,28757
34142,10,28758
34147,10,28759
34148,10,28760
34155,10,28761
34158,10,28762
34168,10,28763
34175,10,28764
34188,10,28765
34191,10,28766
34192,10,28767
34199,10,28768
34204,10,28769
34213,10,28770
34215,10,28771
34227,10,28772
34228,10,28773
34235,10,28774
34242,10,28775
34247,10,28776
34250,10,28777
34255,10,28778
34260,10,28779
34281,10,28780
34292,10,28781
34311,10,28782
34314,10,28783
34317,10,28784
34324,10,28785
34359,10,28786
34371,10,28787
34374,10,28788
34382,10,28789
34387,10,28790
34395,10,28791
34396,10,28792
34403,10,28793
34406,10,28794
34410,10,28795
34411,10,28796
34413,10,28797
34441,10,28798
34451,10,28799
34452,10,28800
34459,10,28801
34460,10,28802
34461,10,28803
34481,10,28804
34489,10,28805
34499,10,28806
34501,10,28807
34502,10,28808
34508,10,28809
34513,10,28810
34514,10,28811
34523,10,28812
34531,10,28813
34532,10,28814
34535,10,28815
34546,10,28816
34551,10,28817
34557,10,28818
34568,10,28819
34569,10,28820
34575,10,28821
34587,10,28822
34589,10,28823
34592,10,28824
34608,10,28825
34609,10,28826
34616,10,28827
34617,10,28828
34629,10,28829
34639,10,28830
34640,10,28831
34654,10,28832
34657,10,28833
34681,10,28834
34685,10,28835
34692,10,28836
34727,10,28837
34741,10,28838
34742,10,28839
34753,10,28840
34755,10,28841
34764,10,28842
34769,10,28843
34782,10,28844
34814,10,28845
34815,10,28846
34820,10,28847
34821,10,28848
34830,10,28849
34847,10,28850
34849,10,28851
34858,10,28852
34864,10,28853
34871,10,28854
34877,10,28855
34889,10,28856
34899,10,28857
34905,10,28858
34907,10,28859
34912,10,28860
34915,10,28861
34918,10,28862
34923,10,28863
34926,10,28864
34939,10,28865
34941,10,28866
34946,10,28867
34947,10,28868
34956,10,28869
34960,10,28870
34963,10,28871
34985,10,28872
35009,10,28873
35019,10,28874
35023,10,28875
35037,10,28876
35048,10,28877
35054,10,28878
35062,10,28879
35065,10,28880
35070,10,28881
35079,10,28882
35096,10,28883
35098,10,28884
35105,10,28885
35109,10,28886
35117,10,28887
35129,10,28888
35134,10,28889
35136,10,28890
35137,10,28891
35138,10,28892
35139,10,28893
35140,10,28894
35148,10,28895
35160,10,28896
35165,10,28897
35167,10,28898
35168,10,28899
35182,10,28900
35183,10,28901
35191,10,28902
35196,10,28903
35199,10,28904
35200,10,28905
35204,10,28906
35208,10,28907
35210,10,28908
35211,10,28909
35212,10,28910
35219,10,28911
35222,10,28912
35234,10,28913
35235,10,28914
35249,10,28915
35258,10,28916
35262,10,28917
35267,10,28918
35287,10,28919
35288,10,28920
35296,10,28921
35301,10,28922
35303,10,28923
35309,10,28924
35323,10,28925
35341,10,28926
35344,10,28927
35348,10,28928
35352,10,28929
35353,10,28930
35355,10,28931
35367,10,28932
35371,10,28933
35382,10,28934
35393,10,28935
35417,10,28936
35427,10,28937
35429,10,28938
35435,10,28939
35442,10,28940
35443,10,28941
35451,10,28942
35453,10,28943
35457,10,28944
35459,10,28945
35466,10,28946
35470,10,28947
35475,10,28948
35477,10,28949
35478,10,28950
35490,10,28951
35500,10,28952
35512,10,28953
35516,10,28954
35520,10,28955
35530,10,28956
35532,10,28957
35533,10,28958
35534,10,28959
35539,10,28960
35542,10,28961
35545,10,28962
35547,10,28963
35566,10,28964
35568,10,28965
35575,10,28966
35584,10,28967
35594,10,28968
35603,10,28969
35624,10,28970
35627,10,28971
35640,10,28972
35654,10,28973
35659,10,28974
35660,10,28975
35662,10,28976
35670,10,28977
35671,10,28978
35672,10,28979
35681,10,28980
35692,10,28981
35694,10,28982
35697,10,28983
35716,10,28984
35738,10,28985
35742,10,28986
35775,10,28987
35791,10,28988
35793,10,28989
35807,10,28990
35819,10,28991
35829,10,28992
35839,10,28993
35841,10,28994
35849,10,28995
35856,10,28996
35862,10,28997
35870,10,28998
35898,10,28999
35901,10,29000
35905,10,29001
35929,10,29002
35934,10,29003
35935,10,29004
35939,10,29005
35941,10,29006
35950,10,29007
35952,10,29008
35953,10,29009
35963,10,29010
35971,10,29011
35988,10,29012
35989,10,29013
35992,10,29014
35995,10,29015
36010,10,29016
36011,10,29017
36013,10,29018
36021,10,29019
36022,10,29020
36023,10,29021
36035,10,29022
36041,10,29023
36050,10,29024
36052,10,29025
36053,10,29026
36057,10,29027
36059,10,29028
36077,10,29029
36092,10,29030
36100,10,29031
36110,10,29032
36112,10,29033
36124,10,29034
36126,10,29035
36128,10,29036
36134,10,29037
36135,10,29038
36136,10,29039
36148,10,29040
36150,10,29041
36167,10,29042
36170,10,29043
36171,10,29044
36178,10,29045
36182,10,29046
36184,10,29047
36199,10,29048
36205,10,29049
36207,10,29050
36210,10,29051
36221,10,29052
36223,10,29053
36225,10,29054
36232,10,29055
36248,10,29056
36250,10,29057
36257,10,29058
36263,10,29059
36271,10,29060
36278,10,29061
36284,10,29062
36290,10,29063
36310,10,29064
36311,10,29065
36319,10,29066
36344,10,29067
36348,10,29068
36392,10,29069
36394,10,29070
36397,10,29071
36398,10,29072
36408,10,29073
36409,10,29074
36425,10,29075
36429,10,29076
36430,10,29077
36443,10,29078
36446,10,29079
36453,10,29080
36456,10,29081
36459,10,29082
36465,10,29083
36498,10,29084
36500,10,29085
36506,10,29086
36508,10,29087
36520,10,29088
36547,10,29089
36561,10,29090
36562,10,29091
36563,10,29092
36566,10,29093
36569,10,29094
36570,10,29095
36571,10,29096
36573,10,29097
36574,10,29098
36576,10,29099
36577,10,29100
36609,10,29101
36616,10,29102
36618,10,29103
36627,10,29104
36634,10,29105
36641,10,29106
36645,10,29107
36646,10,29108
36653,10,29109
36658,10,29110
36660,10,29111
36667,10,29112
36671,10,29113
36683,10,29114
36687,10,29115
36691,10,29116
36692,10,29117
36701,10,29118
36702,10,29119
36727,10,29120
36735,10,29121
36736,10,29122
36742,10,29123
36749,10,29124
36755,10,29125
36760,10,29126
36762,10,29127
36774,10,29128
36778,10,29129
36779,10,29130
36780,10,29131
36789,10,29132
36809,10,29133
36815,10,29134
36824,10,29135
36825,10,29136
36831,10,29137
36852,10,29138
36860,10,29139
36863,10,29140
36867,10,29141
36871,10,29142
36875,10,29143
36876,10,29144
36877,10,29145
36881,10,29146
36887,10,29147
36898,10,29148
36903,10,29149
36908,10,29150
36909,10,29151
36913,10,29152
36914,10,29153
36922,10,29154
36932,10,29155
36934,10,29156
36937,10,29157
36955,10,29158
36974,10,29159
36990,10,29160
36991,10,29161
36992,10,29162
36994,10,29163
36995,10,29164
36999,10,29165
37001,10,29166
37012,10,29167
37021,10,29168
37034,10,29169
37053,10,29170
37055,10,29171
37064,10,29172
37068,10,29173
37069,10,29174
37071,10,29175
37076,10,29176
37078,10,29177
37083,10,29178
37085,10,29179
37094,10,29180
37096,10,29181
37107,10,29182
37131,10,29183
37139,10,29184
37146,10,29185
37150,10,29186
37158,10,29187
37161,10,29188
37174,10,29189
37182,10,29190
37185,10,29191
37215,10,29192
37216,10,29193
37218,10,29194
37219,10,29195
37229,10,29196
37230,10,29197
37232,10,29198
37235,10,29199
37243,10,29200
37244,10,29201
37246,10,29202
37249,10,29203
37270,10,29204
37271,10,29205
37278,10,29206
37293,10,29207
37295,10,29208
37306,10,29209
37309,10,29210
37311,10,29211
37312,10,29212
37313,10,29213
37319,10,29214
37320,10,29215
37326,10,29216
37335,10,29217
37365,10,29218
37366,10,29219
37371,10,29220
37374,10,29221
37389,10,29222
37392,10,29223
37395,10,29224
37396,10,29225
37425,10,29226
37427,10,29227
37444,10,29228
37448,10,29229
37450,10,29230
37482,10,29231
37503,10,29232
37504,10,29233
37518,10,29234
37530,10,29235
37551,10,29236
37554,10,29237
37555,10,29238
37560,10,29239
37570,10,29240
37574,10,29241
37575,10,29242
37576,10,29243
37598,10,29244
37607,10,29245
37611,10,29246
37617,10,29247
37618,10,29248
37619,10,29249
37626,10,29250
37631,10,29251
37637,10,29252
37640,10,29253
37651,10,29254
37652,10,29255
37656,10,29256
37657,10,29257
37658,10,29258
37660,10,29259
37669,10,29260
37676,10,29261
37682,10,29262
37685,10,29263
37698,10,29264
37713,10,29265
37720,10,29266
37723,10,29267
37724,10,29268
37725,10,29269
37741,10,29270
37754,10,29271
37755,10,29272
37758,10,29273
37769,10,29274
37771,10,29275
37785,10,29276
37788,10,29277
37790,10,29278
37800,10,29279
37801,10,29280
37810,10,29281
37813,10,29282
37832,10,29283
37843,10,29284
37844,10,29285
37846,10,29286
37847,10,29287
37856,10,29288
37861,10,29289
37867,10,29290
37868,10,29291
37879,10,29292
37887,10,29293
37889,10,29294
37890,10,29295
37904,10,29296
37905,10,29297
37913,10,29298
37915,10,29299
37919,10,29300
37929,10,29301
37935,10,29302
37948,10,29303
37950,10,29304
37957,10,29305
37967,10,29306
37992,10,29307
37996,10,29308
38014,10,29309
38015,10,29310
38024,10,29311
38028,10,29312
38038,10,29313
38040,10,29314
38041,10,29315
38045,10,29316
38051,10,29317
38059,10,29318
38062,10,29319
38069,10,29320
38080,10,29321
38092,10,29322
38118,10,29323
38121,10,29324
38153,10,29325
38155,10,29326
38165,10,29327
38166,10,29328
38176,10,29329
38191,10,29330
38212,10,29331
38218,10,29332
38228,10,29333
38232,10,29334
38240,10,29335
38243,10,29336
38271,10,29337
38286,10,29338
38291,10,29339
38305,10,29340
38317,10,29341
38324,10,29342
38327,10,29343
38343,10,29344
38358,10,29345
38360,10,29346
38361,10,29347
38362,10,29348
38371,10,29349
38373,10,29350
38374,10,29351
38377,10,29352
38389,10,29353
38396,10,29354
38419,10,29355
38425,10,29356
38428,10,29357
38433,10,29358
38452,10,29359
38457,10,29360
38463,10,29361
38466,10,29362
38477,10,29363
38480,10,29364
38486,10,29365
38498,10,29366
38511,10,29367
38513,10,29368
38521,10,29369
38522,10,29370
38532,10,29371
38545,10,29372
38549,10,29373
38578,10,29374
38582,10,29375
38591,10,29376
38598,10,29377
38607,10,29378
38622,10,29379
38631,10,29380
38636,10,29381
38654,10,29382
38668,10,29383
38672,10,29384
38685,10,29385
38688,10,29386
38698,10,29387
38703,10,29388
38705,10,29389
38710,10,29390
38711,10,29391
38713,10,29392
38728,10,29393
38744,10,29394
38745,10,29395
38746,10,29396
38748,10,29397
38752,10,29398
38767,10,29399
38780,10,29400
38790,10,29401
38796,10,29402
38805,10,29403
38811,10,29404
38816,10,29405
38819,10,29406
38822,10,29407
38845,10,29408
38850,10,29409
38868,10,29410
38871,10,29411
38875,10,29412
38883,10,29413
38889,10,29414
38930,10,29415
38940,10,29416
38966,10,29417
38969,10,29418
38973,10,29419
38989,10,29420
38990,10,29421
39004,10,29422
39007,10,29423
39019,10,29424
39020,10,29425
39029,10,29426
39036,10,29427
39038,10,29428
39039,10,29429
39050,10,29430
39058,10,29431
39063,10,29432
39067,10,29433
39080,10,29434
39084,10,29435
39103,10,29436
39107,10,29437
39110,10,29438
39115,10,29439
39116,10,29440
39117,10,29441
39118,10,29442
39124,10,29443
39127,10,29444
39137,10,29445
39144,10,29446
39145,10,29447
39148,10,29448
39154,10,29449
39184,10,29450
39186,10,29451
39192,10,29452
39196,10,29453
39197,10,29454
39199,10,29455
39201,10,29456
39206,10,29457
39208,10,29458
39211,10,29459
39243,10,29460
39252,10,29461
39278,10,29462
39281,10,29463
39290,10,29464
39296,10,29465
39302,10,29466
39307,10,29467
39314,10,29468
39315,10,29469
39327,10,29470
39373,10,29471
39387,10,29472
39413,10,29473
39431,10,29474
39435,10,29475
39437,10,29476
39469,10,29477
39496,10,29478
39502,10,29479
39514,10,29480
39516,10,29481
39541,10,29482
39565,10,29483
39572,10,29484
39576,10,29485
39604,10,29486
39608,10,29487
39620,10,29488
39625,10,29489
39633,10,29490
39662,10,29491
39666,10,29492
39669,10,29493
39688,10,29494
39690,10,29495
39728,10,29496
39738,10,29497
39740,10,29498
39743,10,29499
39747,10,29500
39749,10,29501
39750,10,29502
39753,10,29503
39754,10,29504
39772,10,29505
39810,10,29506
39811,10,29507
39813,10,29508
39836,10,29509
39837,10,29510
39839,10,29511
39846,10,29512
39849,10,29513
39863,10,29514
39867,10,29515
39880,10,29516
39884,10,29517
39885,10,29518
39888,10,29519
39892,10,29520
39910,10,29521
39920,10,29522
39938,10,29523
39946,10,29524
39981,10,29525
39996,10,29526
40004,10,29527
40007,10,29528
40019,10,29529
40023,10,29530
40028,10,29531
40038,10,29532
40039,10,29533
40047,10,29534
40058,10,29535
40064,10,29536
40071,10,29537
40078,10,29538
40079,10,29539
40080,10,29540
40082,10,29541
40096,10,29542
40100,10,29543
40117,10,29544
40124,10,29545
40125,10,29546
40127,10,29547
40128,10,29548
40139,10,29549
40150,10,29550
40154,10,29551
40155,10,29552
40156,10,29553
40158,10,29554
40159,10,29555
40161,10,29556
40174,10,29557
40176,10,29558
40177,10,29559
40180,10,29560
40199,10,29561
40200,10,29562
40210,10,29563
40219,10,29564
40240,10,29565
40268,10,29566
40276,10,29567
40285,10,29568
40307,10,29569
40335,10,29570
40337,10,29571
40352,10,29572
40353,10,29573
40360,10,29574
40373,10,29575
40380,10,29576
40382,10,29577
40397,10,29578
40405,10,29579
40406,10,29580
40408,10,29581
40412,10,29582
40420,10,29583
40423,10,29584
40427,10,29585
40444,10,29586
40449,10,29587
40453,10,29588
40459,10,29589
40490,10,29590
40491,10,29591
40496,10,29592
40497,10,29593
40519,10,29594
40537,10,29595
40552,10,29596
40561,10,29597
40567,10,29598
40573,10,29599
40583,10,29600
40601,10,29601
40612,10,29602
40622,10,29603
40629,10,29604
40630,10,29605
40631,10,29606
40633,10,29607
40635,10,29608
40643,10,29609
40650,10,29610
40653,10,29611
40673,10,29612
40676,10,29613
40684,10,29614
40690,10,29615
40696,10,29616
40700,10,29617
40707,10,29618
40716,10,29619
40722,10,29620
40740,10,29621
40747,10,29622
40752,10,29623
40756,10,29624
40769,10,29625
40785,10,29626
40793,10,29627
40798,10,29628
40803,10,29629
40826,10,29630
40834,10,29631
40852,10,29632
40860,10,29633
40868,10,29634
40891,10,29635
40959,10,29636
4,9,29637
5,9,29638
8,9,29639
34,9,29640
75,9,29641
80,9,29642
90,9,29643
95,9,29644
102,9,29645
106,9,29646
137,9,29647
159,9,29648
185,9,29649
218,9,29650
241,9,29651
348,9,29652
355,9,29653
417,9,29654
432,9,29655
434,9,29656
435,9,29657
568,9,29658
576,9,29659
584,9,29660
588,9,29661
644,9,29662
649,9,29663
665,9,29664
695,9,29665
724,9,29666
725,9,29667
740,9,29668
851,9,29669
866,9,29670
936,9,29671
946,9,29672
952,9,29673
955,9,29674
961,9,29675
962,9,29676
993,9,29677
1001,9,29678
1007,9,29679
1052,9,29680
1091,9,29681
1108,9,29682
1144,9,29683
1177,9,29684
1192,9,29685
1226,9,29686
1238,9,29687
1296,9,29688
1300,9,29689
1342,9,29690
1482,9,29691
1485,9,29692
1497,9,29693
1534,9,29694
1536,9,29695
1667,9,29696
1704,9,29697
1756,9,29698
1763,9,29699
1814,9,29700
1838,9,29701
1859,9,29702
1864,9,29703
1887,9,29704
1908,9,29705
1911,9,29706
1948,9,29707
1950,9,29708
1953,9,29709
1979,9,29710
1980,9,29711
2037,9,29712
2045,9,29713
2072,9,29714
2131,9,29715
2147,9,29716
2158,9,29717
2171,9,29718
2196,9,29719
2211,9,29720
2213,9,29721
2234,9,29722
2244,9,29723
2248,9,29724
2339,9,29725
2378,9,29726
2442,9,29727
2445,9,29728
2450,9,29729
2503,9,29730
2516,9,29731
2523,9,29732
2528,9,29733
2575,9,29734
2585,9,29735
2594,9,29736
2600,9,29737
2604,9,29738
2631,9,29739
2640,9,29740
2671,9,29741
2672,9,29742
2685,9,29743
2730,9,29744
2734,9,29745
2762,9,29746
2772,9,29747
2774,9,29748
2787,9,29749
2795,9,29750
2811,9,29751
2820,9,29752
2831,9,29753
2834,9,29754
2841,9,29755
2856,9,29756
2860,9,29757
2861,9,29758
2862,9,29759
2865,9,29760
2882,9,29761
2904,9,29762
2912,9,29763
2946,9,29764
2955,9,29765
2986,9,29766
2995,9,29767
2999,9,29768
3003,9,29769
3061,9,29770
3117,9,29771
3148,9,29772
3149,9,29773
3208,9,29774
3210,9,29775
3232,9,29776
3269,9,29777
3276,9,29778
3282,9,29779
3308,9,29780
3312,9,29781
3319,9,29782
3364,9,29783
3415,9,29784
3473,9,29785
3478,9,29786
3481,9,29787
3502,9,29788
3530,9,29789
3535,9,29790
3543,9,29791
3570,9,29792
3624,9,29793
3630,9,29794
3653,9,29795
3657,9,29796
3663,9,29797
3677,9,29798
3686,9,29799
3706,9,29800
3748,9,29801
3818,9,29802
3844,9,29803
3856,9,29804
3863,9,29805
3864,9,29806
3865,9,29807
3891,9,29808
3906,9,29809
3934,9,29810
3962,9,29811
3967,9,29812
3968,9,29813
3969,9,29814
3988,9,29815
4002,9,29816
4008,9,29817
4015,9,29818
4050,9,29819
4060,9,29820
4081,9,29821
4089,9,29822
4097,9,29823
4113,9,29824
4134,9,29825
4137,9,29826
4169,9,29827
4179,9,29828
4223,9,29829
4258,9,29830
4292,9,29831
4301,9,29832
4317,9,29833
4324,9,29834
4356,9,29835
4382,9,29836
4399,9,29837
4400,9,29838
4402,9,29839
4405,9,29840
4415,9,29841
4435,9,29842
4437,9,29843
4438,9,29844
4442,9,29845
4451,9,29846
4496,9,29847
4497,9,29848
4504,9,29849
4524,9,29850
4541,9,29851
4553,9,29852
4563,9,29853
4593,9,29854
4594,9,29855
4645,9,29856
4666,9,29857
4715,9,29858
4717,9,29859
4741,9,29860
4746,9,29861
4747,9,29862
4752,9,29863
4761,9,29864
4772,9,29865
4801,9,29866
4810,9,29867
4860,9,29868
4862,9,29869
4865,9,29870
4874,9,29871
4949,9,29872
4954,9,29873
4967,9,29874
4969,9,29875
4985,9,29876
4987,9,29877
4988,9,29878
4989,9,29879
5010,9,29880
5024,9,29881
5057,9,29882
5062,9,29883
5071,9,29884
5078,9,29885
5130,9,29886
5149,9,29887
5164,9,29888
5165,9,29889
5167,9,29890
5238,9,29891
5247,9,29892
5252,9,29893
5264,9,29894
5281,9,29895
5294,9,29896
5331,9,29897
5332,9,29898
5333,9,29899
5346,9,29900
5352,9,29901
5363,9,29902
5366,9,29903
5375,9,29904
5387,9,29905
5388,9,29906
5396,9,29907
5419,9,29908
5437,9,29909
5441,9,29910
5479,9,29911
5480,9,29912
5489,9,29913
5511,9,29914
5516,9,29915
5533,9,29916
5537,9,29917
5568,9,29918
5573,9,29919
5592,9,29920
5600,9,29921
5602,9,29922
5606,9,29923
5661,9,29924
5667,9,29925
5688,9,29926
5696,9,29927
5698,9,29928
5719,9,29929
5725,9,29930
5730,9,29931
5733,9,29932
5734,9,29933
5780,9,29934
5820,9,29935
5832,9,29936
5855,9,29937
5867,9,29938
5890,9,29939
5904,9,29940
5931,9,29941
5960,9,29942
5965,9,29943
5984,9,29944
5988,9,29945
6004,9,29946
6060,9,29947
6065,9,29948
6066,9,29949
6067,9,29950
6069,9,29951
6071,9,29952
6080,9,29953
6092,9,29954
6103,9,29955
6118,9,29956
6144,9,29957
6151,9,29958
6159,9,29959
6167,9,29960
6190,9,29961
6195,9,29962
6208,9,29963
6218,9,29964
6236,9,29965
6237,9,29966
6240,9,29967
6249,9,29968
6278,9,29969
6283,9,29970
6298,9,29971
6302,9,29972
6303,9,29973
6319,9,29974
6359,9,29975
6382,9,29976
6420,9,29977
6421,9,29978
6422,9,29979
6425,9,29980
6428,9,29981
6437,9,29982
6440,9,29983
6458,9,29984
6501,9,29985
6503,9,29986
6512,9,29987
6543,9,29988
6549,9,29989
6555,9,29990
6556,9,29991
6565,9,29992
6583,9,29993
6585,9,29994
6623,9,29995
6659,9,29996
6676,9,29997
6698,9,29998
6713,9,29999
6721,9,30000
6732,9,30001
6734,9,30002
6781,9,30003
6795,9,30004
6796,9,30005
6802,9,30006
6838,9,30007
6841,9,30008
6871,9,30009
6873,9,30010
6879,9,30011
6890,9,30012
6902,9,30013
6905,9,30014
6911,9,30015
6925,9,30016
6941,9,30017
6956,9,30018
6961,9,30019
6979,9,30020
7003,9,30021
7006,9,30022
7011,9,30023
7026,9,30024
7036,9,30025
7040,9,30026
7048,9,30027
7052,9,30028
7062,9,30029
7067,9,30030
7076,9,30031
7099,9,30032
7104,9,30033
7110,9,30034
7116,9,30035
7124,9,30036
7133,9,30037
7138,9,30038
7159,9,30039
7161,9,30040
7170,9,30041
7178,9,30042
7188,9,30043
7193,9,30044
7208,9,30045
7214,9,30046
7221,9,30047
7244,9,30048
7267,9,30049
7299,9,30050
7302,9,30051
7323,9,30052
7399,9,30053
7407,9,30054
7409,9,30055
7426,9,30056
7433,9,30057
7466,9,30058
7489,9,30059
7495,9,30060
7521,9,30061
7529,9,30062
7552,9,30063
7555,9,30064
7570,9,30065
7571,9,30066
7578,9,30067
7581,9,30068
7586,9,30069
7588,9,30070
7591,9,30071
7593,9,30072
7598,9,30073
7606,9,30074
7614,9,30075
7629,9,30076
7632,9,30077
7640,9,30078
7654,9,30079
7673,9,30080
7683,9,30081
7693,9,30082
7696,9,30083
7724,9,30084
7768,9,30085
7772,9,30086
7785,9,30087
7787,9,30088
7822,9,30089
7828,9,30090
7836,9,30091
7837,9,30092
7845,9,30093
7853,9,30094
7857,9,30095
7861,9,30096
7869,9,30097
7877,9,30098
7880,9,30099
7895,9,30100
7901,9,30101
7909,9,30102
7918,9,30103
7955,9,30104
7961,9,30105
7975,9,30106
7978,9,30107
7992,9,30108
7995,9,30109
7999,9,30110
8017,9,30111
8025,9,30112
8032,9,30113
8034,9,30114
8049,9,30115
8062,9,30116
8071,9,30117
8079,9,30118
8085,9,30119
8098,9,30120
8110,9,30121
8120,9,30122
8125,9,30123
8137,9,30124
8140,9,30125
8169,9,30126
8171,9,30127
8176,9,30128
8194,9,30129
8203,9,30130
8220,9,30131
8227,9,30132
8247,9,30133
8250,9,30134
8300,9,30135
8335,9,30136
8356,9,30137
8380,9,30138
8382,9,30139
8383,9,30140
8400,9,30141
8407,9,30142
8422,9,30143
8425,9,30144
8428,9,30145
8450,9,30146
8457,9,30147
8464,9,30148
8467,9,30149
8472,9,30150
8475,9,30151
8487,9,30152
8517,9,30153
8518,9,30154
8521,9,30155
8528,9,30156
8535,9,30157
8635,9,30158
8642,9,30159
8654,9,30160
8668,9,30161
8703,9,30162
8713,9,30163
8716,9,30164
8721,9,30165
8723,9,30166
8777,9,30167
8819,9,30168
8823,9,30169
8827,9,30170
8871,9,30171
8880,9,30172
8881,9,30173
8885,9,30174
8920,9,30175
8925,9,30176
8973,9,30177
8991,9,30178
9014,9,30179
9015,9,30180
9017,9,30181
9021,9,30182
9025,9,30183
9040,9,30184
9051,9,30185
9060,9,30186
9084,9,30187
9086,9,30188
9088,9,30189
9090,9,30190
9091,9,30191
9101,9,30192
9107,9,30193
9116,9,30194
9126,9,30195
9141,9,30196
9144,9,30197
9151,9,30198
9170,9,30199
9172,9,30200
9176,9,30201
9190,9,30202
9198,9,30203
9202,9,30204
9237,9,30205
9246,9,30206
9248,9,30207
9253,9,30208
9260,9,30209
9275,9,30210
9276,9,30211
9277,9,30212
9282,9,30213
9283,9,30214
9300,9,30215
9302,9,30216
9313,9,30217
9326,9,30218
9337,9,30219
9339,9,30220
9341,9,30221
9345,9,30222
9386,9,30223
9424,9,30224
9451,9,30225
9457,9,30226
9476,9,30227
9481,9,30228
9487,9,30229
9493,9,30230
9499,9,30231
9507,9,30232
9513,9,30233
9520,9,30234
9522,9,30235
9542,9,30236
9550,9,30237
9553,9,30238
9569,9,30239
9583,9,30240
9587,9,30241
9604,9,30242
9616,9,30243
9617,9,30244
9622,9,30245
9628,9,30246
9632,9,30247
9633,9,30248
9641,9,30249
9685,9,30250
9697,9,30251
9700,9,30252
9703,9,30253
9704,9,30254
9705,9,30255
9710,9,30256
9721,9,30257
9747,9,30258
9749,9,30259
9756,9,30260
9788,9,30261
9805,9,30262
9825,9,30263
9829,9,30264
9833,9,30265
9836,9,30266
9842,9,30267
9844,9,30268
9855,9,30269
9867,9,30270
9870,9,30271
9884,9,30272
9890,9,30273
9897,9,30274
9952,9,30275
9972,9,30276
10014,9,30277
10018,9,30278
10019,9,30279
10023,9,30280
10025,9,30281
10039,9,30282
10055,9,30283
10060,9,30284
10074,9,30285
10086,9,30286
10089,9,30287
10101,9,30288
10126,9,30289
10141,9,30290
10149,9,30291
10158,9,30292
10160,9,30293
10169,9,30294
10170,9,30295
10172,9,30296
10182,9,30297
10187,9,30298
10190,9,30299
10200,9,30300
10216,9,30301
10221,9,30302
10258,9,30303
10262,9,30304
10272,9,30305
10290,9,30306
10318,9,30307
10329,9,30308
10333,9,30309
10334,9,30310
10351,9,30311
10385,9,30312
10386,9,30313
10387,9,30314
10389,9,30315
10393,9,30316
10401,9,30317
10402,9,30318
10408,9,30319
10425,9,30320
10431,9,30321
10436,9,30322
10454,9,30323
10510,9,30324
10522,9,30325
10552,9,30326
10564,9,30327
10565,9,30328
10573,9,30329
10595,9,30330
10599,9,30331
10605,9,30332
10618,9,30333
10619,9,30334
10632,9,30335
10640,9,30336
10648,9,30337
10651,9,30338
10664,9,30339
10669,9,30340
10676,9,30341
10703,9,30342
10720,9,30343
10741,9,30344
10745,9,30345
10746,9,30346
10747,9,30347
10748,9,30348
10764,9,30349
10765,9,30350
10844,9,30351
10854,9,30352
10860,9,30353
10863,9,30354
10869,9,30355
10874,9,30356
10884,9,30357
10894,9,30358
10928,9,30359
10930,9,30360
10949,9,30361
10952,9,30362
10980,9,30363
10990,9,30364
11013,9,30365
11016,9,30366
11018,9,30367
11019,9,30368
11022,9,30369
11024,9,30370
11025,9,30371
11033,9,30372
11035,9,30373
11036,9,30374
11039,9,30375
11055,9,30376
11064,9,30377
11065,9,30378
11066,9,30379
11068,9,30380
11090,9,30381
11093,9,30382
11098,9,30383
11100,9,30384
11110,9,30385
11114,9,30386
11131,9,30387
11149,9,30388
11191,9,30389
11193,9,30390
11194,9,30391
11195,9,30392
11204,9,30393
11209,9,30394
11212,9,30395
11213,9,30396
11214,9,30397
11215,9,30398
11216,9,30399
11226,9,30400
11242,9,30401
11258,9,30402
11274,9,30403
11280,9,30404
11292,9,30405
11295,9,30406
11306,9,30407
11322,9,30408
11326,9,30409
11348,9,30410
11364,9,30411
11372,9,30412
11404,9,30413
11405,9,30414
11407,9,30415
11408,9,30416
11413,9,30417
11420,9,30418
11423,9,30419
11445,9,30420
11446,9,30421
11447,9,30422
11449,9,30423
11469,9,30424
11485,9,30425
11489,9,30426
11516,9,30427
11552,9,30428
11570,9,30429
11583,9,30430
11597,9,30431
11611,9,30432
11644,9,30433
11650,9,30434
11655,9,30435
11682,9,30436
11687,9,30437
11723,9,30438
11733,9,30439
11734,9,30440
11735,9,30441
11743,9,30442
11750,9,30443
11758,9,30444
11763,9,30445
11765,9,30446
11768,9,30447
11774,9,30448
11775,9,30449
11779,9,30450
11780,9,30451
11791,9,30452
11808,9,30453
11813,9,30454
11817,9,30455
11841,9,30456
11847,9,30457
11864,9,30458
11874,9,30459
11879,9,30460
11888,9,30461
11903,9,30462
11904,9,30463
11906,9,30464
11909,9,30465
11912,9,30466
11913,9,30467
11914,9,30468
11918,9,30469
11928,9,30470
11929,9,30471
11936,9,30472
11940,9,30473
11942,9,30474
11951,9,30475
11952,9,30476
11958,9,30477
11959,9,30478
11962,9,30479
11966,9,30480
11976,9,30481
11977,9,30482
11980,9,30483
11981,9,30484
11984,9,30485
11999,9,30486
12015,9,30487
12037,9,30488
12052,9,30489
12053,9,30490
12055,9,30491
12083,9,30492
12119,9,30493
12209,9,30494
12211,9,30495
12217,9,30496
12228,9,30497
12233,9,30498
12236,9,30499
12245,9,30500
12254,9,30501
12272,9,30502
12275,9,30503
12292,9,30504
12303,9,30505
12314,9,30506
12337,9,30507
12353,9,30508
12363,9,30509
12372,9,30510
12373,9,30511
12392,9,30512
12407,9,30513
12408,9,30514
12413,9,30515
12419,9,30516
12431,9,30517
12433,9,30518
12437,9,30519
12442,9,30520
12453,9,30521
12454,9,30522
12463,9,30523
12483,9,30524
12494,9,30525
12505,9,30526
12509,9,30527
12533,9,30528
12569,9,30529
12574,9,30530
12580,9,30531
12585,9,30532
12589,9,30533
12598,9,30534
12607,9,30535
12630,9,30536
12641,9,30537
12650,9,30538
12652,9,30539
12654,9,30540
12657,9,30541
12663,9,30542
12671,9,30543
12684,9,30544
12693,9,30545
12700,9,30546
12704,9,30547
12714,9,30548
12715,9,30549
12734,9,30550
12760,9,30551
12763,9,30552
12766,9,30553
12767,9,30554
12777,9,30555
12782,9,30556
12794,9,30557
12824,9,30558
12827,9,30559
12828,9,30560
12874,9,30561
12877,9,30562
12887,9,30563
12904,9,30564
12906,9,30565
12910,9,30566
12923,9,30567
12935,9,30568
12959,9,30569
12973,9,30570
12974,9,30571
12975,9,30572
12977,9,30573
12979,9,30574
12994,9,30575
12995,9,30576
13013,9,30577
13025,9,30578
13026,9,30579
13027,9,30580
13030,9,30581
13048,9,30582
13050,9,30583
13057,9,30584
13063,9,30585
13064,9,30586
13079,9,30587
13080,9,30588
13093,9,30589
13097,9,30590
13101,9,30591
13113,9,30592
13114,9,30593
13126,9,30594
13153,9,30595
13178,9,30596
13182,9,30597
13185,9,30598
13192,9,30599
13198,9,30600
13201,9,30601
13233,9,30602
13240,9,30603
13246,9,30604
13247,9,30605
13250,9,30606
13261,9,30607
13262,9,30608
13264,9,30609
13265,9,30610
13280,9,30611
13291,9,30612
13297,9,30613
13315,9,30614
13347,9,30615
13388,9,30616
13391,9,30617
13397,9,30618
13399,9,30619
13402,9,30620
13409,9,30621
13413,9,30622
13442,9,30623
13443,9,30624
13456,9,30625
13457,9,30626
13488,9,30627
13494,9,30628
13500,9,30629
13538,9,30630
13546,9,30631
13578,9,30632
13579,9,30633
13585,9,30634
13591,9,30635
13593,9,30636
13600,9,30637
13612,9,30638
13613,9,30639
13624,9,30640
13632,9,30641
13654,9,30642
13667,9,30643
13668,9,30644
13706,9,30645
13723,9,30646
13732,9,30647
13760,9,30648
13777,9,30649
13779,9,30650
13815,9,30651
13836,9,30652
13872,9,30653
13914,9,30654
13922,9,30655
13927,9,30656
13952,9,30657
13968,9,30658
13973,9,30659
13977,9,30660
13979,9,30661
13981,9,30662
14014,9,30663
14030,9,30664
14060,9,30665
14064,9,30666
14069,9,30667
14073,9,30668
14086,9,30669
14099,9,30670
14103,9,30671
14118,9,30672
14121,9,30673
14122,9,30674
14164,9,30675
14165,9,30676
14172,9,30677
14205,9,30678
14224,9,30679
14228,9,30680
14231,9,30681
14250,9,30682
14257,9,30683
14258,9,30684
14263,9,30685
14276,9,30686
14291,9,30687
14302,9,30688
14330,9,30689
14331,9,30690
14358,9,30691
14405,9,30692
14408,9,30693
14411,9,30694
14432,9,30695
14461,9,30696
14468,9,30697
14473,9,30698
14490,9,30699
14495,9,30700
14496,9,30701
14508,9,30702
14513,9,30703
14531,9,30704
14536,9,30705
14548,9,30706
14549,9,30707
14550,9,30708
14556,9,30709
14564,9,30710
14565,9,30711
14602,9,30712
14606,9,30713
14618,9,30714
14668,9,30715
14676,9,30716
14689,9,30717
14691,9,30718
14698,9,30719
14699,9,30720
14704,9,30721
14749,9,30722
14758,9,30723
14770,9,30724
14771,9,30725
14772,9,30726
14775,9,30727
14785,9,30728
14806,9,30729
14810,9,30730
14814,9,30731
14819,9,30732
14821,9,30733
14822,9,30734
14823,9,30735
14864,9,30736
14886,9,30737
14888,9,30738
14906,9,30739
14909,9,30740
14912,9,30741
14914,9,30742
14915,9,30743
14918,9,30744
14938,9,30745
14940,9,30746
14948,9,30747
14952,9,30748
14957,9,30749
14961,9,30750
14964,9,30751
14978,9,30752
14982,9,30753
14988,9,30754
15002,9,30755
15015,9,30756
15027,9,30757
15028,9,30758
15032,9,30759
15039,9,30760
15046,9,30761
15047,9,30762
15058,9,30763
15087,9,30764
15090,9,30765
15101,9,30766
15117,9,30767
15129,9,30768
15149,9,30769
15154,9,30770
15157,9,30771
15164,9,30772
15177,9,30773
15185,9,30774
15193,9,30775
15197,9,30776
15209,9,30777
15211,9,30778
15223,9,30779
15233,9,30780
15242,9,30781
15257,9,30782
15285,9,30783
15288,9,30784
15295,9,30785
15301,9,30786
15327,9,30787
15339,9,30788
15347,9,30789
15365,9,30790
15371,9,30791
15382,9,30792
15383,9,30793
15392,9,30794
15397,9,30795
15436,9,30796
15437,9,30797
15439,9,30798
15451,9,30799
15480,9,30800
15481,9,30801
15485,9,30802
15498,9,30803
15499,9,30804
15504,9,30805
15505,9,30806
15509,9,30807
15525,9,30808
15527,9,30809
15529,9,30810
15541,9,30811
15572,9,30812
15580,9,30813
15581,9,30814
15583,9,30815
15586,9,30816
15616,9,30817
15621,9,30818
15623,9,30819
15631,9,30820
15635,9,30821
15679,9,30822
15683,9,30823
15692,9,30824
15694,9,30825
15704,9,30826
15709,9,30827
15721,9,30828
15724,9,30829
15734,9,30830
15781,9,30831
15785,9,30832
15795,9,30833
15811,9,30834
15816,9,30835
15819,9,30836
15825,9,30837
15830,9,30838
15834,9,30839
15836,9,30840
15844,9,30841
15847,9,30842
15851,9,30843
15856,9,30844
15857,9,30845
15858,9,30846
15859,9,30847
15864,9,30848
15865,9,30849
15867,9,30850
15889,9,30851
15914,9,30852
15929,9,30853
15937,9,30854
15945,9,30855
15952,9,30856
15953,9,30857
15959,9,30858
15973,9,30859
15976,9,30860
15980,9,30861
15986,9,30862
16001,9,30863
16008,9,30864
16011,9,30865
16030,9,30866
16031,9,30867
16033,9,30868
16037,9,30869
16047,9,30870
16059,9,30871
16107,9,30872
16114,9,30873
16117,9,30874
16124,9,30875
16138,9,30876
16144,9,30877
16159,9,30878
16166,9,30879
16169,9,30880
16172,9,30881
16174,9,30882
16176,9,30883
16182,9,30884
16189,9,30885
16191,9,30886
16202,9,30887
16207,9,30888
16219,9,30889
16221,9,30890
16226,9,30891
16244,9,30892
16245,9,30893
16248,9,30894
16257,9,30895
16274,9,30896
16280,9,30897
16286,9,30898
16299,9,30899
16313,9,30900
16316,9,30901
16320,9,30902
16323,9,30903
16327,9,30904
16328,9,30905
16334,9,30906
16349,9,30907
16370,9,30908
16375,9,30909
16379,9,30910
16401,9,30911
16403,9,30912
16404,9,30913
16405,9,30914
16409,9,30915
16411,9,30916
16430,9,30917
16432,9,30918
16446,9,30919
16449,9,30920
16454,9,30921
16470,9,30922
16474,9,30923
16475,9,30924
16492,9,30925
16508,9,30926
16514,9,30927
16522,9,30928
16547,9,30929
16548,9,30930
16551,9,30931
16556,9,30932
16567,9,30933
16577,9,30934
16594,9,30935
16599,9,30936
16600,9,30937
16605,9,30938
16638,9,30939
16646,9,30940
16647,9,30941
16653,9,30942
16654,9,30943
16674,9,30944
16688,9,30945
16691,9,30946
16712,9,30947
16726,9,30948
16739,9,30949
16743,9,30950
16765,9,30951
16770,9,30952
16772,9,30953
16783,9,30954
16785,9,30955
16806,9,30956
16807,9,30957
16828,9,30958
16832,9,30959
16848,9,30960
16867,9,30961
16876,9,30962
16899,9,30963
16900,9,30964
16938,9,30965
16944,9,30966
16949,9,30967
16953,9,30968
16967,9,30969
16981,9,30970
16995,9,30971
16998,9,30972
17021,9,30973
17035,9,30974
17096,9,30975
17098,9,30976
17111,9,30977
17112,9,30978
17125,9,30979
17130,9,30980
17143,9,30981
17162,9,30982
17163,9,30983
17188,9,30984
17205,9,30985
17265,9,30986
17283,9,30987
17288,9,30988
17332,9,30989
17339,9,30990
17344,9,30991
17346,9,30992
17353,9,30993
17355,9,30994
17369,9,30995
17374,9,30996
17379,9,30997
17384,9,30998
17390,9,30999
17392,9,31000
17411,9,31001
17417,9,31002
17427,9,31003
17449,9,31004
17489,9,31005
17490,9,31006
17496,9,31007
17497,9,31008
17525,9,31009
17535,9,31010
17546,9,31011
17554,9,31012
17572,9,31013
17590,9,31014
17609,9,31015
17634,9,31016
17639,9,31017
17649,9,31018
17663,9,31019
17670,9,31020
17686,9,31021
17705,9,31022
17724,9,31023
17736,9,31024
17741,9,31025
17744,9,31026
17762,9,31027
17785,9,31028
17795,9,31029
17797,9,31030
17807,9,31031
17820,9,31032
17832,9,31033
17843,9,31034
17862,9,31035
17867,9,31036
17872,9,31037
17884,9,31038
17914,9,31039
17937,9,31040
17942,9,31041
17944,9,31042
17950,9,31043
17959,9,31044
17964,9,31045
17969,9,31046
17980,9,31047
17982,9,31048
17983,9,31049
17989,9,31050
18006,9,31051
18007,9,31052
18011,9,31053
18031,9,31054
18048,9,31055
18052,9,31056
18053,9,31057
18077,9,31058
18080,9,31059
18084,9,31060
18091,9,31061
18093,9,31062
18096,9,31063
18103,9,31064
18133,9,31065
18139,9,31066
18145,9,31067
18148,9,31068
18153,9,31069
18156,9,31070
18179,9,31071
18183,9,31072
18187,9,31073
18192,9,31074
18196,9,31075
18197,9,31076
18199,9,31077
18211,9,31078
18233,9,31079
18237,9,31080
18250,9,31081
18253,9,31082
18256,9,31083
18274,9,31084
18276,9,31085
18279,9,31086
18283,9,31087
18291,9,31088
18313,9,31089
18325,9,31090
18349,9,31091
18362,9,31092
18370,9,31093
18371,9,31094
18380,9,31095
18404,9,31096
18418,9,31097
18420,9,31098
18431,9,31099
18475,9,31100
18477,9,31101
18499,9,31102
18517,9,31103
18523,9,31104
18552,9,31105
18563,9,31106
18568,9,31107
18584,9,31108
18594,9,31109
18612,9,31110
18618,9,31111
18620,9,31112
18626,9,31113
18628,9,31114
18660,9,31115
18682,9,31116
18701,9,31117
18709,9,31118
18710,9,31119
18714,9,31120
18719,9,31121
18722,9,31122
18723,9,31123
18724,9,31124
18729,9,31125
18738,9,31126
18741,9,31127
18753,9,31128
18768,9,31129
18770,9,31130
18781,9,31131
18787,9,31132
18791,9,31133
18792,9,31134
18808,9,31135
18823,9,31136
18827,9,31137
18838,9,31138
18851,9,31139
18856,9,31140
18872,9,31141
18874,9,31142
18880,9,31143
18882,9,31144
18885,9,31145
18890,9,31146
18892,9,31147
18902,9,31148
18903,9,31149
18914,9,31150
18922,9,31151
18924,9,31152
18937,9,31153
18939,9,31154
18949,9,31155
18970,9,31156
18973,9,31157
18975,9,31158
18984,9,31159
18995,9,31160
19009,9,31161
19010,9,31162
19016,9,31163
19017,9,31164
19020,9,31165
19023,9,31166
19026,9,31167
19039,9,31168
19051,9,31169
19065,9,31170
19067,9,31171
19068,9,31172
19077,9,31173
19078,9,31174
19085,9,31175
19086,9,31176
19094,9,31177
19108,9,31178
19134,9,31179
19135,9,31180
19138,9,31181
19149,9,31182
19152,9,31183
19181,9,31184
19185,9,31185
19221,9,31186
19222,9,31187
19224,9,31188
19238,9,31189
19240,9,31190
19251,9,31191
19254,9,31192
19258,9,31193
19314,9,31194
19316,9,31195
19339,9,31196
19350,9,31197
19352,9,31198
19361,9,31199
19395,9,31200
19404,9,31201
19412,9,31202
19416,9,31203
19418,9,31204
19420,9,31205
19421,9,31206
19435,9,31207
19438,9,31208
19448,9,31209
19454,9,31210
19460,9,31211
19465,9,31212
19486,9,31213
19490,9,31214
19496,9,31215
19497,9,31216
19521,9,31217
19534,9,31218
19537,9,31219
19543,9,31220
19561,9,31221
19566,9,31222
19569,9,31223
19591,9,31224
19623,9,31225
19625,9,31226
19632,9,31227
19636,9,31228
19644,9,31229
19646,9,31230
19656,9,31231
19663,9,31232
19664,9,31233
19680,9,31234
19681,9,31235
19722,9,31236
19736,9,31237
19738,9,31238
19742,9,31239
19752,9,31240
19757,9,31241
19758,9,31242
19760,9,31243
19777,9,31244
19782,9,31245
19784,9,31246
19792,9,31247
19801,9,31248
19805,9,31249
19807,9,31250
19815,9,31251
19823,9,31252
19847,9,31253
19851,9,31254
19853,9,31255
19855,9,31256
19867,9,31257
19869,9,31258
19875,9,31259
19877,9,31260
19886,9,31261
19908,9,31262
19911,9,31263
19922,9,31264
19923,9,31265
19924,9,31266
19940,9,31267
19941,9,31268
19943,9,31269
19967,9,31270
19968,9,31271
19980,9,31272
19983,9,31273
19992,9,31274
20008,9,31275
20010,9,31276
20020,9,31277
20040,9,31278
20050,9,31279
20057,9,31280
20060,9,31281
20075,9,31282
20077,9,31283
20081,9,31284
20083,9,31285
20088,9,31286
20090,9,31287
20092,9,31288
20094,9,31289
20107,9,31290
20111,9,31291
20115,9,31292
20128,9,31293
20131,9,31294
20138,9,31295
20142,9,31296
20144,9,31297
20153,9,31298
20160,9,31299
20165,9,31300
20169,9,31301
20174,9,31302
20178,9,31303
20189,9,31304
20192,9,31305
20198,9,31306
20217,9,31307
20218,9,31308
20272,9,31309
20275,9,31310
20276,9,31311
20278,9,31312
20287,9,31313
20304,9,31314
20306,9,31315
20307,9,31316
20319,9,31317
20329,9,31318
20331,9,31319
20332,9,31320
20339,9,31321
20352,9,31322
20356,9,31323
20362,9,31324
20365,9,31325
20366,9,31326
20377,9,31327
20379,9,31328
20400,9,31329
20409,9,31330
20415,9,31331
20418,9,31332
20420,9,31333
20422,9,31334
20429,9,31335
20438,9,31336
20446,9,31337
20451,9,31338
20461,9,31339
20465,9,31340
20473,9,31341
20494,9,31342
20505,9,31343
20535,9,31344
20559,9,31345
20562,9,31346
20569,9,31347
20572,9,31348
20577,9,31349
20587,9,31350
20594,9,31351
20609,9,31352
20610,9,31353
20622,9,31354
20630,9,31355
20635,9,31356
20644,9,31357
20649,9,31358
20652,9,31359
20676,9,31360
20708,9,31361
20714,9,31362
20715,9,31363
20751,9,31364
20762,9,31365
20783,9,31366
20786,9,31367
20788,9,31368
20793,9,31369
20805,9,31370
20834,9,31371
20845,9,31372
20860,9,31373
20861,9,31374
20864,9,31375
20907,9,31376
20923,9,31377
20931,9,31378
20947,9,31379
20954,9,31380
20955,9,31381
20959,9,31382
20963,9,31383
20966,9,31384
20967,9,31385
20968,9,31386
20970,9,31387
20972,9,31388
20979,9,31389
20988,9,31390
20993,9,31391
21004,9,31392
21017,9,31393
21033,9,31394
21044,9,31395
21047,9,31396
21054,9,31397
21057,9,31398
21065,9,31399
21075,9,31400
21078,9,31401
21093,9,31402
21111,9,31403
21175,9,31404
21184,9,31405
21189,9,31406
21192,9,31407
21206,9,31408
21209,9,31409
21215,9,31410
21223,9,31411
21228,9,31412
21229,9,31413
21230,9,31414
21232,9,31415
21236,9,31416
21241,9,31417
21253,9,31418
21267,9,31419
21272,9,31420
21286,9,31421
21292,9,31422
21293,9,31423
21296,9,31424
21315,9,31425
21360,9,31426
21381,9,31427
21389,9,31428
21402,9,31429
21412,9,31430
21416,9,31431
21422,9,31432
21427,9,31433
21429,9,31434
21432,9,31435
21444,9,31436
21445,9,31437
21448,9,31438
21455,9,31439
21456,9,31440
21466,9,31441
21470,9,31442
21478,9,31443
21512,9,31444
21527,9,31445
21539,9,31446
21560,9,31447
21570,9,31448
21580,9,31449
21583,9,31450
21604,9,31451
21616,9,31452
21633,9,31453
21634,9,31454
21637,9,31455
21638,9,31456
21643,9,31457
21651,9,31458
21653,9,31459
21657,9,31460
21658,9,31461
21672,9,31462
21681,9,31463
21684,9,31464
21690,9,31465
21698,9,31466
21701,9,31467
21716,9,31468
21724,9,31469
21740,9,31470
21742,9,31471
21747,9,31472
21759,9,31473
21760,9,31474
21763,9,31475
21764,9,31476
21766,9,31477
21771,9,31478
21773,9,31479
21777,9,31480
21779,9,31481
21813,9,31482
21818,9,31483
21819,9,31484
21820,9,31485
21821,9,31486
21822,9,31487
21830,9,31488
21835,9,31489
21855,9,31490
21867,9,31491
21871,9,31492
21875,9,31493
21877,9,31494
21946,9,31495
21965,9,31496
21974,9,31497
21982,9,31498
21984,9,31499
21987,9,31500
21995,9,31501
21998,9,31502
22005,9,31503
22011,9,31504
22012,9,31505
22026,9,31506
22027,9,31507
22031,9,31508
22045,9,31509
22046,9,31510
22069,9,31511
22070,9,31512
22080,9,31513
22084,9,31514
22107,9,31515
22115,9,31516
22116,9,31517
22136,9,31518
22137,9,31519
22142,9,31520
22153,9,31521
22175,9,31522
22179,9,31523
22180,9,31524
22208,9,31525
22214,9,31526
22237,9,31527
22246,9,31528
22252,9,31529
22259,9,31530
22261,9,31531
22263,9,31532
22270,9,31533
22274,9,31534
22283,9,31535
22285,9,31536
22290,9,31537
22292,9,31538
22309,9,31539
22314,9,31540
22316,9,31541
22320,9,31542
22329,9,31543
22334,9,31544
22342,9,31545
22348,9,31546
22349,9,31547
22360,9,31548
22417,9,31549
22485,9,31550
22494,9,31551
22495,9,31552
22512,9,31553
22556,9,31554
22563,9,31555
22661,9,31556
22679,9,31557
22696,9,31558
22701,9,31559
22728,9,31560
22745,9,31561
22746,9,31562
22752,9,31563
22760,9,31564
22774,9,31565
22778,9,31566
22784,9,31567
22788,9,31568
22791,9,31569
22792,9,31570
22794,9,31571
22798,9,31572
22802,9,31573
22812,9,31574
22824,9,31575
22829,9,31576
22840,9,31577
22864,9,31578
22867,9,31579
22872,9,31580
22933,9,31581
22955,9,31582
22969,9,31583
22985,9,31584
23001,9,31585
23013,9,31586
23035,9,31587
23046,9,31588
23048,9,31589
23054,9,31590
23060,9,31591
23064,9,31592
23086,9,31593
23088,9,31594
23095,9,31595
23125,9,31596
23134,9,31597
23138,9,31598
23147,9,31599
23151,9,31600
23159,9,31601
23162,9,31602
23167,9,31603
23175,9,31604
23181,9,31605
23199,9,31606
23223,9,31607
23250,9,31608
23254,9,31609
23258,9,31610
23270,9,31611
23278,9,31612
23285,9,31613
23312,9,31614
23318,9,31615
23320,9,31616
23321,9,31617
23324,9,31618
23325,9,31619
23326,9,31620
23336,9,31621
23357,9,31622
23361,9,31623
23364,9,31624
23381,9,31625
23390,9,31626
23393,9,31627
23398,9,31628
23401,9,31629
23405,9,31630
23421,9,31631
23422,9,31632
23428,9,31633
23438,9,31634
23441,9,31635
23453,9,31636
23456,9,31637
23459,9,31638
23463,9,31639
23468,9,31640
23469,9,31641
23486,9,31642
23495,9,31643
23510,9,31644
23555,9,31645
23567,9,31646
23579,9,31647
23582,9,31648
23594,9,31649
23598,9,31650
23600,9,31651
23602,9,31652
23620,9,31653
23623,9,31654
23626,9,31655
23647,9,31656
23662,9,31657
23696,9,31658
23718,9,31659
23735,9,31660
23737,9,31661
23747,9,31662
23751,9,31663
23769,9,31664
23774,9,31665
23787,9,31666
23792,9,31667
23811,9,31668
23812,9,31669
23832,9,31670
23838,9,31671
23839,9,31672
23840,9,31673
23842,9,31674
23843,9,31675
23844,9,31676
23848,9,31677
23861,9,31678
23870,9,31679
23939,9,31680
23950,9,31681
23952,9,31682
23956,9,31683
23973,9,31684
23999,9,31685
24000,9,31686
24005,9,31687
24008,9,31688
24016,9,31689
24017,9,31690
24021,9,31691
24052,9,31692
24056,9,31693
24109,9,31694
24132,9,31695
24155,9,31696
24158,9,31697
24174,9,31698
24181,9,31699
24198,9,31700
24218,9,31701
24222,9,31702
24240,9,31703
24241,9,31704
24242,9,31705
24245,9,31706
24263,9,31707
24286,9,31708
24290,9,31709
24299,9,31710
24304,9,31711
24313,9,31712
24315,9,31713
24320,9,31714
24322,9,31715
24337,9,31716
24341,9,31717
24343,9,31718
24345,9,31719
24359,9,31720
24363,9,31721
24375,9,31722
24389,9,31723
24390,9,31724
24391,9,31725
24398,9,31726
24399,9,31727
24411,9,31728
24424,9,31729
24456,9,31730
24499,9,31731
24519,9,31732
24523,9,31733
24531,9,31734
24571,9,31735
24572,9,31736
24593,9,31737
24594,9,31738
24609,9,31739
24632,9,31740
24651,9,31741
24657,9,31742
24683,9,31743
24689,9,31744
24697,9,31745
24722,9,31746
24724,9,31747
24729,9,31748
24732,9,31749
24739,9,31750
24762,9,31751
24765,9,31752
24766,9,31753
24773,9,31754
24793,9,31755
24805,9,31756
24810,9,31757
24812,9,31758
24815,9,31759
24828,9,31760
24830,9,31761
24833,9,31762
24838,9,31763
24850,9,31764
24856,9,31765
24857,9,31766
24859,9,31767
24860,9,31768
24874,9,31769
24880,9,31770
24882,9,31771
24884,9,31772
24920,9,31773
24930,9,31774
24932,9,31775
24937,9,31776
24938,9,31777
24940,9,31778
24942,9,31779
24953,9,31780
24954,9,31781
24955,9,31782
24956,9,31783
24969,9,31784
24976,9,31785
24984,9,31786
24986,9,31787
24995,9,31788
25013,9,31789
25014,9,31790
25033,9,31791
25036,9,31792
25070,9,31793
25086,9,31794
25102,9,31795
25123,9,31796
25131,9,31797
25150,9,31798
25160,9,31799
25170,9,31800
25204,9,31801
25212,9,31802
25220,9,31803
25239,9,31804
25244,9,31805
25246,9,31806
25259,9,31807
25272,9,31808
25286,9,31809
25290,9,31810
25298,9,31811
25300,9,31812
25306,9,31813
25315,9,31814
25326,9,31815
25329,9,31816
25343,9,31817
25346,9,31818
25354,9,31819
25359,9,31820
25375,9,31821
25392,9,31822
25396,9,31823
25402,9,31824
25409,9,31825
25419,9,31826
25449,9,31827
25451,9,31828
25461,9,31829
25477,9,31830
25479,9,31831
25494,9,31832
25499,9,31833
25507,9,31834
25513,9,31835
25517,9,31836
25524,9,31837
25544,9,31838
25546,9,31839
25547,9,31840
25562,9,31841
25565,9,31842
25594,9,31843
25595,9,31844
25598,9,31845
25613,9,31846
25616,9,31847
25623,9,31848
25627,9,31849
25641,9,31850
25678,9,31851
25696,9,31852
25703,9,31853
25731,9,31854
25734,9,31855
25758,9,31856
25763,9,31857
25764,9,31858
25778,9,31859
25787,9,31860
25792,9,31861
25793,9,31862
25802,9,31863
25807,9,31864
25817,9,31865
25818,9,31866
25828,9,31867
25831,9,31868
25833,9,31869
25836,9,31870
25860,9,31871
25863,9,31872
25865,9,31873
25893,9,31874
25895,9,31875
25896,9,31876
25899,9,31877
25905,9,31878
25934,9,31879
25935,9,31880
25938,9,31881
25939,9,31882
25942,9,31883
25958,9,31884
25963,9,31885
25972,9,31886
25978,9,31887
25979,9,31888
25982,9,31889
25983,9,31890
25988,9,31891
26001,9,31892
26031,9,31893
26036,9,31894
26037,9,31895
26038,9,31896
26039,9,31897
26045,9,31898
26051,9,31899
26058,9,31900
26061,9,31901
26079,9,31902
26089,9,31903
26091,9,31904
26131,9,31905
26140,9,31906
26152,9,31907
26160,9,31908
26163,9,31909
26167,9,31910
26169,9,31911
26171,9,31912
26180,9,31913
26182,9,31914
26184,9,31915
26188,9,31916
26194,9,31917
26208,9,31918
26210,9,31919
26224,9,31920
26231,9,31921
26232,9,31922
26242,9,31923
26243,9,31924
26247,9,31925
26254,9,31926
26300,9,31927
26304,9,31928
26309,9,31929
26310,9,31930
26322,9,31931
26329,9,31932
26330,9,31933
26339,9,31934
26346,9,31935
26358,9,31936
26360,9,31937
26410,9,31938
26419,9,31939
26420,9,31940
26421,9,31941
26454,9,31942
26481,9,31943
26494,9,31944
26496,9,31945
26501,9,31946
26509,9,31947
26513,9,31948
26518,9,31949
26528,9,31950
26544,9,31951
26547,9,31952
26555,9,31953
26556,9,31954
26586,9,31955
26599,9,31956
26607,9,31957
26640,9,31958
26670,9,31959
26671,9,31960
26687,9,31961
26690,9,31962
26743,9,31963
26758,9,31964
26759,9,31965
26770,9,31966
26773,9,31967
26779,9,31968
26782,9,31969
26784,9,31970
26803,9,31971
26813,9,31972
26817,9,31973
26819,9,31974
26861,9,31975
26864,9,31976
26877,9,31977
26882,9,31978
26883,9,31979
26885,9,31980
26893,9,31981
26896,9,31982
26899,9,31983
26901,9,31984
26909,9,31985
26912,9,31986
26916,9,31987
26925,9,31988
26934,9,31989
26938,9,31990
26940,9,31991
26961,9,31992
26964,9,31993
26976,9,31994
26987,9,31995
27003,9,31996
27008,9,31997
27018,9,31998
27026,9,31999
27047,9,32000
27048,9,32001
27052,9,32002
27062,9,32003
27097,9,32004
27099,9,32005
27103,9,32006
27110,9,32007
27115,9,32008
27119,9,32009
27125,9,32010
27133,9,32011
27137,9,32012
27147,9,32013
27155,9,32014
27166,9,32015
27175,9,32016
27188,9,32017
27203,9,32018
27224,9,32019
27228,9,32020
27232,9,32021
27233,9,32022
27237,9,32023
27240,9,32024
27290,9,32025
27309,9,32026
27321,9,32027
27322,9,32028
27327,9,32029
27334,9,32030
27336,9,32031
27338,9,32032
27367,9,32033
27373,9,32034
27377,9,32035
27388,9,32036
27392,9,32037
27394,9,32038
27395,9,32039
27401,9,32040
27404,9,32041
27409,9,32042
27412,9,32043
27427,9,32044
27432,9,32045
27437,9,32046
27440,9,32047
27441,9,32048
27442,9,32049
27452,9,32050
27453,9,32051
27477,9,32052
27497,9,32053
27526,9,32054
27529,9,32055
27554,9,32056
27590,9,32057
27620,9,32058
27624,9,32059
27630,9,32060
27648,9,32061
27670,9,32062
27690,9,32063
27701,9,32064
27706,9,32065
27711,9,32066
27718,9,32067
27724,9,32068
27734,9,32069
27742,9,32070
27745,9,32071
27746,9,32072
27764,9,32073
27770,9,32074
27772,9,32075
27787,9,32076
27789,9,32077
27791,9,32078
27801,9,32079
27807,9,32080
27809,9,32081
27811,9,32082
27828,9,32083
27830,9,32084
27834,9,32085
27847,9,32086
27853,9,32087
27864,9,32088
27878,9,32089
27893,9,32090
27902,9,32091
27906,9,32092
27919,9,32093
27920,9,32094
27972,9,32095
27981,9,32096
27984,9,32097
28003,9,32098
28022,9,32099
28025,9,32100
28027,9,32101
28038,9,32102
28040,9,32103
28056,9,32104
28070,9,32105
28089,9,32106
28093,9,32107
28094,9,32108
28119,9,32109
28122,9,32110
28125,9,32111
28131,9,32112
28138,9,32113
28144,9,32114
28145,9,32115
28146,9,32116
28160,9,32117
28162,9,32118
28171,9,32119
28188,9,32120
28192,9,32121
28193,9,32122
28200,9,32123
28204,9,32124
28217,9,32125
28226,9,32126
28229,9,32127
28230,9,32128
28233,9,32129
28235,9,32130
28240,9,32131
28243,9,32132
28248,9,32133
28264,9,32134
28307,9,32135
28312,9,32136
28316,9,32137
28325,9,32138
28330,9,32139
28333,9,32140
28352,9,32141
28358,9,32142
28363,9,32143
28364,9,32144
28367,9,32145
28369,9,32146
28370,9,32147
28373,9,32148
28374,9,32149
28377,9,32150
28380,9,32151
28386,9,32152
28393,9,32153
28407,9,32154
28409,9,32155
28410,9,32156
28418,9,32157
28434,9,32158
28439,9,32159
28471,9,32160
28483,9,32161
28500,9,32162
28512,9,32163
28515,9,32164
28522,9,32165
28530,9,32166
28534,9,32167
28557,9,32168
28558,9,32169
28578,9,32170
28587,9,32171
28596,9,32172
28597,9,32173
28599,9,32174
28609,9,32175
28612,9,32176
28619,9,32177
28634,9,32178
28654,9,32179
28688,9,32180
28693,9,32181
28697,9,32182
28699,9,32183
28710,9,32184
28736,9,32185
28746,9,32186
28764,9,32187
28789,9,32188
28821,9,32189
28839,9,32190
28866,9,32191
28870,9,32192
28874,9,32193
28899,9,32194
28911,9,32195
28916,9,32196
28918,9,32197
28928,9,32198
28931,9,32199
28934,9,32200
28935,9,32201
28939,9,32202
28942,9,32203
28956,9,32204
28957,9,32205
28960,9,32206
28975,9,32207
28978,9,32208
28979,9,32209
28986,9,32210
28987,9,32211
28988,9,32212
28989,9,32213
28995,9,32214
29000,9,32215
29015,9,32216
29020,9,32217
29034,9,32218
29037,9,32219
29047,9,32220
29066,9,32221
29067,9,32222
29071,9,32223
29079,9,32224
29083,9,32225
29088,9,32226
29089,9,32227
29091,9,32228
29094,9,32229
29129,9,32230
29130,9,32231
29132,9,32232
29156,9,32233
29159,9,32234
29169,9,32235
29177,9,32236
29190,9,32237
29198,9,32238
29205,9,32239
29206,9,32240
29214,9,32241
29229,9,32242
29235,9,32243
29236,9,32244
29239,9,32245
29261,9,32246
29268,9,32247
29271,9,32248
29275,9,32249
29297,9,32250
29325,9,32251
29333,9,32252
29337,9,32253
29338,9,32254
29357,9,32255
29365,9,32256
29377,9,32257
29386,9,32258
29389,9,32259
29397,9,32260
29403,9,32261
29404,9,32262
29432,9,32263
29434,9,32264
29448,9,32265
29455,9,32266
29507,9,32267
29510,9,32268
29521,9,32269
29539,9,32270
29554,9,32271
29560,9,32272
29563,9,32273
29577,9,32274
29580,9,32275
29597,9,32276
29598,9,32277
29607,9,32278
29622,9,32279
29623,9,32280
29625,9,32281
29631,9,32282
29637,9,32283
29653,9,32284
29664,9,32285
29666,9,32286
29668,9,32287
29678,9,32288
29679,9,32289
29683,9,32290
29691,9,32291
29694,9,32292
29701,9,32293
29702,9,32294
29704,9,32295
29713,9,32296
29738,9,32297
29760,9,32298
29762,9,32299
29795,9,32300
29813,9,32301
29838,9,32302
29844,9,32303
29846,9,32304
29849,9,32305
29852,9,32306
29859,9,32307
29866,9,32308
29867,9,32309
29869,9,32310
29874,9,32311
29894,9,32312
29901,9,32313
29906,9,32314
29908,9,32315
29910,9,32316
29911,9,32317
29918,9,32318
29919,9,32319
29924,9,32320
29930,9,32321
29931,9,32322
29932,9,32323
29952,9,32324
29953,9,32325
29958,9,32326
29963,9,32327
29969,9,32328
29972,9,32329
29976,9,32330
29978,9,32331
29988,9,32332
29990,9,32333
29991,9,32334
30008,9,32335
30027,9,32336
30028,9,32337
30032,9,32338
30034,9,32339
30040,9,32340
30047,9,32341
30079,9,32342
30102,9,32343
30111,9,32344
30138,9,32345
30145,9,32346
30185,9,32347
30196,9,32348
30198,9,32349
30201,9,32350
30208,9,32351
30213,9,32352
30224,9,32353
30228,9,32354
30230,9,32355
30233,9,32356
30246,9,32357
30256,9,32358
30267,9,32359
30269,9,32360
30273,9,32361
30287,9,32362
30289,9,32363
30331,9,32364
30334,9,32365
30343,9,32366
30346,9,32367
30362,9,32368
30366,9,32369
30373,9,32370
30385,9,32371
30389,9,32372
30395,9,32373
30398,9,32374
30414,9,32375
30416,9,32376
30420,9,32377
30434,9,32378
30436,9,32379
30444,9,32380
30460,9,32381
30468,9,32382
30471,9,32383
30481,9,32384
30488,9,32385
30498,9,32386
30501,9,32387
30503,9,32388
30505,9,32389
30511,9,32390
30523,9,32391
30536,9,32392
30561,9,32393
30562,9,32394
30571,9,32395
30573,9,32396
30584,9,32397
30587,9,32398
30593,9,32399
30599,9,32400
30600,9,32401
30602,9,32402
30608,9,32403
30610,9,32404
30623,9,32405
30633,9,32406
30635,9,32407
30636,9,32408
30637,9,32409
30640,9,32410
30641,9,32411
30650,9,32412
30656,9,32413
30663,9,32414
30689,9,32415
30697,9,32416
30704,9,32417
30711,9,32418
30714,9,32419
30723,9,32420
30729,9,32421
30737,9,32422
30741,9,32423
30751,9,32424
30752,9,32425
30753,9,32426
30755,9,32427
30776,9,32428
30780,9,32429
30781,9,32430
30803,9,32431
30812,9,32432
30815,9,32433
30844,9,32434
30850,9,32435
30853,9,32436
30854,9,32437
30861,9,32438
30863,9,32439
30865,9,32440
30892,9,32441
30902,9,32442
30905,9,32443
30908,9,32444
30912,9,32445
30924,9,32446
30926,9,32447
30938,9,32448
30956,9,32449
30966,9,32450
30971,9,32451
30972,9,32452
30973,9,32453
30974,9,32454
30981,9,32455
30982,9,32456
30994,9,32457
30999,9,32458
31005,9,32459
31008,9,32460
31010,9,32461
31027,9,32462
31035,9,32463
31043,9,32464
31044,9,32465
31051,9,32466
31053,9,32467
31060,9,32468
31070,9,32469
31072,9,32470
31073,9,32471
31083,9,32472
31086,9,32473
31128,9,32474
31135,9,32475
31136,9,32476
31141,9,32477
31143,9,32478
31144,9,32479
31155,9,32480
31162,9,32481
31166,9,32482
31167,9,32483
31182,9,32484
31193,9,32485
31226,9,32486
31236,9,32487
31245,9,32488
31250,9,32489
31255,9,32490
31259,9,32491
31261,9,32492
31267,9,32493
31272,9,32494
31297,9,32495
31318,9,32496
31328,9,32497
31332,9,32498
31333,9,32499
31341,9,32500
31345,9,32501
31358,9,32502
31360,9,32503
31365,9,32504
31371,9,32505
31372,9,32506
31376,9,32507
31384,9,32508
31388,9,32509
31389,9,32510
31398,9,32511
31403,9,32512
31416,9,32513
31423,9,32514
31437,9,32515
31447,9,32516
31450,9,32517
31451,9,32518
31454,9,32519
31463,9,32520
31469,9,32521
31470,9,32522
31492,9,32523
31531,9,32524
31544,9,32525
31553,9,32526
31559,9,32527
31583,9,32528
31588,9,32529
31599,9,32530
31602,9,32531
31606,9,32532
31614,9,32533
31619,9,32534
31629,9,32535
31632,9,32536
31634,9,32537
31639,9,32538
31645,9,32539
31647,9,32540
31653,9,32541
31655,9,32542
31663,9,32543
31666,9,32544
31667,9,32545
31670,9,32546
31671,9,32547
31679,9,32548
31682,9,32549
31685,9,32550
31693,9,32551
31717,9,32552
31718,9,32553
31727,9,32554
31753,9,32555
31756,9,32556
31759,9,32557
31762,9,32558
31772,9,32559
31776,9,32560
31782,9,32561
31788,9,32562
31810,9,32563
31816,9,32564
31818,9,32565
31824,9,32566
31840,9,32567
31843,9,32568
31844,9,32569
31848,9,32570
31849,9,32571
31853,9,32572
31871,9,32573
31874,9,32574
31887,9,32575
31892,9,32576
31895,9,32577
31897,9,32578
31902,9,32579
31906,9,32580
31914,9,32581
31921,9,32582
31930,9,32583
31961,9,32584
31965,9,32585
31969,9,32586
31983,9,32587
31991,9,32588
31996,9,32589
32004,9,32590
32012,9,32591
32013,9,32592
32015,9,32593
32023,9,32594
32027,9,32595
32029,9,32596
32030,9,32597
32035,9,32598
32036,9,32599
32062,9,32600
32065,9,32601
32085,9,32602
32091,9,32603
32101,9,32604
32103,9,32605
32104,9,32606
32121,9,32607
32125,9,32608
32128,9,32609
32132,9,32610
32133,9,32611
32140,9,32612
32149,9,32613
32150,9,32614
32159,9,32615
32163,9,32616
32164,9,32617
32168,9,32618
32177,9,32619
32179,9,32620
32181,9,32621
32182,9,32622
32187,9,32623
32189,9,32624
32190,9,32625
32191,9,32626
32199,9,32627
32200,9,32628
32204,9,32629
32221,9,32630
32227,9,32631
32233,9,32632
32246,9,32633
32247,9,32634
32251,9,32635
32267,9,32636
32274,9,32637
32290,9,32638
32306,9,32639
32325,9,32640
32355,9,32641
32356,9,32642
32360,9,32643
32365,9,32644
32368,9,32645
32369,9,32646
32372,9,32647
32382,9,32648
32385,9,32649
32396,9,32650
32404,9,32651
32406,9,32652
32416,9,32653
32422,9,32654
32434,9,32655
32436,9,32656
32437,9,32657
32456,9,32658
32460,9,32659
32463,9,32660
32479,9,32661
32482,9,32662
32498,9,32663
32509,9,32664
32525,9,32665
32533,9,32666
32535,9,32667
32538,9,32668
32543,9,32669
32545,9,32670
32550,9,32671
32552,9,32672
32571,9,32673
32572,9,32674
32574,9,32675
32575,9,32676
32578,9,32677
32585,9,32678
32587,9,32679
32600,9,32680
32603,9,32681
32605,9,32682
32610,9,32683
32616,9,32684
32619,9,32685
32624,9,32686
32631,9,32687
32633,9,32688
32634,9,32689
32635,9,32690
32646,9,32691
32648,9,32692
32653,9,32693
32662,9,32694
32675,9,32695
32676,9,32696
32680,9,32697
32682,9,32698
32696,9,32699
32718,9,32700
32722,9,32701
32727,9,32702
32729,9,32703
32739,9,32704
32744,9,32705
32757,9,32706
32759,9,32707
32761,9,32708
32775,9,32709
32792,9,32710
32794,9,32711
32800,9,32712
32808,9,32713
32810,9,32714
32812,9,32715
32835,9,32716
32843,9,32717
32847,9,32718
32848,9,32719
32855,9,32720
32860,9,32721
32869,9,32722
32883,9,32723
32898,9,32724
32910,9,32725
32915,9,32726
32916,9,32727
32918,9,32728
32922,9,32729
32928,9,32730
32931,9,32731
32935,9,32732
32940,9,32733
32942,9,32734
32945,9,32735
32963,9,32736
32975,9,32737
32986,9,32738
32989,9,32739
32993,9,32740
32997,9,32741
33010,9,32742
33022,9,32743
33034,9,32744
33042,9,32745
33046,9,32746
33049,9,32747
33050,9,32748
33053,9,32749
33055,9,32750
33059,9,32751
33063,9,32752
33072,9,32753
33079,9,32754
33081,9,32755
33083,9,32756
33086,9,32757
33088,9,32758
33099,9,32759
33116,9,32760
33119,9,32761
33120,9,32762
33122,9,32763
33126,9,32764
33130,9,32765
33132,9,32766
33138,9,32767
33141,9,32768
33142,9,32769
33143,9,32770
33146,9,32771
33154,9,32772
33161,9,32773
33164,9,32774
33167,9,32775
33175,9,32776
33185,9,32777
33200,9,32778
33214,9,32779
33216,9,32780
33222,9,32781
33225,9,32782
33226,9,32783
33235,9,32784
33241,9,32785
33252,9,32786
33254,9,32787
33261,9,32788
33273,9,32789
33276,9,32790
33277,9,32791
33286,9,32792
33293,9,32793
33295,9,32794
33304,9,32795
33315,9,32796
33317,9,32797
33321,9,32798
33322,9,32799
33324,9,32800
33328,9,32801
33329,9,32802
33341,9,32803
33344,9,32804
33359,9,32805
33366,9,32806
33371,9,32807
33392,9,32808
33394,9,32809
33398,9,32810
33402,9,32811
33405,9,32812
33412,9,32813
33413,9,32814
33419,9,32815
33420,9,32816
33427,9,32817
33428,9,32818
33440,9,32819
33444,9,32820
33447,9,32821
33465,9,32822
33472,9,32823
33477,9,32824
33484,9,32825
33485,9,32826
33487,9,32827
33488,9,32828
33491,9,32829
33499,9,32830
33505,9,32831
33512,9,32832
33513,9,32833
33517,9,32834
33526,9,32835
33531,9,32836
33535,9,32837
33548,9,32838
33554,9,32839
33555,9,32840
33566,9,32841
33571,9,32842
33583,9,32843
33589,9,32844
33596,9,32845
33598,9,32846
33605,9,32847
33608,9,32848
33609,9,32849
33610,9,32850
33611,9,32851
33614,9,32852
33617,9,32853
33624,9,32854
33628,9,32855
33632,9,32856
33638,9,32857
33641,9,32858
33642,9,32859
33648,9,32860
33653,9,32861
33667,9,32862
33670,9,32863
33673,9,32864
33674,9,32865
33678,9,32866
33687,9,32867
33692,9,32868
33693,9,32869
33702,9,32870
33709,9,32871
33715,9,32872
33718,9,32873
33731,9,32874
33765,9,32875
33767,9,32876
33773,9,32877
33793,9,32878
33794,9,32879
33798,9,32880
33803,9,32881
33805,9,32882
33807,9,32883
33812,9,32884
33815,9,32885
33818,9,32886
33832,9,32887
33838,9,32888
33842,9,32889
33847,9,32890
33852,9,32891
33853,9,32892
33866,9,32893
33867,9,32894
33871,9,32895
33875,9,32896
33881,9,32897
33884,9,32898
33885,9,32899
33886,9,32900
33890,9,32901
33898,9,32902
33902,9,32903
33903,9,32904
33916,9,32905
33920,9,32906
33925,9,32907
33927,9,32908
33931,9,32909
33936,9,32910
33940,9,32911
33943,9,32912
33945,9,32913
33954,9,32914
33959,9,32915
33963,9,32916
33967,9,32917
33978,9,32918
34004,9,32919
34009,9,32920
34026,9,32921
34027,9,32922
34031,9,32923
34033,9,32924
34067,9,32925
34070,9,32926
34072,9,32927
34075,9,32928
34079,9,32929
34080,9,32930
34082,9,32931
34102,9,32932
34105,9,32933
34115,9,32934
34117,9,32935
34119,9,32936
34120,9,32937
34121,9,32938
34129,9,32939
34144,9,32940
34157,9,32941
34161,9,32942
34164,9,32943
34165,9,32944
34169,9,32945
34170,9,32946
34177,9,32947
34179,9,32948
34184,9,32949
34190,9,32950
34221,9,32951
34237,9,32952
34238,9,32953
34246,9,32954
34253,9,32955
34265,9,32956
34273,9,32957
34284,9,32958
34287,9,32959
34291,9,32960
34322,9,32961
34330,9,32962
34342,9,32963
34349,9,32964
34356,9,32965
34357,9,32966
34358,9,32967
34360,9,32968
34368,9,32969
34373,9,32970
34377,9,32971
34378,9,32972
34398,9,32973
34407,9,32974
34416,9,32975
34417,9,32976
34421,9,32977
34427,9,32978
34442,9,32979
34449,9,32980
34454,9,32981
34455,9,32982
34458,9,32983
34471,9,32984
34472,9,32985
34476,9,32986
34484,9,32987
34487,9,32988
34490,9,32989
34500,9,32990
34509,9,32991
34510,9,32992
34515,9,32993
34526,9,32994
34529,9,32995
34530,9,32996
34533,9,32997
34538,9,32998
34543,9,32999
34555,9,33000
34558,9,33001
34559,9,33002
34566,9,33003
34572,9,33004
34577,9,33005
34579,9,33006
34583,9,33007
34591,9,33008
34602,9,33009
34604,9,33010
34605,9,33011
34614,9,33012
34619,9,33013
34621,9,33014
34622,9,33015
34623,9,33016
34628,9,33017
34633,9,33018
34635,9,33019
34655,9,33020
34678,9,33021
34684,9,33022
34691,9,33023
34694,9,33024
34696,9,33025
34710,9,33026
34711,9,33027
34716,9,33028
34720,9,33029
34721,9,33030
34724,9,33031
34744,9,33032
34760,9,33033
34767,9,33034
34770,9,33035
34787,9,33036
34802,9,33037
34807,9,33038
34810,9,33039
34812,9,33040
34822,9,33041
34827,9,33042
34834,9,33043
34839,9,33044
34841,9,33045
34842,9,33046
34843,9,33047
34844,9,33048
34845,9,33049
34853,9,33050
34860,9,33051
34862,9,33052
34863,9,33053
34868,9,33054
34873,9,33055
34887,9,33056
34897,9,33057
34904,9,33058
34910,9,33059
34914,9,33060
34925,9,33061
34932,9,33062
34936,9,33063
34943,9,33064
34945,9,33065
34949,9,33066
34958,9,33067
34975,9,33068
34976,9,33069
34977,9,33070
34988,9,33071
34991,9,33072
34996,9,33073
34999,9,33074
35012,9,33075
35016,9,33076
35017,9,33077
35041,9,33078
35045,9,33079
35050,9,33080
35055,9,33081
35056,9,33082
35057,9,33083
35064,9,33084
35071,9,33085
35072,9,33086
35075,9,33087
35078,9,33088
35085,9,33089
35086,9,33090
35092,9,33091
35094,9,33092
35110,9,33093
35111,9,33094
35118,9,33095
35124,9,33096
35126,9,33097
35131,9,33098
35132,9,33099
35133,9,33100
35156,9,33101
35190,9,33102
35209,9,33103
35220,9,33104
35221,9,33105
35228,9,33106
35241,9,33107
35245,9,33108
35246,9,33109
35260,9,33110
35269,9,33111
35272,9,33112
35273,9,33113
35275,9,33114
35276,9,33115
35278,9,33116
35286,9,33117
35289,9,33118
35294,9,33119
35295,9,33120
35297,9,33121
35304,9,33122
35311,9,33123
35312,9,33124
35319,9,33125
35321,9,33126
35325,9,33127
35333,9,33128
35351,9,33129
35356,9,33130
35362,9,33131
35378,9,33132
35381,9,33133
35389,9,33134
35397,9,33135
35398,9,33136
35401,9,33137
35402,9,33138
35406,9,33139
35412,9,33140
35414,9,33141
35421,9,33142
35424,9,33143
35432,9,33144
35438,9,33145
35439,9,33146
35461,9,33147
35468,9,33148
35469,9,33149
35474,9,33150
35482,9,33151
35483,9,33152
35484,9,33153
35488,9,33154
35492,9,33155
35497,9,33156
35502,9,33157
35506,9,33158
35510,9,33159
35518,9,33160
35525,9,33161
35529,9,33162
35535,9,33163
35536,9,33164
35538,9,33165
35548,9,33166
35554,9,33167
35558,9,33168
35559,9,33169
35565,9,33170
35567,9,33171
35572,9,33172
35586,9,33173
35605,9,33174
35607,9,33175
35614,9,33176
35620,9,33177
35625,9,33178
35626,9,33179
35630,9,33180
35642,9,33181
35645,9,33182
35646,9,33183
35652,9,33184
35656,9,33185
35665,9,33186
35673,9,33187
35676,9,33188
35683,9,33189
35696,9,33190
35700,9,33191
35704,9,33192
35711,9,33193
35717,9,33194
35736,9,33195
35741,9,33196
35746,9,33197
35748,9,33198
35750,9,33199
35751,9,33200
35754,9,33201
35756,9,33202
35757,9,33203
35759,9,33204
35766,9,33205
35767,9,33206
35770,9,33207
35778,9,33208
35794,9,33209
35795,9,33210
35802,9,33211
35803,9,33212
35812,9,33213
35815,9,33214
35818,9,33215
35833,9,33216
35836,9,33217
35845,9,33218
35861,9,33219
35867,9,33220
35880,9,33221
35893,9,33222
35895,9,33223
35896,9,33224
35903,9,33225
35910,9,33226
35913,9,33227
35915,9,33228
35918,9,33229
35919,9,33230
35921,9,33231
35922,9,33232
35925,9,33233
35931,9,33234
35937,9,33235
35951,9,33236
35962,9,33237
35969,9,33238
36006,9,33239
36017,9,33240
36018,9,33241
36019,9,33242
36020,9,33243
36030,9,33244
36031,9,33245
36040,9,33246
36043,9,33247
36060,9,33248
36062,9,33249
36065,9,33250
36069,9,33251
36070,9,33252
36071,9,33253
36083,9,33254
36087,9,33255
36090,9,33256
36102,9,33257
36116,9,33258
36117,9,33259
36118,9,33260
36121,9,33261
36122,9,33262
36123,9,33263
36130,9,33264
36142,9,33265
36149,9,33266
36165,9,33267
36172,9,33268
36176,9,33269
36188,9,33270
36190,9,33271
36193,9,33272
36222,9,33273
36224,9,33274
36226,9,33275
36227,9,33276
36229,9,33277
36239,9,33278
36243,9,33279
36249,9,33280
36254,9,33281
36260,9,33282
36265,9,33283
36276,9,33284
36277,9,33285
36292,9,33286
36299,9,33287
36303,9,33288
36307,9,33289
36313,9,33290
36323,9,33291
36324,9,33292
36325,9,33293
36338,9,33294
36355,9,33295
36356,9,33296
36360,9,33297
36363,9,33298
36364,9,33299
36369,9,33300
36375,9,33301
36376,9,33302
36377,9,33303
36387,9,33304
36388,9,33305
36396,9,33306
36404,9,33307
36420,9,33308
36434,9,33309
36444,9,33310
36445,9,33311
36447,9,33312
36476,9,33313
36479,9,33314
36483,9,33315
36502,9,33316
36511,9,33317
36514,9,33318
36538,9,33319
36539,9,33320
36544,9,33321
36545,9,33322
36552,9,33323
36553,9,33324
36558,9,33325
36567,9,33326
36575,9,33327
36579,9,33328
36585,9,33329
36587,9,33330
36589,9,33331
36591,9,33332
36597,9,33333
36598,9,33334
36603,9,33335
36617,9,33336
36621,9,33337
36623,9,33338
36670,9,33339
36673,9,33340
36679,9,33341
36689,9,33342
36694,9,33343
36715,9,33344
36720,9,33345
36723,9,33346
36726,9,33347
36729,9,33348
36739,9,33349
36745,9,33350
36750,9,33351
36771,9,33352
36793,9,33353
36801,9,33354
36807,9,33355
36810,9,33356
36812,9,33357
36823,9,33358
36829,9,33359
36830,9,33360
36837,9,33361
36839,9,33362
36851,9,33363
36854,9,33364
36855,9,33365
36856,9,33366
36878,9,33367
36882,9,33368
36885,9,33369
36886,9,33370
36888,9,33371
36889,9,33372
36890,9,33373
36901,9,33374
36910,9,33375
36919,9,33376
36923,9,33377
36925,9,33378
36935,9,33379
36936,9,33380
36939,9,33381
36940,9,33382
36942,9,33383
36943,9,33384
36945,9,33385
36948,9,33386
36958,9,33387
36967,9,33388
36969,9,33389
36970,9,33390
36977,9,33391
36986,9,33392
37004,9,33393
37007,9,33394
37009,9,33395
37017,9,33396
37023,9,33397
37024,9,33398
37028,9,33399
37032,9,33400
37041,9,33401
37047,9,33402
37063,9,33403
37065,9,33404
37074,9,33405
37080,9,33406
37084,9,33407
37089,9,33408
37090,9,33409
37100,9,33410
37127,9,33411
37140,9,33412
37142,9,33413
37149,9,33414
37151,9,33415
37152,9,33416
37156,9,33417
37159,9,33418
37164,9,33419
37172,9,33420
37173,9,33421
37177,9,33422
37188,9,33423
37195,9,33424
37196,9,33425
37197,9,33426
37209,9,33427
37213,9,33428
37214,9,33429
37225,9,33430
37226,9,33431
37227,9,33432
37236,9,33433
37247,9,33434
37248,9,33435
37256,9,33436
37268,9,33437
37273,9,33438
37280,9,33439
37281,9,33440
37284,9,33441
37286,9,33442
37297,9,33443
37317,9,33444
37322,9,33445
37330,9,33446
37331,9,33447
37333,9,33448
37334,9,33449
37336,9,33450
37346,9,33451
37351,9,33452
37364,9,33453
37369,9,33454
37376,9,33455
37384,9,33456
37385,9,33457
37390,9,33458
37393,9,33459
37409,9,33460
37413,9,33461
37415,9,33462
37421,9,33463
37424,9,33464
37433,9,33465
37434,9,33466
37451,9,33467
37453,9,33468
37464,9,33469
37468,9,33470
37470,9,33471
37474,9,33472
37478,9,33473
37483,9,33474
37489,9,33475
37494,9,33476
37506,9,33477
37510,9,33478
37512,9,33479
37526,9,33480
37529,9,33481
37535,9,33482
37536,9,33483
37545,9,33484
37552,9,33485
37553,9,33486
37559,9,33487
37561,9,33488
37572,9,33489
37577,9,33490
37578,9,33491
37579,9,33492
37586,9,33493
37589,9,33494
37596,9,33495
37600,9,33496
37609,9,33497
37610,9,33498
37612,9,33499
37613,9,33500
37615,9,33501
37621,9,33502
37622,9,33503
37630,9,33504
37639,9,33505
37644,9,33506
37646,9,33507
37647,9,33508
37648,9,33509
37655,9,33510
37662,9,33511
37665,9,33512
37689,9,33513
37693,9,33514
37716,9,33515
37721,9,33516
37749,9,33517
37752,9,33518
37759,9,33519
37770,9,33520
37779,9,33521
37781,9,33522
37787,9,33523
37802,9,33524
37811,9,33525
37828,9,33526
37838,9,33527
37841,9,33528
37842,9,33529
37858,9,33530
37860,9,33531
37869,9,33532
37877,9,33533
37885,9,33534
37888,9,33535
37895,9,33536
37912,9,33537
37926,9,33538
37931,9,33539
37944,9,33540
37945,9,33541
37949,9,33542
37951,9,33543
37963,9,33544
37975,9,33545
37978,9,33546
37980,9,33547
37995,9,33548
38004,9,33549
38021,9,33550
38022,9,33551
38023,9,33552
38043,9,33553
38057,9,33554
38063,9,33555
38070,9,33556
38078,9,33557
38081,9,33558
38082,9,33559
38093,9,33560
38099,9,33561
38100,9,33562
38102,9,33563
38107,9,33564
38112,9,33565
38119,9,33566
38126,9,33567
38127,9,33568
38129,9,33569
38133,9,33570
38135,9,33571
38144,9,33572
38154,9,33573
38156,9,33574
38159,9,33575
38163,9,33576
38169,9,33577
38180,9,33578
38203,9,33579
38211,9,33580
38229,9,33581
38251,9,33582
38262,9,33583
38272,9,33584
38275,9,33585
38280,9,33586
38282,9,33587
38295,9,33588
38306,9,33589
38309,9,33590
38312,9,33591
38314,9,33592
38318,9,33593
38319,9,33594
38321,9,33595
38336,9,33596
38346,9,33597
38350,9,33598
38355,9,33599
38364,9,33600
38365,9,33601
38372,9,33602
38381,9,33603
38388,9,33604
38392,9,33605
38395,9,33606
38406,9,33607
38409,9,33608
38414,9,33609
38417,9,33610
38420,9,33611
38422,9,33612
38441,9,33613
38446,9,33614
38464,9,33615
38475,9,33616
38478,9,33617
38481,9,33618
38482,9,33619
38485,9,33620
38491,9,33621
38500,9,33622
38501,9,33623
38502,9,33624
38504,9,33625
38508,9,33626
38514,9,33627
38523,9,33628
38541,9,33629
38542,9,33630
38546,9,33631
38553,9,33632
38556,9,33633
38567,9,33634
38574,9,33635
38579,9,33636
38580,9,33637
38585,9,33638
38599,9,33639
38604,9,33640
38609,9,33641
38616,9,33642
38643,9,33643
38650,9,33644
38651,9,33645
38657,9,33646
38660,9,33647
38670,9,33648
38680,9,33649
38682,9,33650
38683,9,33651
38692,9,33652
38716,9,33653
38717,9,33654
38721,9,33655
38723,9,33656
38725,9,33657
38726,9,33658
38727,9,33659
38739,9,33660
38742,9,33661
38750,9,33662
38762,9,33663
38768,9,33664
38770,9,33665
38778,9,33666
38779,9,33667
38786,9,33668
38804,9,33669
38806,9,33670
38821,9,33671
38826,9,33672
38833,9,33673
38834,9,33674
38837,9,33675
38844,9,33676
38847,9,33677
38848,9,33678
38861,9,33679
38878,9,33680
38896,9,33681
38897,9,33682
38898,9,33683
38899,9,33684
38906,9,33685
38915,9,33686
38925,9,33687
38941,9,33688
38943,9,33689
38944,9,33690
38956,9,33691
38960,9,33692
38964,9,33693
38965,9,33694
38970,9,33695
38974,9,33696
38976,9,33697
38982,9,33698
38985,9,33699
38992,9,33700
39003,9,33701
39014,9,33702
39017,9,33703
39021,9,33704
39022,9,33705
39027,9,33706
39028,9,33707
39037,9,33708
39042,9,33709
39043,9,33710
39044,9,33711
39053,9,33712
39055,9,33713
39060,9,33714
39064,9,33715
39071,9,33716
39072,9,33717
39076,9,33718
39077,9,33719
39087,9,33720
39088,9,33721
39089,9,33722
39098,9,33723
39100,9,33724
39106,9,33725
39113,9,33726
39135,9,33727
39136,9,33728
39142,9,33729
39156,9,33730
39166,9,33731
39169,9,33732
39172,9,33733
39185,9,33734
39189,9,33735
39190,9,33736
39200,9,33737
39218,9,33738
39227,9,33739
39240,9,33740
39245,9,33741
39256,9,33742
39260,9,33743
39267,9,33744
39270,9,33745
39271,9,33746
39272,9,33747
39274,9,33748
39277,9,33749
39293,9,33750
39311,9,33751
39313,9,33752
39321,9,33753
39325,9,33754
39326,9,33755
39329,9,33756
39330,9,33757
39337,9,33758
39340,9,33759
39358,9,33760
39362,9,33761
39371,9,33762
39377,9,33763
39379,9,33764
39380,9,33765
39382,9,33766
39389,9,33767
39394,9,33768
39395,9,33769
39401,9,33770
39402,9,33771
39405,9,33772
39409,9,33773
39415,9,33774
39436,9,33775
39457,9,33776
39475,9,33777
39476,9,33778
39480,9,33779
39482,9,33780
39487,9,33781
39490,9,33782
39494,9,33783
39497,9,33784
39500,9,33785
39504,9,33786
39510,9,33787
39523,9,33788
39525,9,33789
39526,9,33790
39527,9,33791
39532,9,33792
39534,9,33793
39547,9,33794
39561,9,33795
39568,9,33796
39578,9,33797
39582,9,33798
39585,9,33799
39598,9,33800
39605,9,33801
39611,9,33802
39631,9,33803
39634,9,33804
39635,9,33805
39644,9,33806
39652,9,33807
39657,9,33808
39658,9,33809
39661,9,33810
39665,9,33811
39678,9,33812
39679,9,33813
39681,9,33814
39683,9,33815
39684,9,33816
39685,9,33817
39686,9,33818
39693,9,33819
39700,9,33820
39702,9,33821
39714,9,33822
39719,9,33823
39727,9,33824
39734,9,33825
39739,9,33826
39752,9,33827
39760,9,33828
39762,9,33829
39766,9,33830
39768,9,33831
39770,9,33832
39781,9,33833
39799,9,33834
39802,9,33835
39809,9,33836
39816,9,33837
39820,9,33838
39821,9,33839
39838,9,33840
39841,9,33841
39847,9,33842
39852,9,33843
39871,9,33844
39879,9,33845
39891,9,33846
39918,9,33847
39921,9,33848
39923,9,33849
39939,9,33850
39940,9,33851
39948,9,33852
39953,9,33853
39962,9,33854
39964,9,33855
39977,9,33856
39986,9,33857
39988,9,33858
39991,9,33859
39994,9,33860
39998,9,33861
40001,9,33862
40003,9,33863
40005,9,33864
40006,9,33865
40012,9,33866
40017,9,33867
40026,9,33868
40029,9,33869
40031,9,33870
40034,9,33871
40054,9,33872
40068,9,33873
40070,9,33874
40081,9,33875
40083,9,33876
40085,9,33877
40087,9,33878
40088,9,33879
40089,9,33880
40101,9,33881
40113,9,33882
40119,9,33883
40122,9,33884
40129,9,33885
40130,9,33886
40143,9,33887
40145,9,33888
40153,9,33889
40162,9,33890
40168,9,33891
40183,9,33892
40185,9,33893
40186,9,33894
40188,9,33895
40195,9,33896
40196,9,33897
40197,9,33898
40213,9,33899
40222,9,33900
40230,9,33901
40235,9,33902
40237,9,33903
40238,9,33904
40245,9,33905
40247,9,33906
40254,9,33907
40265,9,33908
40273,9,33909
40277,9,33910
40278,9,33911
40281,9,33912
40291,9,33913
40300,9,33914
40301,9,33915
40315,9,33916
40323,9,33917
40334,9,33918
40341,9,33919
40356,9,33920
40362,9,33921
40363,9,33922
40374,9,33923
40375,9,33924
40390,9,33925
40396,9,33926
40401,9,33927
40410,9,33928
40416,9,33929
40425,9,33930
40426,9,33931
40436,9,33932
40448,9,33933
40456,9,33934
40461,9,33935
40464,9,33936
40466,9,33937
40484,9,33938
40500,9,33939
40508,9,33940
40512,9,33941
40518,9,33942
40522,9,33943
40523,9,33944
40531,9,33945
40539,9,33946
40541,9,33947
40553,9,33948
40555,9,33949
40562,9,33950
40570,9,33951
40580,9,33952
40587,9,33953
40591,9,33954
40602,9,33955
40610,9,33956
40615,9,33957
40625,9,33958
40632,9,33959
40634,9,33960
40640,9,33961
40644,9,33962
40647,9,33963
40655,9,33964
40665,9,33965
40670,9,33966
40671,9,33967
40674,9,33968
40677,9,33969
40683,9,33970
40687,9,33971
40697,9,33972
40709,9,33973
40712,9,33974
40717,9,33975
40718,9,33976
40719,9,33977
40733,9,33978
40738,9,33979
40771,9,33980
40791,9,33981
40804,9,33982
40827,9,33983
40832,9,33984
40842,9,33985
40847,9,33986
40857,9,33987
40859,9,33988
40862,9,33989
40863,9,33990
40866,9,33991
40867,9,33992
40880,9,33993
40881,9,33994
40907,9,33995
40922,9,33996
40953,9,33997
40961,9,33998
3,8,33999
30,8,34000
60,8,34001
104,8,34002
112,8,34003
138,8,34004
143,8,34005
214,8,34006
238,8,34007
278,8,34008
284,8,34009
361,8,34010
380,8,34011
533,8,34012
562,8,34013
599,8,34014
618,8,34015
636,8,34016
700,8,34017
859,8,34018
891,8,34019
922,8,34020
947,8,34021
984,8,34022
985,8,34023
987,8,34024
1006,8,34025
1008,8,34026
1047,8,34027
1092,8,34028
1102,8,34029
1153,8,34030
1164,8,34031
1201,8,34032
1245,8,34033
1250,8,34034
1267,8,34035
1270,8,34036
1271,8,34037
1275,8,34038
1301,8,34039
1328,8,34040
1343,8,34041
1392,8,34042
1457,8,34043
1458,8,34044
1484,8,34045
1530,8,34046
1542,8,34047
1550,8,34048
1673,8,34049
1677,8,34050
1734,8,34051
1766,8,34052
1801,8,34053
1860,8,34054
1874,8,34055
1883,8,34056
1886,8,34057
1888,8,34058
1949,8,34059
1952,8,34060
1968,8,34061
1972,8,34062
1978,8,34063
1981,8,34064
1982,8,34065
1997,8,34066
2173,8,34067
2199,8,34068
2298,8,34069
2320,8,34070
2433,8,34071
2500,8,34072
2517,8,34073
2544,8,34074
2587,8,34075
2621,8,34076
2630,8,34077
2670,8,34078
2683,8,34079
2716,8,34080
2721,8,34081
2780,8,34082
2829,8,34083
2833,8,34084
2838,8,34085
2867,8,34086
2879,8,34087
2886,8,34088
2949,8,34089
3016,8,34090
3083,8,34091
3145,8,34092
3146,8,34093
3157,8,34094
3170,8,34095
3173,8,34096
3180,8,34097
3181,8,34098
3214,8,34099
3218,8,34100
3228,8,34101
3238,8,34102
3255,8,34103
3277,8,34104
3289,8,34105
3321,8,34106
3324,8,34107
3331,8,34108
3398,8,34109
3425,8,34110
3427,8,34111
3434,8,34112
3439,8,34113
3458,8,34114
3484,8,34115
3491,8,34116
3508,8,34117
3509,8,34118
3531,8,34119
3567,8,34120
3625,8,34121
3691,8,34122
3703,8,34123
3708,8,34124
3728,8,34125
3760,8,34126
3766,8,34127
3798,8,34128
3799,8,34129
3822,8,34130
3837,8,34131
3881,8,34132
3900,8,34133
3909,8,34134
3943,8,34135
3979,8,34136
3999,8,34137
4065,8,34138
4094,8,34139
4100,8,34140
4124,8,34141
4127,8,34142
4209,8,34143
4234,8,34144
4237,8,34145
4248,8,34146
4257,8,34147
4282,8,34148
4299,8,34149
4304,8,34150
4311,8,34151
4322,8,34152
4346,8,34153
4388,8,34154
4470,8,34155
4484,8,34156
4550,8,34157
4578,8,34158
4615,8,34159
4618,8,34160
4677,8,34161
4709,8,34162
4714,8,34163
4744,8,34164
4781,8,34165
4811,8,34166
4815,8,34167
4881,8,34168
4915,8,34169
4927,8,34170
4958,8,34171
4986,8,34172
5036,8,34173
5052,8,34174
5064,8,34175
5076,8,34176
5132,8,34177
5150,8,34178
5160,8,34179
5231,8,34180
5248,8,34181
5269,8,34182
5295,8,34183
5310,8,34184
5329,8,34185
5330,8,34186
5334,8,34187
5433,8,34188
5464,8,34189
5472,8,34190
5477,8,34191
5483,8,34192
5506,8,34193
5521,8,34194
5633,8,34195
5700,8,34196
5710,8,34197
5713,8,34198
5716,8,34199
5731,8,34200
5754,8,34201
5796,8,34202
5831,8,34203
5849,8,34204
5866,8,34205
5897,8,34206
5941,8,34207
5956,8,34208
5982,8,34209
6002,8,34210
6015,8,34211
6035,8,34212
6036,8,34213
6045,8,34214
6078,8,34215
6086,8,34216
6093,8,34217
6105,8,34218
6117,8,34219
6136,8,34220
6137,8,34221
6162,8,34222
6166,8,34223
6168,8,34224
6169,8,34225
6185,8,34226
6201,8,34227
6224,8,34228
6230,8,34229
6246,8,34230
6248,8,34231
6270,8,34232
6284,8,34233
6287,8,34234
6334,8,34235
6361,8,34236
6362,8,34237
6476,8,34238
6481,8,34239
6483,8,34240
6497,8,34241
6502,8,34242
6523,8,34243
6563,8,34244
6564,8,34245
6648,8,34246
6661,8,34247
6668,8,34248
6672,8,34249
6699,8,34250
6752,8,34251
6765,8,34252
6817,8,34253
6837,8,34254
6867,8,34255
6880,8,34256
6886,8,34257
6939,8,34258
6943,8,34259
6957,8,34260
6967,8,34261
6988,8,34262
6996,8,34263
7005,8,34264
7029,8,34265
7046,8,34266
7210,8,34267
7211,8,34268
7217,8,34269
7218,8,34270
7219,8,34271
7228,8,34272
7237,8,34273
7238,8,34274
7239,8,34275
7251,8,34276
7255,8,34277
7269,8,34278
7272,8,34279
7316,8,34280
7377,8,34281
7425,8,34282
7428,8,34283
7483,8,34284
7496,8,34285
7506,8,34286
7514,8,34287
7540,8,34288
7544,8,34289
7568,8,34290
7607,8,34291
7609,8,34292
7621,8,34293
7678,8,34294
7695,8,34295
7710,8,34296
7715,8,34297
7719,8,34298
7727,8,34299
7738,8,34300
7751,8,34301
7775,8,34302
7801,8,34303
7834,8,34304
7838,8,34305
7864,8,34306
7868,8,34307
7876,8,34308
7896,8,34309
7903,8,34310
7908,8,34311
7917,8,34312
7932,8,34313
7938,8,34314
7957,8,34315
7960,8,34316
7976,8,34317
7990,8,34318
8019,8,34319
8026,8,34320
8056,8,34321
8097,8,34322
8100,8,34323
8149,8,34324
8159,8,34325
8184,8,34326
8209,8,34327
8314,8,34328
8330,8,34329
8338,8,34330
8344,8,34331
8352,8,34332
8355,8,34333
8363,8,34334
8378,8,34335
8409,8,34336
8412,8,34337
8430,8,34338
8432,8,34339
8437,8,34340
8441,8,34341
8442,8,34342
8445,8,34343
8471,8,34344
8481,8,34345
8493,8,34346
8508,8,34347
8509,8,34348
8520,8,34349
8531,8,34350
8541,8,34351
8565,8,34352
8569,8,34353
8678,8,34354
8818,8,34355
8835,8,34356
8859,8,34357
8875,8,34358
8883,8,34359
8892,8,34360
8903,8,34361
8911,8,34362
8927,8,34363
8945,8,34364
8959,8,34365
8965,8,34366
8975,8,34367
8995,8,34368
9008,8,34369
9031,8,34370
9036,8,34371
9052,8,34372
9063,8,34373
9069,8,34374
9071,8,34375
9078,8,34376
9089,8,34377
9110,8,34378
9122,8,34379
9132,8,34380
9149,8,34381
9150,8,34382
9152,8,34383
9188,8,34384
9219,8,34385
9232,8,34386
9269,8,34387
9320,8,34388
9331,8,34389
9366,8,34390
9417,8,34391
9474,8,34392
9475,8,34393
9505,8,34394
9509,8,34395
9511,8,34396
9546,8,34397
9555,8,34398
9557,8,34399
9562,8,34400
9601,8,34401
9627,8,34402
9649,8,34403
9698,8,34404
9707,8,34405
9716,8,34406
9717,8,34407
9735,8,34408
9737,8,34409
9785,8,34410
9903,8,34411
9911,8,34412
9931,8,34413
9959,8,34414
10024,8,34415
10044,8,34416
10051,8,34417
10064,8,34418
10065,8,34419
10069,8,34420
10076,8,34421
10079,8,34422
10083,8,34423
10113,8,34424
10214,8,34425
10218,8,34426
10260,8,34427
10283,8,34428
10405,8,34429
10427,8,34430
10446,8,34431
10450,8,34432
10458,8,34433
10496,8,34434
10535,8,34435
10560,8,34436
10562,8,34437
10617,8,34438
10629,8,34439
10672,8,34440
10677,8,34441
10685,8,34442
10738,8,34443
10760,8,34444
10775,8,34445
10841,8,34446
10846,8,34447
10858,8,34448
10864,8,34449
10906,8,34450
10937,8,34451
10969,8,34452
10982,8,34453
10984,8,34454
10986,8,34455
10994,8,34456
10999,8,34457
11000,8,34458
11030,8,34459
11047,8,34460
11079,8,34461
11105,8,34462
11109,8,34463
11111,8,34464
11176,8,34465
11178,8,34466
11187,8,34467
11203,8,34468
11211,8,34469
11239,8,34470
11253,8,34471
11286,8,34472
11287,8,34473
11302,8,34474
11316,8,34475
11330,8,34476
11335,8,34477
11345,8,34478
11349,8,34479
11399,8,34480
11451,8,34481
11461,8,34482
11467,8,34483
11479,8,34484
11533,8,34485
11553,8,34486
11563,8,34487
11567,8,34488
11594,8,34489
11601,8,34490
11603,8,34491
11625,8,34492
11645,8,34493
11661,8,34494
11662,8,34495
11675,8,34496
11681,8,34497
11725,8,34498
11726,8,34499
11764,8,34500
11793,8,34501
11867,8,34502
11875,8,34503
11882,8,34504
11919,8,34505
11923,8,34506
11925,8,34507
11938,8,34508
11945,8,34509
11956,8,34510
11957,8,34511
11987,8,34512
11990,8,34513
12011,8,34514
12027,8,34515
12041,8,34516
12058,8,34517
12071,8,34518
12137,8,34519
12185,8,34520
12191,8,34521
12203,8,34522
12206,8,34523
12230,8,34524
12232,8,34525
12240,8,34526
12307,8,34527
12348,8,34528
12349,8,34529
12350,8,34530
12357,8,34531
12381,8,34532
12411,8,34533
12436,8,34534
12448,8,34535
12507,8,34536
12530,8,34537
12546,8,34538
12567,8,34539
12588,8,34540
12625,8,34541
12646,8,34542
12653,8,34543
12659,8,34544
12681,8,34545
12688,8,34546
12692,8,34547
12720,8,34548
12728,8,34549
12748,8,34550
12757,8,34551
12770,8,34552
12790,8,34553
12795,8,34554
12816,8,34555
12836,8,34556
12839,8,34557
12873,8,34558
12876,8,34559
12912,8,34560
12944,8,34561
12949,8,34562
12952,8,34563
13022,8,34564
13039,8,34565
13046,8,34566
13052,8,34567
13054,8,34568
13055,8,34569
13062,8,34570
13083,8,34571
13091,8,34572
13094,8,34573
13099,8,34574
13109,8,34575
13118,8,34576
13147,8,34577
13151,8,34578
13216,8,34579
13249,8,34580
13259,8,34581
13284,8,34582
13319,8,34583
13325,8,34584
13358,8,34585
13364,8,34586
13371,8,34587
13392,8,34588
13408,8,34589
13416,8,34590
13427,8,34591
13434,8,34592
13454,8,34593
13461,8,34594
13472,8,34595
13514,8,34596
13520,8,34597
13556,8,34598
13576,8,34599
13618,8,34600
13644,8,34601
13648,8,34602
13649,8,34603
13660,8,34604
13663,8,34605
13691,8,34606
13692,8,34607
13693,8,34608
13713,8,34609
13715,8,34610
13718,8,34611
13721,8,34612
13742,8,34613
13746,8,34614
13751,8,34615
13753,8,34616
13762,8,34617
13865,8,34618
13882,8,34619
13897,8,34620
13913,8,34621
13926,8,34622
13932,8,34623
13960,8,34624
13982,8,34625
13991,8,34626
13998,8,34627
14001,8,34628
14016,8,34629
14017,8,34630
14019,8,34631
14029,8,34632
14052,8,34633
14053,8,34634
14070,8,34635
14072,8,34636
14083,8,34637
14087,8,34638
14104,8,34639
14107,8,34640
14108,8,34641
14111,8,34642
14155,8,34643
14256,8,34644
14272,8,34645
14284,8,34646
14287,8,34647
14293,8,34648
14327,8,34649
14337,8,34650
14346,8,34651
14359,8,34652
14402,8,34653
14410,8,34654
14412,8,34655
14438,8,34656
14447,8,34657
14454,8,34658
14457,8,34659
14469,8,34660
14479,8,34661
14493,8,34662
14523,8,34663
14524,8,34664
14535,8,34665
14539,8,34666
14545,8,34667
14546,8,34668
14563,8,34669
14574,8,34670
14576,8,34671
14579,8,34672
14604,8,34673
14643,8,34674
14653,8,34675
14654,8,34676
14674,8,34677
14702,8,34678
14707,8,34679
14727,8,34680
14730,8,34681
14739,8,34682
14753,8,34683
14757,8,34684
14790,8,34685
14804,8,34686
14836,8,34687
14842,8,34688
14847,8,34689
14849,8,34690
14889,8,34691
14890,8,34692
14893,8,34693
14919,8,34694
14934,8,34695
14935,8,34696
14967,8,34697
14983,8,34698
14991,8,34699
15045,8,34700
15055,8,34701
15056,8,34702
15060,8,34703
15073,8,34704
15099,8,34705
15103,8,34706
15131,8,34707
15140,8,34708
15148,8,34709
15150,8,34710
15153,8,34711
15155,8,34712
15160,8,34713
15172,8,34714
15175,8,34715
15184,8,34716
15188,8,34717
15194,8,34718
15206,8,34719
15227,8,34720
15236,8,34721
15248,8,34722
15252,8,34723
15256,8,34724
15258,8,34725
15264,8,34726
15284,8,34727
15293,8,34728
15297,8,34729
15320,8,34730
15342,8,34731
15375,8,34732
15381,8,34733
15387,8,34734
15438,8,34735
15448,8,34736
15459,8,34737
15460,8,34738
15477,8,34739
15490,8,34740
15493,8,34741
15538,8,34742
15542,8,34743
15546,8,34744
15547,8,34745
15551,8,34746
15554,8,34747
15564,8,34748
15577,8,34749
15584,8,34750
15596,8,34751
15605,8,34752
15607,8,34753
15612,8,34754
15615,8,34755
15644,8,34756
15686,8,34757
15695,8,34758
15736,8,34759
15738,8,34760
15749,8,34761
15762,8,34762
15771,8,34763
15778,8,34764
15806,8,34765
15815,8,34766
15817,8,34767
15824,8,34768
15840,8,34769
15850,8,34770
15863,8,34771
15868,8,34772
15885,8,34773
15890,8,34774
15905,8,34775
15908,8,34776
15916,8,34777
15917,8,34778
15935,8,34779
15948,8,34780
15951,8,34781
15960,8,34782
15965,8,34783
15974,8,34784
15975,8,34785
15977,8,34786
15982,8,34787
16002,8,34788
16009,8,34789
16012,8,34790
16015,8,34791
16020,8,34792
16022,8,34793
16024,8,34794
16028,8,34795
16036,8,34796
16043,8,34797
16049,8,34798
16058,8,34799
16071,8,34800
16083,8,34801
16086,8,34802
16099,8,34803
16100,8,34804
16133,8,34805
16150,8,34806
16151,8,34807
16153,8,34808
16168,8,34809
16170,8,34810
16179,8,34811
16201,8,34812
16204,8,34813
16209,8,34814
16224,8,34815
16231,8,34816
16239,8,34817
16258,8,34818
16305,8,34819
16307,8,34820
16326,8,34821
16344,8,34822
16350,8,34823
16353,8,34824
16354,8,34825
16358,8,34826
16364,8,34827
16367,8,34828
16372,8,34829
16414,8,34830
16426,8,34831
16429,8,34832
16443,8,34833
16450,8,34834
16451,8,34835
16458,8,34836
16461,8,34837
16476,8,34838
16487,8,34839
16518,8,34840
16531,8,34841
16538,8,34842
16560,8,34843
16564,8,34844
16569,8,34845
16580,8,34846
16591,8,34847
16617,8,34848
16631,8,34849
16635,8,34850
16697,8,34851
16701,8,34852
16702,8,34853
16709,8,34854
16721,8,34855
16728,8,34856
16741,8,34857
16742,8,34858
16775,8,34859
16810,8,34860
16814,8,34861
16816,8,34862
16821,8,34863
16822,8,34864
16830,8,34865
16837,8,34866
16881,8,34867
16887,8,34868
16890,8,34869
16894,8,34870
16902,8,34871
16913,8,34872
16916,8,34873
16941,8,34874
16947,8,34875
16950,8,34876
16956,8,34877
17014,8,34878
17022,8,34879
17027,8,34880
17028,8,34881
17048,8,34882
17054,8,34883
17073,8,34884
17109,8,34885
17116,8,34886
17122,8,34887
17141,8,34888
17151,8,34889
17174,8,34890
17178,8,34891
17183,8,34892
17192,8,34893
17195,8,34894
17207,8,34895
17238,8,34896
17244,8,34897
17254,8,34898
17274,8,34899
17276,8,34900
17310,8,34901
17318,8,34902
17320,8,34903
17322,8,34904
17325,8,34905
17340,8,34906
17342,8,34907
17343,8,34908
17354,8,34909
17361,8,34910
17363,8,34911
17370,8,34912
17381,8,34913
17432,8,34914
17436,8,34915
17444,8,34916
17469,8,34917
17472,8,34918
17474,8,34919
17482,8,34920
17495,8,34921
17502,8,34922
17507,8,34923
17528,8,34924
17540,8,34925
17541,8,34926
17548,8,34927
17564,8,34928
17567,8,34929
17586,8,34930
17606,8,34931
17613,8,34932
17617,8,34933
17626,8,34934
17656,8,34935
17680,8,34936
17691,8,34937
17692,8,34938
17697,8,34939
17711,8,34940
17728,8,34941
17731,8,34942
17732,8,34943
17760,8,34944
17761,8,34945
17782,8,34946
17812,8,34947
17824,8,34948
17879,8,34949
17896,8,34950
17936,8,34951
17958,8,34952
17968,8,34953
17971,8,34954
17993,8,34955
18021,8,34956
18033,8,34957
18037,8,34958
18038,8,34959
18065,8,34960
18068,8,34961
18087,8,34962
18090,8,34963
18135,8,34964
18137,8,34965
18167,8,34966
18172,8,34967
18185,8,34968
18200,8,34969
18202,8,34970
18219,8,34971
18220,8,34972
18226,8,34973
18227,8,34974
18229,8,34975
18231,8,34976
18238,8,34977
18239,8,34978
18245,8,34979
18254,8,34980
18259,8,34981
18268,8,34982
18320,8,34983
18326,8,34984
18382,8,34985
18414,8,34986
18424,8,34987
18427,8,34988
18443,8,34989
18460,8,34990
18468,8,34991
18471,8,34992
18500,8,34993
18504,8,34994
18510,8,34995
18548,8,34996
18551,8,34997
18554,8,34998
18580,8,34999
18582,8,35000
18586,8,35001
18590,8,35002
18605,8,35003
18622,8,35004
18632,8,35005
18633,8,35006
18648,8,35007
18667,8,35008
18671,8,35009
18673,8,35010
18677,8,35011
18692,8,35012
18693,8,35013
18699,8,35014
18707,8,35015
18716,8,35016
18730,8,35017
18734,8,35018
18735,8,35019
18737,8,35020
18742,8,35021
18743,8,35022
18745,8,35023
18762,8,35024
18782,8,35025
18800,8,35026
18815,8,35027
18824,8,35028
18887,8,35029
18907,8,35030
18909,8,35031
18925,8,35032
18938,8,35033
18952,8,35034
18963,8,35035
18966,8,35036
18971,8,35037
18987,8,35038
18991,8,35039
18997,8,35040
18998,8,35041
19025,8,35042
19030,8,35043
19048,8,35044
19055,8,35045
19082,8,35046
19102,8,35047
19110,8,35048
19123,8,35049
19133,8,35050
19141,8,35051
19150,8,35052
19151,8,35053
19164,8,35054
19172,8,35055
19175,8,35056
19178,8,35057
19180,8,35058
19190,8,35059
19193,8,35060
19199,8,35061
19204,8,35062
19208,8,35063
19217,8,35064
19218,8,35065
19219,8,35066
19230,8,35067
19231,8,35068
19232,8,35069
19233,8,35070
19255,8,35071
19261,8,35072
19265,8,35073
19266,8,35074
19277,8,35075
19291,8,35076
19295,8,35077
19300,8,35078
19318,8,35079
19333,8,35080
19362,8,35081
19393,8,35082
19394,8,35083
19424,8,35084
19428,8,35085
19434,8,35086
19437,8,35087
19455,8,35088
19469,8,35089
19472,8,35090
19474,8,35091
19489,8,35092
19493,8,35093
19511,8,35094
19512,8,35095
19515,8,35096
19516,8,35097
19544,8,35098
19564,8,35099
19571,8,35100
19577,8,35101
19588,8,35102
19622,8,35103
19638,8,35104
19648,8,35105
19650,8,35106
19712,8,35107
19729,8,35108
19768,8,35109
19787,8,35110
19806,8,35111
19827,8,35112
19828,8,35113
19830,8,35114
19854,8,35115
19859,8,35116
19879,8,35117
19880,8,35118
19882,8,35119
19905,8,35120
19906,8,35121
19912,8,35122
19914,8,35123
19944,8,35124
19951,8,35125
19954,8,35126
19956,8,35127
19973,8,35128
19974,8,35129
19985,8,35130
19997,8,35131
20004,8,35132
20007,8,35133
20015,8,35134
20047,8,35135
20054,8,35136
20089,8,35137
20091,8,35138
20093,8,35139
20100,8,35140
20171,8,35141
20184,8,35142
20197,8,35143
20200,8,35144
20206,8,35145
20207,8,35146
20209,8,35147
20224,8,35148
20232,8,35149
20244,8,35150
20246,8,35151
20268,8,35152
20280,8,35153
20284,8,35154
20291,8,35155
20299,8,35156
20301,8,35157
20303,8,35158
20311,8,35159
20312,8,35160
20318,8,35161
20326,8,35162
20338,8,35163
20345,8,35164
20358,8,35165
20387,8,35166
20398,8,35167
20405,8,35168
20408,8,35169
20417,8,35170
20435,8,35171
20439,8,35172
20440,8,35173
20447,8,35174
20450,8,35175
20452,8,35176
20474,8,35177
20475,8,35178
20492,8,35179
20495,8,35180
20509,8,35181
20523,8,35182
20543,8,35183
20547,8,35184
20566,8,35185
20606,8,35186
20614,8,35187
20624,8,35188
20643,8,35189
20658,8,35190
20667,8,35191
20669,8,35192
20671,8,35193
20691,8,35194
20709,8,35195
20729,8,35196
20731,8,35197
20764,8,35198
20765,8,35199
20773,8,35200
20777,8,35201
20831,8,35202
20843,8,35203
20847,8,35204
20858,8,35205
20859,8,35206
20868,8,35207
20869,8,35208
20876,8,35209
20878,8,35210
20896,8,35211
20903,8,35212
20913,8,35213
20915,8,35214
20926,8,35215
20929,8,35216
20943,8,35217
20956,8,35218
20969,8,35219
20977,8,35220
21005,8,35221
21034,8,35222
21042,8,35223
21053,8,35224
21062,8,35225
21067,8,35226
21087,8,35227
21105,8,35228
21108,8,35229
21125,8,35230
21146,8,35231
21156,8,35232
21171,8,35233
21188,8,35234
21199,8,35235
21208,8,35236
21225,8,35237
21231,8,35238
21235,8,35239
21266,8,35240
21277,8,35241
21280,8,35242
21302,8,35243
21304,8,35244
21308,8,35245
21344,8,35246
21357,8,35247
21361,8,35248
21384,8,35249
21386,8,35250
21388,8,35251
21390,8,35252
21397,8,35253
21398,8,35254
21419,8,35255
21442,8,35256
21449,8,35257
21463,8,35258
21510,8,35259
21537,8,35260
21566,8,35261
21591,8,35262
21608,8,35263
21622,8,35264
21623,8,35265
21628,8,35266
21641,8,35267
21647,8,35268
21652,8,35269
21656,8,35270
21683,8,35271
21691,8,35272
21713,8,35273
21714,8,35274
21753,8,35275
21757,8,35276
21770,8,35277
21778,8,35278
21783,8,35279
21796,8,35280
21800,8,35281
21814,8,35282
21824,8,35283
21825,8,35284
21826,8,35285
21889,8,35286
21916,8,35287
21940,8,35288
21964,8,35289
21970,8,35290
21985,8,35291
21993,8,35292
22002,8,35293
22004,8,35294
22009,8,35295
22030,8,35296
22035,8,35297
22055,8,35298
22092,8,35299
22097,8,35300
22098,8,35301
22111,8,35302
22139,8,35303
22141,8,35304
22151,8,35305
22160,8,35306
22168,8,35307
22170,8,35308
22177,8,35309
22182,8,35310
22188,8,35311
22200,8,35312
22205,8,35313
22232,8,35314
22236,8,35315
22239,8,35316
22244,8,35317
22248,8,35318
22255,8,35319
22260,8,35320
22284,8,35321
22296,8,35322
22297,8,35323
22306,8,35324
22311,8,35325
22313,8,35326
22325,8,35327
22328,8,35328
22333,8,35329
22358,8,35330
22448,8,35331
22475,8,35332
22489,8,35333
22528,8,35334
22687,8,35335
22729,8,35336
22734,8,35337
22761,8,35338
22762,8,35339
22775,8,35340
22783,8,35341
22809,8,35342
22837,8,35343
22849,8,35344
22855,8,35345
22970,8,35346
23000,8,35347
23003,8,35348
23041,8,35349
23043,8,35350
23051,8,35351
23069,8,35352
23082,8,35353
23094,8,35354
23105,8,35355
23118,8,35356
23129,8,35357
23131,8,35358
23135,8,35359
23137,8,35360
23161,8,35361
23163,8,35362
23172,8,35363
23191,8,35364
23237,8,35365
23242,8,35366
23251,8,35367
23252,8,35368
23280,8,35369
23284,8,35370
23335,8,35371
23386,8,35372
23403,8,35373
23404,8,35374
23409,8,35375
23411,8,35376
23413,8,35377
23426,8,35378
23432,8,35379
23450,8,35380
23454,8,35381
23472,8,35382
23478,8,35383
23489,8,35384
23515,8,35385
23534,8,35386
23545,8,35387
23547,8,35388
23554,8,35389
23565,8,35390
23587,8,35391
23591,8,35392
23621,8,35393
23625,8,35394
23654,8,35395
23667,8,35396
23689,8,35397
23730,8,35398
23742,8,35399
23766,8,35400
23821,8,35401
23825,8,35402
23845,8,35403
23847,8,35404
23849,8,35405
23880,8,35406
23898,8,35407
23949,8,35408
23960,8,35409
23977,8,35410
24015,8,35411
24025,8,35412
24029,8,35413
24064,8,35414
24090,8,35415
24095,8,35416
24131,8,35417
24223,8,35418
24227,8,35419
24235,8,35420
24267,8,35421
24327,8,35422
24334,8,35423
24335,8,35424
24366,8,35425
24370,8,35426
24372,8,35427
24392,8,35428
24396,8,35429
24397,8,35430
24410,8,35431
24415,8,35432
24445,8,35433
24501,8,35434
24557,8,35435
24570,8,35436
24576,8,35437
24602,8,35438
24605,8,35439
24646,8,35440
24674,8,35441
24701,8,35442
24705,8,35443
24720,8,35444
24759,8,35445
24769,8,35446
24798,8,35447
24803,8,35448
24827,8,35449
24837,8,35450
24840,8,35451
24851,8,35452
24853,8,35453
24876,8,35454
24878,8,35455
24883,8,35456
24886,8,35457
24889,8,35458
24892,8,35459
24925,8,35460
24950,8,35461
24957,8,35462
24958,8,35463
24963,8,35464
25063,8,35465
25104,8,35466
25113,8,35467
25114,8,35468
25132,8,35469
25145,8,35470
25159,8,35471
25168,8,35472
25175,8,35473
25187,8,35474
25198,8,35475
25205,8,35476
25214,8,35477
25251,8,35478
25252,8,35479
25270,8,35480
25291,8,35481
25305,8,35482
25316,8,35483
25337,8,35484
25353,8,35485
25374,8,35486
25379,8,35487
25394,8,35488
25398,8,35489
25439,8,35490
25453,8,35491
25459,8,35492
25463,8,35493
25483,8,35494
25488,8,35495
25541,8,35496
25542,8,35497
25552,8,35498
25556,8,35499
25600,8,35500
25612,8,35501
25614,8,35502
25618,8,35503
25647,8,35504
25654,8,35505
25665,8,35506
25707,8,35507
25718,8,35508
25773,8,35509
25775,8,35510
25782,8,35511
25786,8,35512
25789,8,35513
25809,8,35514
25819,8,35515
25820,8,35516
25857,8,35517
25881,8,35518
25891,8,35519
25918,8,35520
25926,8,35521
25929,8,35522
25931,8,35523
25937,8,35524
25941,8,35525
25947,8,35526
25949,8,35527
25951,8,35528
25957,8,35529
25966,8,35530
25969,8,35531
25970,8,35532
25973,8,35533
25985,8,35534
26005,8,35535
26008,8,35536
26018,8,35537
26019,8,35538
26022,8,35539
26028,8,35540
26082,8,35541
26087,8,35542
26112,8,35543
26116,8,35544
26144,8,35545
26145,8,35546
26162,8,35547
26183,8,35548
26235,8,35549
26238,8,35550
26249,8,35551
26252,8,35552
26278,8,35553
26285,8,35554
26306,8,35555
26316,8,35556
26323,8,35557
26338,8,35558
26347,8,35559
26367,8,35560
26381,8,35561
26414,8,35562
26435,8,35563
26457,8,35564
26464,8,35565
26476,8,35566
26478,8,35567
26483,8,35568
26485,8,35569
26507,8,35570
26510,8,35571
26511,8,35572
26514,8,35573
26521,8,35574
26522,8,35575
26525,8,35576
26526,8,35577
26527,8,35578
26552,8,35579
26557,8,35580
26561,8,35581
26577,8,35582
26591,8,35583
26593,8,35584
26598,8,35585
26601,8,35586
26611,8,35587
26653,8,35588
26658,8,35589
26665,8,35590
26673,8,35591
26674,8,35592
26692,8,35593
26694,8,35594
26708,8,35595
26714,8,35596
26715,8,35597
26719,8,35598
26723,8,35599
26724,8,35600
26727,8,35601
26738,8,35602
26741,8,35603
26745,8,35604
26774,8,35605
26780,8,35606
26793,8,35607
26796,8,35608
26815,8,35609
26818,8,35610
26821,8,35611
26823,8,35612
26825,8,35613
26849,8,35614
26862,8,35615
26866,8,35616
26873,8,35617
26880,8,35618
26881,8,35619
26894,8,35620
26905,8,35621
26908,8,35622
26911,8,35623
26921,8,35624
26945,8,35625
26978,8,35626
26986,8,35627
26989,8,35628
27017,8,35629
27029,8,35630
27032,8,35631
27038,8,35632
27060,8,35633
27105,8,35634
27120,8,35635
27126,8,35636
27135,8,35637
27139,8,35638
27143,8,35639
27153,8,35640
27173,8,35641
27174,8,35642
27176,8,35643
27205,8,35644
27220,8,35645
27254,8,35646
27261,8,35647
27282,8,35648
27284,8,35649
27286,8,35650
27295,8,35651
27339,8,35652
27349,8,35653
27378,8,35654
27383,8,35655
27403,8,35656
27410,8,35657
27413,8,35658
27430,8,35659
27462,8,35660
27473,8,35661
27525,8,35662
27541,8,35663
27560,8,35664
27563,8,35665
27564,8,35666
27577,8,35667
27579,8,35668
27605,8,35669
27635,8,35670
27639,8,35671
27658,8,35672
27667,8,35673
27672,8,35674
27685,8,35675
27687,8,35676
27693,8,35677
27695,8,35678
27700,8,35679
27713,8,35680
27714,8,35681
27716,8,35682
27726,8,35683
27727,8,35684
27730,8,35685
27739,8,35686
27748,8,35687
27765,8,35688
27778,8,35689
27784,8,35690
27804,8,35691
27806,8,35692
27812,8,35693
27821,8,35694
27865,8,35695
27867,8,35696
27871,8,35697
27892,8,35698
27924,8,35699
27926,8,35700
27936,8,35701
27943,8,35702
27953,8,35703
27959,8,35704
27971,8,35705
27977,8,35706
27978,8,35707
27992,8,35708
27994,8,35709
27999,8,35710
28000,8,35711
28007,8,35712
28011,8,35713
28049,8,35714
28052,8,35715
28087,8,35716
28115,8,35717
28184,8,35718
28227,8,35719
28246,8,35720
28253,8,35721
28255,8,35722
28267,8,35723
28284,8,35724
28293,8,35725
28309,8,35726
28313,8,35727
28318,8,35728
28334,8,35729
28338,8,35730
28349,8,35731
28357,8,35732
28368,8,35733
28382,8,35734
28388,8,35735
28389,8,35736
28405,8,35737
28425,8,35738
28426,8,35739
28427,8,35740
28440,8,35741
28454,8,35742
28459,8,35743
28464,8,35744
28467,8,35745
28474,8,35746
28485,8,35747
28519,8,35748
28532,8,35749
28541,8,35750
28546,8,35751
28548,8,35752
28549,8,35753
28561,8,35754
28564,8,35755
28582,8,35756
28584,8,35757
28588,8,35758
28589,8,35759
28593,8,35760
28605,8,35761
28607,8,35762
28608,8,35763
28618,8,35764
28645,8,35765
28646,8,35766
28651,8,35767
28656,8,35768
28658,8,35769
28671,8,35770
28686,8,35771
28690,8,35772
28711,8,35773
28713,8,35774
28738,8,35775
28758,8,35776
28796,8,35777
28842,8,35778
28843,8,35779
28845,8,35780
28857,8,35781
28862,8,35782
28877,8,35783
28880,8,35784
28902,8,35785
28907,8,35786
28909,8,35787
28922,8,35788
28938,8,35789
28954,8,35790
28959,8,35791
28961,8,35792
28964,8,35793
29001,8,35794
29029,8,35795
29033,8,35796
29040,8,35797
29042,8,35798
29044,8,35799
29060,8,35800
29068,8,35801
29069,8,35802
29070,8,35803
29081,8,35804
29101,8,35805
29110,8,35806
29111,8,35807
29123,8,35808
29126,8,35809
29133,8,35810
29134,8,35811
29145,8,35812
29147,8,35813
29148,8,35814
29155,8,35815
29161,8,35816
29226,8,35817
29227,8,35818
29247,8,35819
29249,8,35820
29251,8,35821
29252,8,35822
29259,8,35823
29285,8,35824
29288,8,35825
29301,8,35826
29310,8,35827
29339,8,35828
29359,8,35829
29383,8,35830
29410,8,35831
29440,8,35832
29443,8,35833
29447,8,35834
29450,8,35835
29471,8,35836
29492,8,35837
29495,8,35838
29498,8,35839
29559,8,35840
29591,8,35841
29594,8,35842
29626,8,35843
29643,8,35844
29651,8,35845
29665,8,35846
29667,8,35847
29672,8,35848
29673,8,35849
29680,8,35850
29685,8,35851
29697,8,35852
29706,8,35853
29714,8,35854
29718,8,35855
29745,8,35856
29747,8,35857
29752,8,35858
29757,8,35859
29767,8,35860
29783,8,35861
29787,8,35862
29834,8,35863
29863,8,35864
29878,8,35865
29899,8,35866
29904,8,35867
29905,8,35868
29913,8,35869
29914,8,35870
29927,8,35871
29933,8,35872
29948,8,35873
29993,8,35874
30003,8,35875
30011,8,35876
30014,8,35877
30017,8,35878
30033,8,35879
30041,8,35880
30048,8,35881
30052,8,35882
30061,8,35883
30062,8,35884
30066,8,35885
30071,8,35886
30073,8,35887
30075,8,35888
30076,8,35889
30078,8,35890
30084,8,35891
30094,8,35892
30104,8,35893
30113,8,35894
30118,8,35895
30124,8,35896
30135,8,35897
30142,8,35898
30144,8,35899
30146,8,35900
30153,8,35901
30155,8,35902
30157,8,35903
30159,8,35904
30165,8,35905
30169,8,35906
30195,8,35907
30202,8,35908
30212,8,35909
30220,8,35910
30226,8,35911
30250,8,35912
30282,8,35913
30288,8,35914
30294,8,35915
30301,8,35916
30317,8,35917
30323,8,35918
30324,8,35919
30327,8,35920
30329,8,35921
30340,8,35922
30344,8,35923
30354,8,35924
30356,8,35925
30364,8,35926
30374,8,35927
30378,8,35928
30382,8,35929
30384,8,35930
30393,8,35931
30396,8,35932
30407,8,35933
30411,8,35934
30422,8,35935
30427,8,35936
30429,8,35937
30440,8,35938
30442,8,35939
30452,8,35940
30467,8,35941
30473,8,35942
30487,8,35943
30491,8,35944
30499,8,35945
30517,8,35946
30521,8,35947
30532,8,35948
30540,8,35949
30547,8,35950
30549,8,35951
30554,8,35952
30575,8,35953
30609,8,35954
30613,8,35955
30616,8,35956
30618,8,35957
30626,8,35958
30638,8,35959
30643,8,35960
30645,8,35961
30649,8,35962
30677,8,35963
30683,8,35964
30685,8,35965
30693,8,35966
30695,8,35967
30719,8,35968
30735,8,35969
30739,8,35970
30750,8,35971
30764,8,35972
30766,8,35973
30767,8,35974
30796,8,35975
30797,8,35976
30808,8,35977
30813,8,35978
30824,8,35979
30826,8,35980
30838,8,35981
30841,8,35982
30858,8,35983
30866,8,35984
30868,8,35985
30873,8,35986
30881,8,35987
30893,8,35988
30898,8,35989
30901,8,35990
30913,8,35991
30933,8,35992
30939,8,35993
30943,8,35994
30944,8,35995
30955,8,35996
30960,8,35997
30986,8,35998
30988,8,35999
30990,8,36000
31000,8,36001
31016,8,36002
31038,8,36003
31054,8,36004
31059,8,36005
31064,8,36006
31079,8,36007
31099,8,36008
31112,8,36009
31116,8,36010
31121,8,36011
31126,8,36012
31131,8,36013
31147,8,36014
31156,8,36015
31174,8,36016
31179,8,36017
31180,8,36018
31184,8,36019
31190,8,36020
31195,8,36021
31198,8,36022
31230,8,36023
31233,8,36024
31248,8,36025
31258,8,36026
31266,8,36027
31269,8,36028
31284,8,36029
31292,8,36030
31298,8,36031
31310,8,36032
31313,8,36033
31317,8,36034
31329,8,36035
31335,8,36036
31336,8,36037
31343,8,36038
31347,8,36039
31352,8,36040
31377,8,36041
31379,8,36042
31380,8,36043
31392,8,36044
31396,8,36045
31401,8,36046
31405,8,36047
31407,8,36048
31414,8,36049
31446,8,36050
31455,8,36051
31456,8,36052
31490,8,36053
31497,8,36054
31509,8,36055
31514,8,36056
31515,8,36057
31517,8,36058
31518,8,36059
31519,8,36060
31520,8,36061
31521,8,36062
31527,8,36063
31543,8,36064
31545,8,36065
31547,8,36066
31550,8,36067
31551,8,36068
31562,8,36069
31566,8,36070
31585,8,36071
31590,8,36072
31591,8,36073
31604,8,36074
31618,8,36075
31625,8,36076
31642,8,36077
31650,8,36078
31651,8,36079
31654,8,36080
31657,8,36081
31661,8,36082
31680,8,36083
31686,8,36084
31694,8,36085
31696,8,36086
31697,8,36087
31707,8,36088
31708,8,36089
31732,8,36090
31735,8,36091
31736,8,36092
31752,8,36093
31766,8,36094
31770,8,36095
31802,8,36096
31807,8,36097
31812,8,36098
31814,8,36099
31831,8,36100
31832,8,36101
31836,8,36102
31855,8,36103
31882,8,36104
31883,8,36105
31898,8,36106
31904,8,36107
31916,8,36108
31939,8,36109
31941,8,36110
31942,8,36111
31944,8,36112
31977,8,36113
31979,8,36114
31980,8,36115
31981,8,36116
31984,8,36117
31986,8,36118
31988,8,36119
31992,8,36120
32008,8,36121
32011,8,36122
32017,8,36123
32021,8,36124
32025,8,36125
32038,8,36126
32059,8,36127
32060,8,36128
32063,8,36129
32073,8,36130
32086,8,36131
32090,8,36132
32109,8,36133
32116,8,36134
32120,8,36135
32122,8,36136
32129,8,36137
32135,8,36138
32141,8,36139
32154,8,36140
32194,8,36141
32196,8,36142
32201,8,36143
32209,8,36144
32218,8,36145
32228,8,36146
32231,8,36147
32244,8,36148
32259,8,36149
32269,8,36150
32277,8,36151
32278,8,36152
32286,8,36153
32288,8,36154
32289,8,36155
32294,8,36156
32304,8,36157
32327,8,36158
32345,8,36159
32359,8,36160
32377,8,36161
32378,8,36162
32398,8,36163
32402,8,36164
32409,8,36165
32413,8,36166
32419,8,36167
32423,8,36168
32440,8,36169
32441,8,36170
32443,8,36171
32452,8,36172
32455,8,36173
32466,8,36174
32481,8,36175
32484,8,36176
32487,8,36177
32491,8,36178
32521,8,36179
32522,8,36180
32523,8,36181
32536,8,36182
32537,8,36183
32549,8,36184
32553,8,36185
32576,8,36186
32588,8,36187
32590,8,36188
32591,8,36189
32594,8,36190
32608,8,36191
32632,8,36192
32639,8,36193
32647,8,36194
32661,8,36195
32663,8,36196
32666,8,36197
32672,8,36198
32673,8,36199
32678,8,36200
32692,8,36201
32705,8,36202
32708,8,36203
32710,8,36204
32726,8,36205
32737,8,36206
32749,8,36207
32751,8,36208
32762,8,36209
32763,8,36210
32780,8,36211
32801,8,36212
32807,8,36213
32822,8,36214
32827,8,36215
32838,8,36216
32851,8,36217
32858,8,36218
32894,8,36219
32913,8,36220
32923,8,36221
32927,8,36222
32946,8,36223
32951,8,36224
32954,8,36225
32965,8,36226
32979,8,36227
32981,8,36228
32995,8,36229
32999,8,36230
33000,8,36231
33005,8,36232
33006,8,36233
33015,8,36234
33018,8,36235
33019,8,36236
33025,8,36237
33039,8,36238
33044,8,36239
33052,8,36240
33066,8,36241
33073,8,36242
33111,8,36243
33121,8,36244
33131,8,36245
33159,8,36246
33162,8,36247
33163,8,36248
33166,8,36249
33171,8,36250
33205,8,36251
33227,8,36252
33230,8,36253
33236,8,36254
33237,8,36255
33245,8,36256
33247,8,36257
33266,8,36258
33285,8,36259
33292,8,36260
33302,8,36261
33308,8,36262
33323,8,36263
33326,8,36264
33334,8,36265
33339,8,36266
33343,8,36267
33355,8,36268
33356,8,36269
33357,8,36270
33362,8,36271
33364,8,36272
33367,8,36273
33374,8,36274
33386,8,36275
33388,8,36276
33391,8,36277
33406,8,36278
33408,8,36279
33429,8,36280
33434,8,36281
33446,8,36282
33462,8,36283
33466,8,36284
33468,8,36285
33474,8,36286
33480,8,36287
33498,8,36288
33506,8,36289
33507,8,36290
33510,8,36291
33525,8,36292
33533,8,36293
33534,8,36294
33538,8,36295
33545,8,36296
33546,8,36297
33547,8,36298
33549,8,36299
33552,8,36300
33558,8,36301
33582,8,36302
33594,8,36303
33599,8,36304
33600,8,36305
33602,8,36306
33604,8,36307
33613,8,36308
33616,8,36309
33620,8,36310
33634,8,36311
33646,8,36312
33654,8,36313
33661,8,36314
33663,8,36315
33668,8,36316
33671,8,36317
33684,8,36318
33685,8,36319
33696,8,36320
33703,8,36321
33705,8,36322
33713,8,36323
33720,8,36324
33738,8,36325
33740,8,36326
33743,8,36327
33747,8,36328
33748,8,36329
33755,8,36330
33799,8,36331
33806,8,36332
33816,8,36333
33843,8,36334
33876,8,36335
33879,8,36336
33882,8,36337
33883,8,36338
33888,8,36339
33893,8,36340
33894,8,36341
33912,8,36342
33919,8,36343
33952,8,36344
33953,8,36345
33957,8,36346
33960,8,36347
33969,8,36348
33974,8,36349
33981,8,36350
33985,8,36351
33986,8,36352
33989,8,36353
33993,8,36354
34021,8,36355
34029,8,36356
34045,8,36357
34047,8,36358
34052,8,36359
34053,8,36360
34056,8,36361
34058,8,36362
34059,8,36363
34069,8,36364
34071,8,36365
34081,8,36366
34084,8,36367
34110,8,36368
34118,8,36369
34122,8,36370
34132,8,36371
34134,8,36372
34145,8,36373
34149,8,36374
34156,8,36375
34159,8,36376
34176,8,36377
34201,8,36378
34216,8,36379
34219,8,36380
34229,8,36381
34241,8,36382
34262,8,36383
34266,8,36384
34272,8,36385
34288,8,36386
34297,8,36387
34299,8,36388
34301,8,36389
34302,8,36390
34303,8,36391
34304,8,36392
34305,8,36393
34325,8,36394
34332,8,36395
34344,8,36396
34348,8,36397
34350,8,36398
34354,8,36399
34363,8,36400
34394,8,36401
34405,8,36402
34412,8,36403
34420,8,36404
34431,8,36405
34432,8,36406
34433,8,36407
34435,8,36408
34437,8,36409
34469,8,36410
34470,8,36411
34480,8,36412
34488,8,36413
34491,8,36414
34495,8,36415
34505,8,36416
34506,8,36417
34520,8,36418
34521,8,36419
34536,8,36420
34547,8,36421
34548,8,36422
34549,8,36423
34570,8,36424
34578,8,36425
34580,8,36426
34585,8,36427
34593,8,36428
34615,8,36429
34645,8,36430
34652,8,36431
34666,8,36432
34672,8,36433
34679,8,36434
34697,8,36435
34712,8,36436
34715,8,36437
34717,8,36438
34718,8,36439
34736,8,36440
34739,8,36441
34752,8,36442
34757,8,36443
34763,8,36444
34765,8,36445
34778,8,36446
34808,8,36447
34811,8,36448
34813,8,36449
34819,8,36450
34831,8,36451
34832,8,36452
34837,8,36453
34855,8,36454
34872,8,36455
34880,8,36456
34885,8,36457
34888,8,36458
34893,8,36459
34894,8,36460
34902,8,36461
34916,8,36462
34920,8,36463
34955,8,36464
34957,8,36465
34983,8,36466
34984,8,36467
34987,8,36468
34997,8,36469
35003,8,36470
35014,8,36471
35025,8,36472
35026,8,36473
35029,8,36474
35031,8,36475
35035,8,36476
35043,8,36477
35052,8,36478
35053,8,36479
35060,8,36480
35074,8,36481
35082,8,36482
35084,8,36483
35088,8,36484
35089,8,36485
35102,8,36486
35108,8,36487
35114,8,36488
35141,8,36489
35144,8,36490
35145,8,36491
35146,8,36492
35153,8,36493
35155,8,36494
35159,8,36495
35170,8,36496
35192,8,36497
35195,8,36498
35197,8,36499
35205,8,36500
35215,8,36501
35218,8,36502
35229,8,36503
35230,8,36504
35232,8,36505
35236,8,36506
35239,8,36507
35254,8,36508
35264,8,36509
35265,8,36510
35271,8,36511
35274,8,36512
35277,8,36513
35298,8,36514
35305,8,36515
35307,8,36516
35315,8,36517
35317,8,36518
35320,8,36519
35326,8,36520
35345,8,36521
35349,8,36522
35363,8,36523
35366,8,36524
35380,8,36525
35383,8,36526
35390,8,36527
35392,8,36528
35394,8,36529
35419,8,36530
35425,8,36531
35433,8,36532
35434,8,36533
35436,8,36534
35437,8,36535
35456,8,36536
35463,8,36537
35511,8,36538
35513,8,36539
35519,8,36540
35522,8,36541
35526,8,36542
35546,8,36543
35552,8,36544
35560,8,36545
35574,8,36546
35582,8,36547
35598,8,36548
35608,8,36549
35612,8,36550
35613,8,36551
35628,8,36552
35632,8,36553
35636,8,36554
35643,8,36555
35647,8,36556
35648,8,36557
35653,8,36558
35666,8,36559
35675,8,36560
35678,8,36561
35682,8,36562
35685,8,36563
35703,8,36564
35705,8,36565
35709,8,36566
35715,8,36567
35743,8,36568
35747,8,36569
35755,8,36570
35760,8,36571
35764,8,36572
35765,8,36573
35768,8,36574
35771,8,36575
35774,8,36576
35780,8,36577
35781,8,36578
35790,8,36579
35796,8,36580
35801,8,36581
35808,8,36582
35813,8,36583
35816,8,36584
35824,8,36585
35830,8,36586
35853,8,36587
35858,8,36588
35863,8,36589
35868,8,36590
35869,8,36591
35886,8,36592
35888,8,36593
35902,8,36594
35904,8,36595
35906,8,36596
35907,8,36597
35912,8,36598
35916,8,36599
35926,8,36600
35928,8,36601
35954,8,36602
35956,8,36603
35959,8,36604
35965,8,36605
35966,8,36606
35967,8,36607
35968,8,36608
35973,8,36609
35975,8,36610
35987,8,36611
35994,8,36612
35998,8,36613
36001,8,36614
36004,8,36615
36007,8,36616
36016,8,36617
36026,8,36618
36036,8,36619
36038,8,36620
36046,8,36621
36048,8,36622
36054,8,36623
36055,8,36624
36072,8,36625
36076,8,36626
36086,8,36627
36088,8,36628
36093,8,36629
36094,8,36630
36098,8,36631
36099,8,36632
36103,8,36633
36108,8,36634
36111,8,36635
36115,8,36636
36125,8,36637
36133,8,36638
36169,8,36639
36179,8,36640
36183,8,36641
36200,8,36642
36213,8,36643
36220,8,36644
36231,8,36645
36235,8,36646
36246,8,36647
36262,8,36648
36267,8,36649
36280,8,36650
36283,8,36651
36294,8,36652
36297,8,36653
36301,8,36654
36302,8,36655
36309,8,36656
36316,8,36657
36336,8,36658
36346,8,36659
36347,8,36660
36365,8,36661
36368,8,36662
36391,8,36663
36399,8,36664
36405,8,36665
36428,8,36666
36436,8,36667
36438,8,36668
36441,8,36669
36452,8,36670
36461,8,36671
36462,8,36672
36463,8,36673
36475,8,36674
36488,8,36675
36513,8,36676
36517,8,36677
36519,8,36678
36523,8,36679
36527,8,36680
36528,8,36681
36530,8,36682
36534,8,36683
36568,8,36684
36582,8,36685
36586,8,36686
36590,8,36687
36614,8,36688
36626,8,36689
36647,8,36690
36648,8,36691
36650,8,36692
36651,8,36693
36656,8,36694
36657,8,36695
36659,8,36696
36678,8,36697
36681,8,36698
36682,8,36699
36684,8,36700
36690,8,36701
36698,8,36702
36699,8,36703
36707,8,36704
36728,8,36705
36734,8,36706
36740,8,36707
36756,8,36708
36759,8,36709
36765,8,36710
36768,8,36711
36769,8,36712
36775,8,36713
36777,8,36714
36785,8,36715
36787,8,36716
36791,8,36717
36817,8,36718
36818,8,36719
36819,8,36720
36832,8,36721
36835,8,36722
36842,8,36723
36846,8,36724
36849,8,36725
36859,8,36726
36864,8,36727
36884,8,36728
36891,8,36729
36893,8,36730
36897,8,36731
36912,8,36732
36917,8,36733
36924,8,36734
36929,8,36735
36931,8,36736
36949,8,36737
36952,8,36738
36959,8,36739
36964,8,36740
36979,8,36741
36980,8,36742
36981,8,36743
36982,8,36744
36983,8,36745
36984,8,36746
36985,8,36747
36989,8,36748
36997,8,36749
37005,8,36750
37006,8,36751
37033,8,36752
37036,8,36753
37037,8,36754
37039,8,36755
37045,8,36756
37049,8,36757
37058,8,36758
37066,8,36759
37088,8,36760
37093,8,36761
37099,8,36762
37106,8,36763
37117,8,36764
37122,8,36765
37129,8,36766
37134,8,36767
37135,8,36768
37147,8,36769
37155,8,36770
37162,8,36771
37163,8,36772
37169,8,36773
37179,8,36774
37183,8,36775
37204,8,36776
37224,8,36777
37250,8,36778
37254,8,36779
37255,8,36780
37257,8,36781
37258,8,36782
37260,8,36783
37261,8,36784
37266,8,36785
37277,8,36786
37283,8,36787
37323,8,36788
37328,8,36789
37339,8,36790
37340,8,36791
37344,8,36792
37347,8,36793
37362,8,36794
37368,8,36795
37372,8,36796
37401,8,36797
37403,8,36798
37407,8,36799
37416,8,36800
37419,8,36801
37426,8,36802
37431,8,36803
37432,8,36804
37435,8,36805
37437,8,36806
37440,8,36807
37441,8,36808
37456,8,36809
37458,8,36810
37467,8,36811
37484,8,36812
37496,8,36813
37502,8,36814
37522,8,36815
37524,8,36816
37540,8,36817
37541,8,36818
37542,8,36819
37546,8,36820
37548,8,36821
37550,8,36822
37564,8,36823
37565,8,36824
37581,8,36825
37588,8,36826
37590,8,36827
37591,8,36828
37597,8,36829
37603,8,36830
37606,8,36831
37627,8,36832
37641,8,36833
37645,8,36834
37650,8,36835
37654,8,36836
37664,8,36837
37695,8,36838
37727,8,36839
37728,8,36840
37733,8,36841
37735,8,36842
37739,8,36843
37744,8,36844
37756,8,36845
37761,8,36846
37763,8,36847
37780,8,36848
37782,8,36849
37791,8,36850
37803,8,36851
37808,8,36852
37816,8,36853
37824,8,36854
37854,8,36855
37855,8,36856
37859,8,36857
37866,8,36858
37875,8,36859
37878,8,36860
37893,8,36861
37906,8,36862
37909,8,36863
37925,8,36864
37928,8,36865
37930,8,36866
37934,8,36867
37936,8,36868
37939,8,36869
37947,8,36870
37953,8,36871
37954,8,36872
37956,8,36873
37959,8,36874
37968,8,36875
37969,8,36876
37973,8,36877
37981,8,36878
37985,8,36879
37988,8,36880
37998,8,36881
37999,8,36882
38007,8,36883
38010,8,36884
38011,8,36885
38017,8,36886
38018,8,36887
38020,8,36888
38027,8,36889
38030,8,36890
38032,8,36891
38046,8,36892
38050,8,36893
38053,8,36894
38056,8,36895
38067,8,36896
38071,8,36897
38072,8,36898
38077,8,36899
38094,8,36900
38096,8,36901
38116,8,36902
38123,8,36903
38130,8,36904
38158,8,36905
38171,8,36906
38172,8,36907
38181,8,36908
38187,8,36909
38195,8,36910
38197,8,36911
38198,8,36912
38202,8,36913
38221,8,36914
38227,8,36915
38246,8,36916
38247,8,36917
38268,8,36918
38278,8,36919
38279,8,36920
38281,8,36921
38285,8,36922
38288,8,36923
38289,8,36924
38296,8,36925
38297,8,36926
38304,8,36927
38316,8,36928
38326,8,36929
38329,8,36930
38331,8,36931
38333,8,36932
38348,8,36933
38354,8,36934
38363,8,36935
38367,8,36936
38368,8,36937
38376,8,36938
38383,8,36939
38385,8,36940
38416,8,36941
38429,8,36942
38469,8,36943
38483,8,36944
38488,8,36945
38493,8,36946
38512,8,36947
38516,8,36948
38517,8,36949
38520,8,36950
38531,8,36951
38534,8,36952
38535,8,36953
38537,8,36954
38548,8,36955
38550,8,36956
38551,8,36957
38555,8,36958
38557,8,36959
38558,8,36960
38560,8,36961
38564,8,36962
38565,8,36963
38566,8,36964
38572,8,36965
38576,8,36966
38577,8,36967
38583,8,36968
38592,8,36969
38593,8,36970
38600,8,36971
38601,8,36972
38603,8,36973
38605,8,36974
38610,8,36975
38611,8,36976
38632,8,36977
38633,8,36978
38634,8,36979
38640,8,36980
38641,8,36981
38646,8,36982
38661,8,36983
38665,8,36984
38669,8,36985
38671,8,36986
38674,8,36987
38681,8,36988
38695,8,36989
38699,8,36990
38731,8,36991
38732,8,36992
38736,8,36993
38738,8,36994
38740,8,36995
38751,8,36996
38755,8,36997
38760,8,36998
38761,8,36999
38765,8,37000
38785,8,37001
38788,8,37002
38794,8,37003
38799,8,37004
38800,8,37005
38809,8,37006
38828,8,37007
38836,8,37008
38853,8,37009
38860,8,37010
38866,8,37011
38867,8,37012
38869,8,37013
38881,8,37014
38886,8,37015
38887,8,37016
38893,8,37017
38900,8,37018
38902,8,37019
38905,8,37020
38908,8,37021
38918,8,37022
38924,8,37023
38931,8,37024
38939,8,37025
38945,8,37026
38953,8,37027
38954,8,37028
38988,8,37029
39001,8,37030
39005,8,37031
39011,8,37032
39016,8,37033
39024,8,37034
39046,8,37035
39047,8,37036
39048,8,37037
39068,8,37038
39078,8,37039
39085,8,37040
39095,8,37041
39099,8,37042
39112,8,37043
39119,8,37044
39123,8,37045
39125,8,37046
39138,8,37047
39139,8,37048
39140,8,37049
39153,8,37050
39155,8,37051
39173,8,37052
39174,8,37053
39175,8,37054
39177,8,37055
39191,8,37056
39193,8,37057
39194,8,37058
39212,8,37059
39215,8,37060
39219,8,37061
39225,8,37062
39231,8,37063
39232,8,37064
39233,8,37065
39249,8,37066
39251,8,37067
39254,8,37068
39257,8,37069
39259,8,37070
39262,8,37071
39279,8,37072
39294,8,37073
39295,8,37074
39305,8,37075
39308,8,37076
39309,8,37077
39332,8,37078
39338,8,37079
39365,8,37080
39366,8,37081
39370,8,37082
39374,8,37083
39376,8,37084
39381,8,37085
39388,8,37086
39392,8,37087
39393,8,37088
39399,8,37089
39406,8,37090
39410,8,37091
39427,8,37092
39429,8,37093
39432,8,37094
39433,8,37095
39453,8,37096
39456,8,37097
39460,8,37098
39463,8,37099
39464,8,37100
39470,8,37101
39493,8,37102
39498,8,37103
39503,8,37104
39513,8,37105
39536,8,37106
39539,8,37107
39546,8,37108
39550,8,37109
39559,8,37110
39569,8,37111
39573,8,37112
39577,8,37113
39581,8,37114
39593,8,37115
39594,8,37116
39606,8,37117
39607,8,37118
39610,8,37119
39613,8,37120
39617,8,37121
39640,8,37122
39647,8,37123
39648,8,37124
39654,8,37125
39663,8,37126
39667,8,37127
39695,8,37128
39704,8,37129
39706,8,37130
39711,8,37131
39737,8,37132
39745,8,37133
39748,8,37134
39751,8,37135
39758,8,37136
39773,8,37137
39782,8,37138
39786,8,37139
39795,8,37140
39797,8,37141
39800,8,37142
39831,8,37143
39832,8,37144
39840,8,37145
39842,8,37146
39845,8,37147
39868,8,37148
39874,8,37149
39875,8,37150
39877,8,37151
39894,8,37152
39898,8,37153
39901,8,37154
39902,8,37155
39904,8,37156
39905,8,37157
39907,8,37158
39912,8,37159
39914,8,37160
39916,8,37161
39929,8,37162
39933,8,37163
39937,8,37164
39949,8,37165
39951,8,37166
39952,8,37167
39955,8,37168
39966,8,37169
39967,8,37170
39971,8,37171
39974,8,37172
39980,8,37173
39985,8,37174
39987,8,37175
40000,8,37176
40011,8,37177
40014,8,37178
40015,8,37179
40030,8,37180
40041,8,37181
40042,8,37182
40050,8,37183
40051,8,37184
40052,8,37185
40057,8,37186
40059,8,37187
40060,8,37188
40063,8,37189
40069,8,37190
40086,8,37191
40095,8,37192
40098,8,37193
40102,8,37194
40104,8,37195
40110,8,37196
40118,8,37197
40126,8,37198
40138,8,37199
40146,8,37200
40151,8,37201
40167,8,37202
40169,8,37203
40192,8,37204
40198,8,37205
40201,8,37206
40204,8,37207
40207,8,37208
40211,8,37209
40217,8,37210
40223,8,37211
40224,8,37212
40228,8,37213
40233,8,37214
40241,8,37215
40244,8,37216
40262,8,37217
40264,8,37218
40267,8,37219
40269,8,37220
40271,8,37221
40287,8,37222
40292,8,37223
40303,8,37224
40306,8,37225
40310,8,37226
40311,8,37227
40312,8,37228
40313,8,37229
40316,8,37230
40332,8,37231
40344,8,37232
40346,8,37233
40354,8,37234
40365,8,37235
40368,8,37236
40379,8,37237
40385,8,37238
40387,8,37239
40394,8,37240
40402,8,37241
40404,8,37242
40413,8,37243
40430,8,37244
40434,8,37245
40440,8,37246
40441,8,37247
40442,8,37248
40443,8,37249
40445,8,37250
40452,8,37251
40454,8,37252
40463,8,37253
40467,8,37254
40469,8,37255
40473,8,37256
40475,8,37257
40478,8,37258
40480,8,37259
40482,8,37260
40483,8,37261
40486,8,37262
40489,8,37263
40502,8,37264
40511,8,37265
40513,8,37266
40515,8,37267
40516,8,37268
40524,8,37269
40528,8,37270
40529,8,37271
40530,8,37272
40542,8,37273
40549,8,37274
40557,8,37275
40559,8,37276
40564,8,37277
40568,8,37278
40571,8,37279
40578,8,37280
40586,8,37281
40590,8,37282
40594,8,37283
40597,8,37284
40617,8,37285
40627,8,37286
40636,8,37287
40637,8,37288
40648,8,37289
40657,8,37290
40681,8,37291
40691,8,37292
40702,8,37293
40706,8,37294
40721,8,37295
40724,8,37296
40734,8,37297
40737,8,37298
40739,8,37299
40754,8,37300
40757,8,37301
40761,8,37302
40766,8,37303
40773,8,37304
40774,8,37305
40777,8,37306
40778,8,37307
40784,8,37308
40796,8,37309
40800,8,37310
40814,8,37311
40823,8,37312
40836,8,37313
40839,8,37314
40848,8,37315
40850,8,37316
40858,8,37317
40886,8,37318
40887,8,37319
40888,8,37320
40890,8,37321
40894,8,37322
40896,8,37323
40897,8,37324
40915,8,37325
40927,8,37326
40975,8,37327
606,7,37328
863,7,37329
895,7,37330
897,7,37331
900,7,37332
939,7,37333
956,7,37334
1058,7,37335
1234,7,37336
1273,7,37337
1280,7,37338
1768,7,37339
1989,7,37340
2003,7,37341
2164,7,37342
2209,7,37343
2311,7,37344
2313,7,37345
2376,7,37346
2386,7,37347
2476,7,37348
2506,7,37349
2620,7,37350
2698,7,37351
2710,7,37352
2711,7,37353
2752,7,37354
2764,7,37355
2778,7,37356
2789,7,37357
2872,7,37358
2874,7,37359
2950,7,37360
2984,7,37361
2998,7,37362
3005,7,37363
3018,7,37364
3160,7,37365
3163,7,37366
3166,7,37367
3272,7,37368
3274,7,37369
3279,7,37370
3290,7,37371
3291,7,37372
3338,7,37373
3343,7,37374
3360,7,37375
3460,7,37376
3514,7,37377
3576,7,37378
3646,7,37379
3651,7,37380
3656,7,37381
3666,7,37382
3780,7,37383
3877,7,37384
3886,7,37385
3888,7,37386
3903,7,37387
4025,7,37388
4038,7,37389
4086,7,37390
4187,7,37391
4190,7,37392
4274,7,37393
4285,7,37394
4307,7,37395
4375,7,37396
4387,7,37397
4412,7,37398
4426,7,37399
4478,7,37400
4511,7,37401
4534,7,37402
4616,7,37403
4631,7,37404
4701,7,37405
4806,7,37406
4851,7,37407
4869,7,37408
4879,7,37409
5124,7,37410
5218,7,37411
5222,7,37412
5260,7,37413
5265,7,37414
5306,7,37415
5324,7,37416
5348,7,37417
5390,7,37418
5509,7,37419
5529,7,37420
5704,7,37421
5745,7,37422
5746,7,37423
5784,7,37424
5788,7,37425
5810,7,37426
5828,7,37427
5868,7,37428
5877,7,37429
5909,7,37430
5942,7,37431
5969,7,37432
6026,7,37433
6058,7,37434
6073,7,37435
6152,7,37436
6160,7,37437
6161,7,37438
6164,7,37439
6216,7,37440
6217,7,37441
6225,7,37442
6238,7,37443
6272,7,37444
6280,7,37445
6300,7,37446
6333,7,37447
6490,7,37448
6535,7,37449
6644,7,37450
6680,7,37451
6697,7,37452
6722,7,37453
6852,7,37454
6854,7,37455
6865,7,37456
6874,7,37457
6882,7,37458
6896,7,37459
6995,7,37460
6997,7,37461
7028,7,37462
7035,7,37463
7038,7,37464
7061,7,37465
7071,7,37466
7131,7,37467
7252,7,37468
7264,7,37469
7291,7,37470
7313,7,37471
7331,7,37472
7341,7,37473
7441,7,37474
7460,7,37475
7502,7,37476
7535,7,37477
7559,7,37478
7580,7,37479
7699,7,37480
7749,7,37481
7799,7,37482
7835,7,37483
7927,7,37484
7950,7,37485
7966,7,37486
7968,7,37487
8006,7,37488
8103,7,37489
8108,7,37490
8109,7,37491
8114,7,37492
8167,7,37493
8180,7,37494
8241,7,37495
8282,7,37496
8283,7,37497
8349,7,37498
8357,7,37499
8455,7,37500
8465,7,37501
8496,7,37502
8562,7,37503
8564,7,37504
8613,7,37505
8630,7,37506
8701,7,37507
8710,7,37508
8841,7,37509
8971,7,37510
8990,7,37511
9018,7,37512
9082,7,37513
9093,7,37514
9095,7,37515
9119,7,37516
9123,7,37517
9161,7,37518
9179,7,37519
9286,7,37520
9304,7,37521
9312,7,37522
9315,7,37523
9351,7,37524
9502,7,37525
9544,7,37526
9598,7,37527
9675,7,37528
9676,7,37529
9691,7,37530
9759,7,37531
9782,7,37532
9849,7,37533
9859,7,37534
9873,7,37535
9881,7,37536
10034,7,37537
10046,7,37538
10050,7,37539
10067,7,37540
10071,7,37541
10080,7,37542
10099,7,37543
10195,7,37544
10275,7,37545
10285,7,37546
10286,7,37547
10317,7,37548
10364,7,37549
10422,7,37550
10429,7,37551
10430,7,37552
10465,7,37553
10521,7,37554
10558,7,37555
10653,7,37556
10667,7,37557
10668,7,37558
10680,7,37559
10820,7,37560
10829,7,37561
10845,7,37562
10862,7,37563
10977,7,37564
10979,7,37565
10995,7,37566
11009,7,37567
11012,7,37568
11031,7,37569
11044,7,37570
11063,7,37571
11169,7,37572
11229,7,37573
11263,7,37574
11275,7,37575
11296,7,37576
11358,7,37577
11391,7,37578
11392,7,37579
11431,7,37580
11506,7,37581
11514,7,37582
11564,7,37583
11634,7,37584
11643,7,37585
11656,7,37586
11658,7,37587
11664,7,37588
11674,7,37589
11690,7,37590
11701,7,37591
11714,7,37592
11715,7,37593
11745,7,37594
11756,7,37595
11785,7,37596
11807,7,37597
11814,7,37598
11827,7,37599
11833,7,37600
11849,7,37601
11872,7,37602
11927,7,37603
11937,7,37604
11961,7,37605
11970,7,37606
12036,7,37607
12039,7,37608
12042,7,37609
12202,7,37610
12207,7,37611
12285,7,37612
12297,7,37613
12330,7,37614
12510,7,37615
12529,7,37616
12610,7,37617
12614,7,37618
12629,7,37619
12633,7,37620
12638,7,37621
12647,7,37622
12674,7,37623
12699,7,37624
12729,7,37625
12847,7,37626
12868,7,37627
12878,7,37628
12888,7,37629
12967,7,37630
12971,7,37631
12981,7,37632
13020,7,37633
13029,7,37634
13058,7,37635
13060,7,37636
13168,7,37637
13177,7,37638
13234,7,37639
13239,7,37640
13270,7,37641
13290,7,37642
13337,7,37643
13355,7,37644
13377,7,37645
13422,7,37646
13431,7,37647
13437,7,37648
13440,7,37649
13463,7,37650
13489,7,37651
13531,7,37652
13564,7,37653
13568,7,37654
13635,7,37655
13653,7,37656
13674,7,37657
13676,7,37658
13685,7,37659
13688,7,37660
13695,7,37661
13698,7,37662
13705,7,37663
13729,7,37664
13750,7,37665
13871,7,37666
13896,7,37667
13945,7,37668
13966,7,37669
13984,7,37670
14022,7,37671
14024,7,37672
14032,7,37673
14040,7,37674
14042,7,37675
14046,7,37676
14047,7,37677
14057,7,37678
14093,7,37679
14094,7,37680
14110,7,37681
14161,7,37682
14187,7,37683
14188,7,37684
14192,7,37685
14282,7,37686
14301,7,37687
14307,7,37688
14309,7,37689
14313,7,37690
14357,7,37691
14382,7,37692
14396,7,37693
14419,7,37694
14426,7,37695
14431,7,37696
14478,7,37697
14482,7,37698
14515,7,37699
14525,7,37700
14526,7,37701
14540,7,37702
14544,7,37703
14593,7,37704
14611,7,37705
14636,7,37706
14649,7,37707
14658,7,37708
14748,7,37709
14761,7,37710
14766,7,37711
14798,7,37712
14803,7,37713
14839,7,37714
14899,7,37715
14904,7,37716
14923,7,37717
14931,7,37718
15012,7,37719
15033,7,37720
15057,7,37721
15102,7,37722
15121,7,37723
15135,7,37724
15142,7,37725
15210,7,37726
15219,7,37727
15245,7,37728
15321,7,37729
15349,7,37730
15356,7,37731
15367,7,37732
15394,7,37733
15399,7,37734
15401,7,37735
15440,7,37736
15467,7,37737
15478,7,37738
15519,7,37739
15579,7,37740
15606,7,37741
15608,7,37742
15609,7,37743
15649,7,37744
15675,7,37745
15717,7,37746
15735,7,37747
15799,7,37748
15800,7,37749
15813,7,37750
15879,7,37751
15987,7,37752
16029,7,37753
16044,7,37754
16078,7,37755
16081,7,37756
16087,7,37757
16092,7,37758
16112,7,37759
16115,7,37760
16122,7,37761
16125,7,37762
16154,7,37763
16164,7,37764
16178,7,37765
16222,7,37766
16227,7,37767
16230,7,37768
16240,7,37769
16266,7,37770
16277,7,37771
16285,7,37772
16296,7,37773
16297,7,37774
16311,7,37775
16312,7,37776
16362,7,37777
16366,7,37778
16369,7,37779
16373,7,37780
16427,7,37781
16447,7,37782
16465,7,37783
16466,7,37784
16510,7,37785
16561,7,37786
16627,7,37787
16679,7,37788
16684,7,37789
16703,7,37790
16751,7,37791
16768,7,37792
16805,7,37793
16808,7,37794
16823,7,37795
16834,7,37796
16942,7,37797
16957,7,37798
16969,7,37799
16972,7,37800
16990,7,37801
16999,7,37802
17013,7,37803
17029,7,37804
17044,7,37805
17067,7,37806
17199,7,37807
17221,7,37808
17225,7,37809
17231,7,37810
17246,7,37811
17259,7,37812
17269,7,37813
17277,7,37814
17293,7,37815
17299,7,37816
17303,7,37817
17308,7,37818
17326,7,37819
17347,7,37820
17375,7,37821
17382,7,37822
17447,7,37823
17470,7,37824
17481,7,37825
17506,7,37826
17544,7,37827
17575,7,37828
17582,7,37829
17591,7,37830
17635,7,37831
17653,7,37832
17688,7,37833
17690,7,37834
17751,7,37835
17849,7,37836
17853,7,37837
17854,7,37838
17866,7,37839
17902,7,37840
17907,7,37841
17917,7,37842
17920,7,37843
17921,7,37844
17935,7,37845
17941,7,37846
17998,7,37847
18055,7,37848
18062,7,37849
18067,7,37850
18072,7,37851
18081,7,37852
18088,7,37853
18098,7,37854
18106,7,37855
18121,7,37856
18149,7,37857
18152,7,37858
18181,7,37859
18244,7,37860
18255,7,37861
18298,7,37862
18302,7,37863
18305,7,37864
18310,7,37865
18317,7,37866
18319,7,37867
18321,7,37868
18363,7,37869
18369,7,37870
18392,7,37871
18432,7,37872
18446,7,37873
18507,7,37874
18562,7,37875
18583,7,37876
18595,7,37877
18600,7,37878
18602,7,37879
18613,7,37880
18645,7,37881
18694,7,37882
18784,7,37883
18799,7,37884
18807,7,37885
18811,7,37886
18843,7,37887
18848,7,37888
18849,7,37889
18868,7,37890
18869,7,37891
18871,7,37892
18906,7,37893
18915,7,37894
18943,7,37895
18968,7,37896
19011,7,37897
19021,7,37898
19050,7,37899
19073,7,37900
19137,7,37901
19140,7,37902
19153,7,37903
19179,7,37904
19191,7,37905
19198,7,37906
19210,7,37907
19239,7,37908
19263,7,37909
19272,7,37910
19294,7,37911
19321,7,37912
19328,7,37913
19347,7,37914
19376,7,37915
19377,7,37916
19382,7,37917
19387,7,37918
19405,7,37919
19422,7,37920
19510,7,37921
19522,7,37922
19524,7,37923
19536,7,37924
19551,7,37925
19563,7,37926
19584,7,37927
19596,7,37928
19617,7,37929
19618,7,37930
19640,7,37931
19673,7,37932
19677,7,37933
19690,7,37934
19692,7,37935
19715,7,37936
19731,7,37937
19796,7,37938
19804,7,37939
19820,7,37940
19840,7,37941
19850,7,37942
19864,7,37943
19873,7,37944
19901,7,37945
19936,7,37946
20000,7,37947
20041,7,37948
20043,7,37949
20061,7,37950
20073,7,37951
20099,7,37952
20117,7,37953
20129,7,37954
20136,7,37955
20163,7,37956
20167,7,37957
20183,7,37958
20193,7,37959
20211,7,37960
20223,7,37961
20237,7,37962
20245,7,37963
20274,7,37964
20281,7,37965
20286,7,37966
20293,7,37967
20309,7,37968
20364,7,37969
20373,7,37970
20406,7,37971
20423,7,37972
20430,7,37973
20449,7,37974
20454,7,37975
20481,7,37976
20486,7,37977
20490,7,37978
20499,7,37979
20511,7,37980
20534,7,37981
20538,7,37982
20544,7,37983
20616,7,37984
20629,7,37985
20678,7,37986
20755,7,37987
20768,7,37988
20781,7,37989
20794,7,37990
20804,7,37991
20828,7,37992
20881,7,37993
20895,7,37994
20905,7,37995
20910,7,37996
20933,7,37997
20939,7,37998
20948,7,37999
20978,7,38000
20986,7,38001
21003,7,38002
21008,7,38003
21010,7,38004
21011,7,38005
21031,7,38006
21051,7,38007
21055,7,38008
21170,7,38009
21195,7,38010
21198,7,38011
21210,7,38012
21216,7,38013
21233,7,38014
21234,7,38015
21238,7,38016
21249,7,38017
21251,7,38018
21268,7,38019
21356,7,38020
21368,7,38021
21378,7,38022
21413,7,38023
21469,7,38024
21484,7,38025
21575,7,38026
21631,7,38027
21648,7,38028
21717,7,38029
21735,7,38030
21749,7,38031
21755,7,38032
21756,7,38033
21758,7,38034
21775,7,38035
21780,7,38036
21789,7,38037
21808,7,38038
21815,7,38039
21880,7,38040
21973,7,38041
21983,7,38042
22016,7,38043
22017,7,38044
22025,7,38045
22029,7,38046
22040,7,38047
22042,7,38048
22047,7,38049
22103,7,38050
22106,7,38051
22109,7,38052
22119,7,38053
22144,7,38054
22176,7,38055
22201,7,38056
22231,7,38057
22233,7,38058
22238,7,38059
22262,7,38060
22310,7,38061
22315,7,38062
22322,7,38063
22355,7,38064
22444,7,38065
22470,7,38066
22533,7,38067
22544,7,38068
22560,7,38069
22664,7,38070
22676,7,38071
22677,7,38072
22680,7,38073
22692,7,38074
22693,7,38075
22704,7,38076
22765,7,38077
22777,7,38078
22787,7,38079
22789,7,38080
22805,7,38081
22851,7,38082
22860,7,38083
22870,7,38084
22895,7,38085
23032,7,38086
23074,7,38087
23078,7,38088
23115,7,38089
23127,7,38090
23141,7,38091
23174,7,38092
23177,7,38093
23178,7,38094
23227,7,38095
23230,7,38096
23268,7,38097
23274,7,38098
23290,7,38099
23375,7,38100
23414,7,38101
23430,7,38102
23435,7,38103
23467,7,38104
23470,7,38105
23475,7,38106
23511,7,38107
23561,7,38108
23564,7,38109
23568,7,38110
23622,7,38111
23624,7,38112
23651,7,38113
23725,7,38114
23731,7,38115
23743,7,38116
23744,7,38117
23788,7,38118
23791,7,38119
23795,7,38120
23951,7,38121
23958,7,38122
23985,7,38123
24001,7,38124
24002,7,38125
24104,7,38126
24135,7,38127
24138,7,38128
24151,7,38129
24172,7,38130
24272,7,38131
24307,7,38132
24329,7,38133
24349,7,38134
24378,7,38135
24394,7,38136
24426,7,38137
24491,7,38138
24492,7,38139
24509,7,38140
24575,7,38141
24738,7,38142
24770,7,38143
24787,7,38144
24820,7,38145
24831,7,38146
24835,7,38147
24847,7,38148
24906,7,38149
24919,7,38150
24939,7,38151
24948,7,38152
24961,7,38153
25025,7,38154
25060,7,38155
25064,7,38156
25101,7,38157
25172,7,38158
25174,7,38159
25243,7,38160
25308,7,38161
25318,7,38162
25321,7,38163
25345,7,38164
25382,7,38165
25386,7,38166
25412,7,38167
25421,7,38168
25465,7,38169
25468,7,38170
25490,7,38171
25536,7,38172
25555,7,38173
25609,7,38174
25617,7,38175
25625,7,38176
25631,7,38177
25719,7,38178
25739,7,38179
25788,7,38180
25799,7,38181
25822,7,38182
25832,7,38183
25854,7,38184
25858,7,38185
25885,7,38186
25887,7,38187
25898,7,38188
25911,7,38189
25954,7,38190
25959,7,38191
25968,7,38192
25975,7,38193
25981,7,38194
25993,7,38195
26027,7,38196
26042,7,38197
26060,7,38198
26075,7,38199
26076,7,38200
26103,7,38201
26113,7,38202
26133,7,38203
26153,7,38204
26155,7,38205
26161,7,38206
26178,7,38207
26192,7,38208
26193,7,38209
26213,7,38210
26239,7,38211
26296,7,38212
26317,7,38213
26422,7,38214
26424,7,38215
26524,7,38216
26531,7,38217
26548,7,38218
26549,7,38219
26571,7,38220
26575,7,38221
26600,7,38222
26612,7,38223
26682,7,38224
26695,7,38225
26717,7,38226
26722,7,38227
26732,7,38228
26756,7,38229
26757,7,38230
26763,7,38231
26775,7,38232
26790,7,38233
26801,7,38234
26848,7,38235
26868,7,38236
26902,7,38237
26904,7,38238
26924,7,38239
27083,7,38240
27116,7,38241
27134,7,38242
27178,7,38243
27208,7,38244
27231,7,38245
27260,7,38246
27285,7,38247
27335,7,38248
27348,7,38249
27354,7,38250
27361,7,38251
27390,7,38252
27556,7,38253
27557,7,38254
27580,7,38255
27602,7,38256
27715,7,38257
27732,7,38258
27763,7,38259
27769,7,38260
27823,7,38261
27826,7,38262
27833,7,38263
27838,7,38264
27877,7,38265
27894,7,38266
27976,7,38267
28001,7,38268
28002,7,38269
28004,7,38270
28019,7,38271
28020,7,38272
28088,7,38273
28091,7,38274
28097,7,38275
28106,7,38276
28107,7,38277
28124,7,38278
28126,7,38279
28132,7,38280
28134,7,38281
28137,7,38282
28140,7,38283
28148,7,38284
28150,7,38285
28154,7,38286
28157,7,38287
28190,7,38288
28215,7,38289
28273,7,38290
28285,7,38291
28290,7,38292
28314,7,38293
28339,7,38294
28350,7,38295
28353,7,38296
28404,7,38297
28417,7,38298
28419,7,38299
28420,7,38300
28422,7,38301
28435,7,38302
28445,7,38303
28476,7,38304
28479,7,38305
28487,7,38306
28489,7,38307
28501,7,38308
28513,7,38309
28531,7,38310
28571,7,38311
28577,7,38312
28591,7,38313
28626,7,38314
28650,7,38315
28661,7,38316
28703,7,38317
28737,7,38318
28755,7,38319
28806,7,38320
28814,7,38321
28837,7,38322
28838,7,38323
28851,7,38324
28898,7,38325
28913,7,38326
28914,7,38327
28924,7,38328
28929,7,38329
28936,7,38330
28951,7,38331
28963,7,38332
28965,7,38333
28981,7,38334
29027,7,38335
29075,7,38336
29093,7,38337
29119,7,38338
29131,7,38339
29157,7,38340
29158,7,38341
29194,7,38342
29240,7,38343
29270,7,38344
29272,7,38345
29278,7,38346
29282,7,38347
29284,7,38348
29295,7,38349
29331,7,38350
29343,7,38351
29366,7,38352
29373,7,38353
29384,7,38354
29385,7,38355
29390,7,38356
29395,7,38357
29402,7,38358
29409,7,38359
29411,7,38360
29451,7,38361
29467,7,38362
29473,7,38363
29529,7,38364
29544,7,38365
29587,7,38366
29620,7,38367
29641,7,38368
29645,7,38369
29649,7,38370
29695,7,38371
29700,7,38372
29707,7,38373
29726,7,38374
29731,7,38375
29742,7,38376
29763,7,38377
29776,7,38378
29807,7,38379
29832,7,38380
29868,7,38381
29873,7,38382
29889,7,38383
29892,7,38384
29902,7,38385
29928,7,38386
29950,7,38387
29964,7,38388
30039,7,38389
30044,7,38390
30049,7,38391
30059,7,38392
30069,7,38393
30077,7,38394
30096,7,38395
30101,7,38396
30149,7,38397
30152,7,38398
30156,7,38399
30188,7,38400
30194,7,38401
30227,7,38402
30305,7,38403
30306,7,38404
30309,7,38405
30314,7,38406
30338,7,38407
30358,7,38408
30360,7,38409
30372,7,38410
30391,7,38411
30403,7,38412
30415,7,38413
30419,7,38414
30428,7,38415
30462,7,38416
30490,7,38417
30497,7,38418
30502,7,38419
30512,7,38420
30514,7,38421
30518,7,38422
30524,7,38423
30525,7,38424
30545,7,38425
30555,7,38426
30560,7,38427
30588,7,38428
30603,7,38429
30611,7,38430
30614,7,38431
30620,7,38432
30627,7,38433
30632,7,38434
30639,7,38435
30646,7,38436
30647,7,38437
30658,7,38438
30672,7,38439
30676,7,38440
30681,7,38441
30705,7,38442
30708,7,38443
30726,7,38444
30748,7,38445
30749,7,38446
30754,7,38447
30786,7,38448
30806,7,38449
30807,7,38450
30809,7,38451
30832,7,38452
30860,7,38453
30871,7,38454
30874,7,38455
30875,7,38456
30887,7,38457
30890,7,38458
30899,7,38459
30916,7,38460
30921,7,38461
30922,7,38462
30928,7,38463
30965,7,38464
30967,7,38465
30968,7,38466
30977,7,38467
30987,7,38468
30993,7,38469
30996,7,38470
31003,7,38471
31011,7,38472
31034,7,38473
31056,7,38474
31069,7,38475
31120,7,38476
31124,7,38477
31129,7,38478
31130,7,38479
31170,7,38480
31181,7,38481
31216,7,38482
31252,7,38483
31253,7,38484
31265,7,38485
31268,7,38486
31270,7,38487
31276,7,38488
31283,7,38489
31294,7,38490
31301,7,38491
31348,7,38492
31350,7,38493
31355,7,38494
31374,7,38495
31420,7,38496
31431,7,38497
31474,7,38498
31477,7,38499
31481,7,38500
31500,7,38501
31522,7,38502
31537,7,38503
31542,7,38504
31574,7,38505
31584,7,38506
31617,7,38507
31646,7,38508
31648,7,38509
31676,7,38510
31678,7,38511
31705,7,38512
31726,7,38513
31733,7,38514
31757,7,38515
31787,7,38516
31806,7,38517
31820,7,38518
31839,7,38519
31841,7,38520
31847,7,38521
31862,7,38522
31863,7,38523
31870,7,38524
31876,7,38525
31899,7,38526
31908,7,38527
31937,7,38528
31957,7,38529
31998,7,38530
32016,7,38531
32039,7,38532
32049,7,38533
32088,7,38534
32094,7,38535
32123,7,38536
32134,7,38537
32136,7,38538
32137,7,38539
32139,7,38540
32143,7,38541
32148,7,38542
32161,7,38543
32217,7,38544
32229,7,38545
32234,7,38546
32242,7,38547
32256,7,38548
32292,7,38549
32295,7,38550
32296,7,38551
32343,7,38552
32348,7,38553
32349,7,38554
32370,7,38555
32386,7,38556
32397,7,38557
32401,7,38558
32403,7,38559
32405,7,38560
32415,7,38561
32454,7,38562
32486,7,38563
32507,7,38564
32524,7,38565
32531,7,38566
32547,7,38567
32554,7,38568
32593,7,38569
32604,7,38570
32620,7,38571
32630,7,38572
32667,7,38573
32683,7,38574
32693,7,38575
32695,7,38576
32697,7,38577
32699,7,38578
32746,7,38579
32748,7,38580
32790,7,38581
32791,7,38582
32875,7,38583
32881,7,38584
32885,7,38585
32890,7,38586
32902,7,38587
32906,7,38588
32907,7,38589
32920,7,38590
32924,7,38591
32926,7,38592
32932,7,38593
32947,7,38594
32957,7,38595
32958,7,38596
33016,7,38597
33032,7,38598
33065,7,38599
33077,7,38600
33101,7,38601
33109,7,38602
33135,7,38603
33153,7,38604
33160,7,38605
33170,7,38606
33174,7,38607
33195,7,38608
33231,7,38609
33234,7,38610
33249,7,38611
33262,7,38612
33265,7,38613
33303,7,38614
33305,7,38615
33306,7,38616
33314,7,38617
33316,7,38618
33331,7,38619
33345,7,38620
33354,7,38621
33370,7,38622
33378,7,38623
33384,7,38624
33396,7,38625
33410,7,38626
33411,7,38627
33430,7,38628
33438,7,38629
33473,7,38630
33481,7,38631
33493,7,38632
33494,7,38633
33536,7,38634
33542,7,38635
33550,7,38636
33553,7,38637
33557,7,38638
33567,7,38639
33570,7,38640
33601,7,38641
33606,7,38642
33615,7,38643
33618,7,38644
33619,7,38645
33644,7,38646
33650,7,38647
33655,7,38648
33657,7,38649
33669,7,38650
33672,7,38651
33675,7,38652
33676,7,38653
33680,7,38654
33686,7,38655
33708,7,38656
33714,7,38657
33734,7,38658
33736,7,38659
33737,7,38660
33754,7,38661
33756,7,38662
33775,7,38663
33785,7,38664
33797,7,38665
33804,7,38666
33830,7,38667
33864,7,38668
33880,7,38669
33901,7,38670
33911,7,38671
33935,7,38672
33937,7,38673
33938,7,38674
33951,7,38675
33979,7,38676
33995,7,38677
34001,7,38678
34014,7,38679
34016,7,38680
34035,7,38681
34039,7,38682
34060,7,38683
34063,7,38684
34068,7,38685
34085,7,38686
34087,7,38687
34089,7,38688
34092,7,38689
34099,7,38690
34116,7,38691
34160,7,38692
34196,7,38693
34198,7,38694
34209,7,38695
34210,7,38696
34211,7,38697
34222,7,38698
34226,7,38699
34239,7,38700
34243,7,38701
34264,7,38702
34293,7,38703
34294,7,38704
34308,7,38705
34312,7,38706
34316,7,38707
34326,7,38708
34336,7,38709
34345,7,38710
34352,7,38711
34369,7,38712
34375,7,38713
34383,7,38714
34388,7,38715
34391,7,38716
34399,7,38717
34400,7,38718
34415,7,38719
34422,7,38720
34436,7,38721
34438,7,38722
34439,7,38723
34440,7,38724
34465,7,38725
34473,7,38726
34492,7,38727
34493,7,38728
34494,7,38729
34504,7,38730
34507,7,38731
34522,7,38732
34534,7,38733
34544,7,38734
34545,7,38735
34599,7,38736
34600,7,38737
34606,7,38738
34611,7,38739
34618,7,38740
34624,7,38741
34631,7,38742
34632,7,38743
34644,7,38744
34651,7,38745
34659,7,38746
34661,7,38747
34663,7,38748
34671,7,38749
34673,7,38750
34674,7,38751
34677,7,38752
34690,7,38753
34700,7,38754
34701,7,38755
34707,7,38756
34737,7,38757
34749,7,38758
34754,7,38759
34776,7,38760
34799,7,38761
34801,7,38762
34816,7,38763
34840,7,38764
34846,7,38765
34857,7,38766
34866,7,38767
34890,7,38768
34917,7,38769
34931,7,38770
34940,7,38771
34944,7,38772
34948,7,38773
34952,7,38774
34962,7,38775
34965,7,38776
34974,7,38777
34980,7,38778
34994,7,38779
35005,7,38780
35010,7,38781
35011,7,38782
35021,7,38783
35027,7,38784
35030,7,38785
35068,7,38786
35073,7,38787
35103,7,38788
35119,7,38789
35120,7,38790
35122,7,38791
35152,7,38792
35154,7,38793
35171,7,38794
35172,7,38795
35173,7,38796
35201,7,38797
35206,7,38798
35223,7,38799
35253,7,38800
35259,7,38801
35261,7,38802
35293,7,38803
35306,7,38804
35308,7,38805
35318,7,38806
35324,7,38807
35328,7,38808
35330,7,38809
35336,7,38810
35347,7,38811
35400,7,38812
35420,7,38813
35428,7,38814
35431,7,38815
35450,7,38816
35460,7,38817
35487,7,38818
35515,7,38819
35523,7,38820
35527,7,38821
35540,7,38822
35544,7,38823
35553,7,38824
35555,7,38825
35557,7,38826
35573,7,38827
35576,7,38828
35596,7,38829
35602,7,38830
35611,7,38831
35622,7,38832
35631,7,38833
35638,7,38834
35649,7,38835
35668,7,38836
35677,7,38837
35684,7,38838
35702,7,38839
35707,7,38840
35729,7,38841
35734,7,38842
35744,7,38843
35772,7,38844
35798,7,38845
35804,7,38846
35834,7,38847
35844,7,38848
35847,7,38849
35852,7,38850
35854,7,38851
35866,7,38852
35873,7,38853
35875,7,38854
35876,7,38855
35879,7,38856
35881,7,38857
35885,7,38858
35900,7,38859
35911,7,38860
35917,7,38861
35924,7,38862
35933,7,38863
35945,7,38864
35958,7,38865
35964,7,38866
35972,7,38867
35983,7,38868
35997,7,38869
36000,7,38870
36003,7,38871
36012,7,38872
36037,7,38873
36045,7,38874
36051,7,38875
36056,7,38876
36058,7,38877
36067,7,38878
36079,7,38879
36095,7,38880
36097,7,38881
36104,7,38882
36109,7,38883
36113,7,38884
36120,7,38885
36127,7,38886
36147,7,38887
36151,7,38888
36187,7,38889
36194,7,38890
36230,7,38891
36240,7,38892
36255,7,38893
36258,7,38894
36264,7,38895
36266,7,38896
36270,7,38897
36288,7,38898
36296,7,38899
36350,7,38900
36362,7,38901
36370,7,38902
36374,7,38903
36378,7,38904
36381,7,38905
36395,7,38906
36402,7,38907
36410,7,38908
36411,7,38909
36418,7,38910
36422,7,38911
36431,7,38912
36442,7,38913
36460,7,38914
36466,7,38915
36478,7,38916
36494,7,38917
36526,7,38918
36531,7,38919
36532,7,38920
36540,7,38921
36541,7,38922
36550,7,38923
36555,7,38924
36557,7,38925
36564,7,38926
36580,7,38927
36581,7,38928
36588,7,38929
36599,7,38930
36612,7,38931
36624,7,38932
36625,7,38933
36633,7,38934
36644,7,38935
36652,7,38936
36655,7,38937
36664,7,38938
36672,7,38939
36685,7,38940
36686,7,38941
36693,7,38942
36696,7,38943
36709,7,38944
36743,7,38945
36744,7,38946
36748,7,38947
36786,7,38948
36798,7,38949
36804,7,38950
36813,7,38951
36833,7,38952
36862,7,38953
36900,7,38954
36902,7,38955
36904,7,38956
36916,7,38957
36918,7,38958
36920,7,38959
36921,7,38960
36938,7,38961
36946,7,38962
36965,7,38963
36971,7,38964
36987,7,38965
36998,7,38966
37000,7,38967
37002,7,38968
37013,7,38969
37022,7,38970
37031,7,38971
37048,7,38972
37059,7,38973
37060,7,38974
37077,7,38975
37086,7,38976
37087,7,38977
37108,7,38978
37130,7,38979
37148,7,38980
37157,7,38981
37178,7,38982
37203,7,38983
37240,7,38984
37242,7,38985
37259,7,38986
37276,7,38987
37282,7,38988
37291,7,38989
37294,7,38990
37298,7,38991
37299,7,38992
37301,7,38993
37303,7,38994
37304,7,38995
37307,7,38996
37310,7,38997
37342,7,38998
37345,7,38999
37352,7,39000
37357,7,39001
37363,7,39002
37370,7,39003
37381,7,39004
37394,7,39005
37404,7,39006
37408,7,39007
37439,7,39008
37462,7,39009
37469,7,39010
37492,7,39011
37507,7,39012
37511,7,39013
37513,7,39014
37516,7,39015
37519,7,39016
37547,7,39017
37558,7,39018
37563,7,39019
37587,7,39020
37595,7,39021
37601,7,39022
37605,7,39023
37608,7,39024
37624,7,39025
37632,7,39026
37638,7,39027
37649,7,39028
37674,7,39029
37679,7,39030
37722,7,39031
37730,7,39032
37731,7,39033
37734,7,39034
37742,7,39035
37745,7,39036
37751,7,39037
37764,7,39038
37766,7,39039
37768,7,39040
37775,7,39041
37777,7,39042
37786,7,39043
37798,7,39044
37799,7,39045
37807,7,39046
37809,7,39047
37814,7,39048
37822,7,39049
37831,7,39050
37837,7,39051
37850,7,39052
37851,7,39053
37865,7,39054
37870,7,39055
37876,7,39056
37882,7,39057
37884,7,39058
37907,7,39059
37918,7,39060
37922,7,39061
37941,7,39062
37958,7,39063
37964,7,39064
37966,7,39065
37970,7,39066
37971,7,39067
37976,7,39068
37979,7,39069
37987,7,39070
37997,7,39071
38012,7,39072
38019,7,39073
38029,7,39074
38035,7,39075
38042,7,39076
38044,7,39077
38060,7,39078
38089,7,39079
38114,7,39080
38145,7,39081
38149,7,39082
38150,7,39083
38151,7,39084
38185,7,39085
38200,7,39086
38204,7,39087
38205,7,39088
38209,7,39089
38213,7,39090
38242,7,39091
38250,7,39092
38255,7,39093
38257,7,39094
38276,7,39095
38322,7,39096
38341,7,39097
38349,7,39098
38351,7,39099
38353,7,39100
38356,7,39101
38375,7,39102
38393,7,39103
38394,7,39104
38397,7,39105
38436,7,39106
38444,7,39107
38448,7,39108
38449,7,39109
38454,7,39110
38474,7,39111
38509,7,39112
38510,7,39113
38526,7,39114
38533,7,39115
38547,7,39116
38559,7,39117
38570,7,39118
38571,7,39119
38573,7,39120
38584,7,39121
38586,7,39122
38623,7,39123
38642,7,39124
38647,7,39125
38659,7,39126
38667,7,39127
38702,7,39128
38707,7,39129
38730,7,39130
38735,7,39131
38754,7,39132
38757,7,39133
38776,7,39134
38777,7,39135
38782,7,39136
38784,7,39137
38792,7,39138
38824,7,39139
38829,7,39140
38846,7,39141
38849,7,39142
38859,7,39143
38862,7,39144
38864,7,39145
38873,7,39146
38879,7,39147
38880,7,39148
38882,7,39149
38884,7,39150
38888,7,39151
38890,7,39152
38894,7,39153
38903,7,39154
38948,7,39155
38949,7,39156
38952,7,39157
38955,7,39158
38957,7,39159
38961,7,39160
38975,7,39161
38979,7,39162
38980,7,39163
38983,7,39164
38987,7,39165
38991,7,39166
39012,7,39167
39013,7,39168
39015,7,39169
39040,7,39170
39045,7,39171
39073,7,39172
39074,7,39173
39096,7,39174
39105,7,39175
39126,7,39176
39131,7,39177
39133,7,39178
39134,7,39179
39150,7,39180
39167,7,39181
39168,7,39182
39179,7,39183
39183,7,39184
39198,7,39185
39207,7,39186
39210,7,39187
39222,7,39188
39224,7,39189
39264,7,39190
39268,7,39191
39273,7,39192
39275,7,39193
39276,7,39194
39286,7,39195
39342,7,39196
39343,7,39197
39348,7,39198
39349,7,39199
39359,7,39200
39361,7,39201
39368,7,39202
39369,7,39203
39375,7,39204
39385,7,39205
39390,7,39206
39398,7,39207
39404,7,39208
39411,7,39209
39419,7,39210
39422,7,39211
39430,7,39212
39438,7,39213
39441,7,39214
39468,7,39215
39489,7,39216
39492,7,39217
39495,7,39218
39517,7,39219
39524,7,39220
39533,7,39221
39553,7,39222
39555,7,39223
39560,7,39224
39562,7,39225
39563,7,39226
39583,7,39227
39588,7,39228
39592,7,39229
39595,7,39230
39599,7,39231
39600,7,39232
39637,7,39233
39638,7,39234
39645,7,39235
39653,7,39236
39672,7,39237
39689,7,39238
39691,7,39239
39692,7,39240
39696,7,39241
39697,7,39242
39699,7,39243
39730,7,39244
39741,7,39245
39755,7,39246
39757,7,39247
39769,7,39248
39775,7,39249
39779,7,39250
39783,7,39251
39792,7,39252
39801,7,39253
39805,7,39254
39806,7,39255
39817,7,39256
39824,7,39257
39825,7,39258
39833,7,39259
39850,7,39260
39851,7,39261
39861,7,39262
39864,7,39263
39865,7,39264
39881,7,39265
39883,7,39266
39887,7,39267
39922,7,39268
39925,7,39269
39930,7,39270
39954,7,39271
39965,7,39272
39968,7,39273
39972,7,39274
39973,7,39275
39975,7,39276
39978,7,39277
39992,7,39278
39993,7,39279
39995,7,39280
39999,7,39281
40002,7,39282
40020,7,39283
40021,7,39284
40033,7,39285
40044,7,39286
40045,7,39287
40049,7,39288
40062,7,39289
40073,7,39290
40094,7,39291
40099,7,39292
40112,7,39293
40114,7,39294
40115,7,39295
40120,7,39296
40135,7,39297
40148,7,39298
40149,7,39299
40173,7,39300
40178,7,39301
40205,7,39302
40206,7,39303
40229,7,39304
40239,7,39305
40257,7,39306
40259,7,39307
40272,7,39308
40275,7,39309
40286,7,39310
40290,7,39311
40294,7,39312
40295,7,39313
40298,7,39314
40305,7,39315
40328,7,39316
40330,7,39317
40333,7,39318
40340,7,39319
40343,7,39320
40358,7,39321
40371,7,39322
40376,7,39323
40381,7,39324
40386,7,39325
40388,7,39326
40389,7,39327
40392,7,39328
40395,7,39329
40417,7,39330
40428,7,39331
40431,7,39332
40439,7,39333
40455,7,39334
40457,7,39335
40462,7,39336
40465,7,39337
40468,7,39338
40481,7,39339
40495,7,39340
40517,7,39341
40526,7,39342
40527,7,39343
40532,7,39344
40533,7,39345
40534,7,39346
40535,7,39347
40538,7,39348
40547,7,39349
40554,7,39350
40558,7,39351
40563,7,39352
40565,7,39353
40566,7,39354
40569,7,39355
40572,7,39356
40577,7,39357
40582,7,39358
40585,7,39359
40598,7,39360
40600,7,39361
40606,7,39362
40611,7,39363
40616,7,39364
40623,7,39365
40642,7,39366
40646,7,39367
40649,7,39368
40651,7,39369
40659,7,39370
40668,7,39371
40675,7,39372
40692,7,39373
40693,7,39374
40694,7,39375
40701,7,39376
40703,7,39377
40711,7,39378
40714,7,39379
40720,7,39380
40725,7,39381
40726,7,39382
40729,7,39383
40735,7,39384
40742,7,39385
40750,7,39386
40762,7,39387
40763,7,39388
40764,7,39389
40768,7,39390
40772,7,39391
40779,7,39392
40780,7,39393
40797,7,39394
40805,7,39395
40807,7,39396
40809,7,39397
40812,7,39398
40819,7,39399
40822,7,39400
40830,7,39401
40833,7,39402
40837,7,39403
40838,7,39404
40840,7,39405
40844,7,39406
40845,7,39407
40846,7,39408
40851,7,39409
40854,7,39410
40856,7,39411
40861,7,39412
40874,7,39413
40883,7,39414
40900,7,39415
40904,7,39416
40912,7,39417
40924,7,39418
40926,7,39419
40937,7,39420
40939,7,39421
40940,7,39422
40956,7,39423
40965,7,39424
383,6,39425
535,6,39426
898,6,39427
1254,6,39428
1480,6,39429
1653,6,39430
1992,6,39431
2294,6,39432
2366,6,39433
3233,6,39434
3296,6,39435
3391,6,39436
3816,6,39437
4123,6,39438
4227,6,39439
4233,6,39440
4331,6,39441
4487,6,39442
4491,6,39443
4586,6,39444
5029,6,39445
5217,6,39446
5263,6,39447
5325,6,39448
5717,6,39449
5809,6,39450
6024,6,39451
6108,6,39452
6561,6,39453
6600,6,39454
6682,6,39455
6726,6,39456
6780,6,39457
6990,6,39458
7039,6,39459
7045,6,39460
7047,6,39461
7226,6,39462
7245,6,39463
7278,6,39464
7314,6,39465
7342,6,39466
7527,6,39467
7677,6,39468
7721,6,39469
7756,6,39470
7842,6,39471
7863,6,39472
7888,6,39473
7902,6,39474
8048,6,39475
8093,6,39476
8193,6,39477
8303,6,39478
8552,6,39479
8556,6,39480
8567,6,39481
8932,6,39482
8957,6,39483
9012,6,39484
9058,6,39485
9200,6,39486
9402,6,39487
9548,6,39488
9689,6,39489
9807,6,39490
9835,6,39491
9845,6,39492
10015,6,39493
10033,6,39494
10310,6,39495
10550,6,39496
10566,6,39497
10697,6,39498
10916,6,39499
11087,6,39500
11088,6,39501
11225,6,39502
11332,6,39503
12032,6,39504
12063,6,39505
12067,6,39506
12226,6,39507
12244,6,39508
12336,6,39509
12416,6,39510
12535,6,39511
12644,6,39512
12651,6,39513
12739,6,39514
12809,6,39515
13372,6,39516
13598,6,39517
13726,6,39518
13837,6,39519
13853,6,39520
13870,6,39521
13931,6,39522
13963,6,39523
14006,6,39524
14056,6,39525
14189,6,39526
14374,6,39527
14459,6,39528
14522,6,39529
14774,6,39530
14936,6,39531
14937,6,39532
15093,6,39533
15170,6,39534
15176,6,39535
15491,6,39536
15506,6,39537
15592,6,39538
15626,6,39539
15648,6,39540
15663,6,39541
15729,6,39542
15730,6,39543
15822,6,39544
15956,6,39545
15984,6,39546
16023,6,39547
16105,6,39548
16228,6,39549
16261,6,39550
16269,6,39551
16467,6,39552
16563,6,39553
16574,6,39554
16608,6,39555
16644,6,39556
16704,6,39557
16705,6,39558
16707,6,39559
16740,6,39560
16745,6,39561
16752,6,39562
16758,6,39563
16833,6,39564
16966,6,39565
17200,6,39566
17305,6,39567
17337,6,39568
17341,6,39569
17371,6,39570
17395,6,39571
17425,6,39572
17429,6,39573
17437,6,39574
17450,6,39575
17453,6,39576
17483,6,39577
17504,6,39578
17526,6,39579
17555,6,39580
17557,6,39581
17581,6,39582
17646,6,39583
17668,6,39584
17678,6,39585
17734,6,39586
17749,6,39587
17773,6,39588
17779,6,39589
17837,6,39590
17893,6,39591
17912,6,39592
17954,6,39593
17967,6,39594
17978,6,39595
18042,6,39596
18134,6,39597
18171,6,39598
18354,6,39599
18481,6,39600
18491,6,39601
18518,6,39602
18519,6,39603
18684,6,39604
18698,6,39605
18713,6,39606
18771,6,39607
18814,6,39608
18862,6,39609
18870,6,39610
18904,6,39611
18940,6,39612
18980,6,39613
19061,6,39614
19093,6,39615
19186,6,39616
19287,6,39617
19299,6,39618
19343,6,39619
19396,6,39620
19426,6,39621
19436,6,39622
19565,6,39623
19597,6,39624
19678,6,39625
19735,6,39626
19763,6,39627
19780,6,39628
19998,6,39629
20031,6,39630
20056,6,39631
20179,6,39632
20238,6,39633
20239,6,39634
20250,6,39635
20267,6,39636
20321,6,39637
20402,6,39638
20426,6,39639
20467,6,39640
20491,6,39641
20578,6,39642
20682,6,39643
20695,6,39644
20770,6,39645
20776,6,39646
20806,6,39647
20894,6,39648
20952,6,39649
21009,6,39650
21041,6,39651
21212,6,39652
21221,6,39653
21303,6,39654
21320,6,39655
21354,6,39656
21406,6,39657
21411,6,39658
21562,6,39659
21607,6,39660
21615,6,39661
21729,6,39662
21731,6,39663
21765,6,39664
21776,6,39665
21843,6,39666
21853,6,39667
21969,6,39668
22043,6,39669
22061,6,39670
22225,6,39671
22247,6,39672
22258,6,39673
22343,6,39674
22673,6,39675
22711,6,39676
22755,6,39677
22810,6,39678
22815,6,39679
22865,6,39680
22869,6,39681
22920,6,39682
23084,6,39683
23165,6,39684
23197,6,39685
23243,6,39686
23277,6,39687
23282,6,39688
23331,6,39689
23354,6,39690
23451,6,39691
23471,6,39692
23546,6,39693
23559,6,39694
23581,6,39695
23650,6,39696
23967,6,39697
23971,6,39698
23982,6,39699
24030,6,39700
24287,6,39701
24317,6,39702
24331,6,39703
24356,6,39704
24358,6,39705
24434,6,39706
24639,6,39707
24671,6,39708
24710,6,39709
24774,6,39710
24933,6,39711
24987,6,39712
25016,6,39713
25143,6,39714
25173,6,39715
25342,6,39716
25361,6,39717
25390,6,39718
25460,6,39719
25743,6,39720
25749,6,39721
25768,6,39722
25780,6,39723
25785,6,39724
25856,6,39725
26157,6,39726
26175,6,39727
26195,6,39728
26220,6,39729
26222,6,39730
26241,6,39731
26257,6,39732
26271,6,39733
26302,6,39734
26308,6,39735
26400,6,39736
26468,6,39737
26519,6,39738
26573,6,39739
26585,6,39740
26595,6,39741
26638,6,39742
26684,6,39743
26725,6,39744
26726,6,39745
26764,6,39746
26768,6,39747
26805,6,39748
26855,6,39749
26903,6,39750
26919,6,39751
26927,6,39752
26943,6,39753
26983,6,39754
27074,6,39755
27080,6,39756
27181,6,39757
27185,6,39758
27444,6,39759
27460,6,39760
27508,6,39761
27519,6,39762
27551,6,39763
27638,6,39764
27684,6,39765
27750,6,39766
27790,6,39767
28110,6,39768
28120,6,39769
28147,6,39770
28194,6,39771
28223,6,39772
28411,6,39773
28424,6,39774
28428,6,39775
28475,6,39776
28551,6,39777
28566,6,39778
28574,6,39779
28603,6,39780
28637,6,39781
28682,6,39782
28698,6,39783
28724,6,39784
28836,6,39785
28868,6,39786
28917,6,39787
28949,6,39788
29005,6,39789
29043,6,39790
29073,6,39791
29103,6,39792
29105,6,39793
29139,6,39794
29264,6,39795
29269,6,39796
29317,6,39797
29351,6,39798
29355,6,39799
29381,6,39800
29398,6,39801
29416,6,39802
29421,6,39803
29444,6,39804
29540,6,39805
29572,6,39806
29574,6,39807
29652,6,39808
29656,6,39809
29758,6,39810
29816,6,39811
29929,6,39812
29942,6,39813
29954,6,39814
29965,6,39815
29982,6,39816
30018,6,39817
30038,6,39818
30129,6,39819
30158,6,39820
30163,6,39821
30297,6,39822
30322,6,39823
30355,6,39824
30401,6,39825
30437,6,39826
30450,6,39827
30474,6,39828
30476,6,39829
30477,6,39830
30480,6,39831
30534,6,39832
30539,6,39833
30543,6,39834
30577,6,39835
30644,6,39836
30678,6,39837
30698,6,39838
30720,6,39839
30746,6,39840
30771,6,39841
30839,6,39842
30864,6,39843
30869,6,39844
31068,6,39845
31154,6,39846
31164,6,39847
31186,6,39848
31262,6,39849
31306,6,39850
31409,6,39851
31418,6,39852
31449,6,39853
31468,6,39854
31495,6,39855
31507,6,39856
31555,6,39857
31560,6,39858
31598,6,39859
31616,6,39860
31652,6,39861
31691,6,39862
31692,6,39863
31721,6,39864
31828,6,39865
31842,6,39866
31915,6,39867
31931,6,39868
32037,6,39869
32084,6,39870
32110,6,39871
32118,6,39872
32145,6,39873
32152,6,39874
32193,6,39875
32287,6,39876
32310,6,39877
32330,6,39878
32420,6,39879
32529,6,39880
32568,6,39881
32602,6,39882
32684,6,39883
32698,6,39884
32725,6,39885
32758,6,39886
32765,6,39887
32817,6,39888
32828,6,39889
32831,6,39890
32852,6,39891
32857,6,39892
32901,6,39893
32941,6,39894
32953,6,39895
32956,6,39896
33062,6,39897
33076,6,39898
33103,6,39899
33106,6,39900
33181,6,39901
33228,6,39902
33336,6,39903
33338,6,39904
33349,6,39905
33385,6,39906
33401,6,39907
33452,6,39908
33500,6,39909
33502,6,39910
33522,6,39911
33523,6,39912
33612,6,39913
33629,6,39914
33652,6,39915
33665,6,39916
33700,6,39917
33701,6,39918
33733,6,39919
33735,6,39920
33744,6,39921
33822,6,39922
33861,6,39923
33865,6,39924
33873,6,39925
33939,6,39926
33942,6,39927
33966,6,39928
33968,6,39929
33987,6,39930
33990,6,39931
34006,6,39932
34064,6,39933
34083,6,39934
34098,6,39935
34106,6,39936
34133,6,39937
34150,6,39938
34153,6,39939
34154,6,39940
34208,6,39941
34261,6,39942
34295,6,39943
34306,6,39944
34329,6,39945
34353,6,39946
34389,6,39947
34397,6,39948
34424,6,39949
34429,6,39950
34486,6,39951
34498,6,39952
34503,6,39953
34518,6,39954
34573,6,39955
34588,6,39956
34626,6,39957
34634,6,39958
34688,6,39959
34722,6,39960
34732,6,39961
34733,6,39962
34740,6,39963
34761,6,39964
34768,6,39965
34788,6,39966
34804,6,39967
34817,6,39968
34892,6,39969
34896,6,39970
34924,6,39971
34938,6,39972
34970,6,39973
34972,6,39974
35013,6,39975
35044,6,39976
35049,6,39977
35066,6,39978
35067,6,39979
35113,6,39980
35142,6,39981
35202,6,39982
35224,6,39983
35226,6,39984
35252,6,39985
35263,6,39986
35268,6,39987
35291,6,39988
35300,6,39989
35302,6,39990
35334,6,39991
35343,6,39992
35346,6,39993
35364,6,39994
35372,6,39995
35376,6,39996
35377,6,39997
35391,6,39998
35418,6,39999
35462,6,40000
35473,6,40001
35481,6,40002
35495,6,40003
35514,6,40004
35591,6,40005
35593,6,40006
35595,6,40007
35606,6,40008
35634,6,40009
35650,6,40010
35664,6,40011
35687,6,40012
35701,6,40013
35710,6,40014
35713,6,40015
35721,6,40016
35761,6,40017
35809,6,40018
35843,6,40019
35859,6,40020
35864,6,40021
35878,6,40022
35882,6,40023
35899,6,40024
35970,6,40025
35976,6,40026
35977,6,40027
35985,6,40028
35991,6,40029
36096,6,40030
36129,6,40031
36137,6,40032
36139,6,40033
36216,6,40034
36236,6,40035
36237,6,40036
36242,6,40037
36256,6,40038
36268,6,40039
36274,6,40040
36289,6,40041
36293,6,40042
36352,6,40043
36367,6,40044
36379,6,40045
36382,6,40046
36423,6,40047
36424,6,40048
36433,6,40049
36449,6,40050
36468,6,40051
36472,6,40052
36518,6,40053
36521,6,40054
36522,6,40055
36529,6,40056
36546,6,40057
36549,6,40058
36583,6,40059
36596,6,40060
36608,6,40061
36611,6,40062
36628,6,40063
36666,6,40064
36675,6,40065
36676,6,40066
36680,6,40067
36700,6,40068
36708,6,40069
36719,6,40070
36770,6,40071
36806,6,40072
36814,6,40073
36826,6,40074
36827,6,40075
36853,6,40076
36858,6,40077
36879,6,40078
36911,6,40079
36944,6,40080
36993,6,40081
37011,6,40082
37030,6,40083
37035,6,40084
37092,6,40085
37120,6,40086
37128,6,40087
37133,6,40088
37168,6,40089
37208,6,40090
37245,6,40091
37251,6,40092
37252,6,40093
37274,6,40094
37285,6,40095
37300,6,40096
37314,6,40097
37318,6,40098
37327,6,40099
37400,6,40100
37406,6,40101
37428,6,40102
37430,6,40103
37436,6,40104
37446,6,40105
37488,6,40106
37491,6,40107
37501,6,40108
37527,6,40109
37528,6,40110
37592,6,40111
37594,6,40112
37628,6,40113
37678,6,40114
37686,6,40115
37699,6,40116
37718,6,40117
37732,6,40118
37736,6,40119
37772,6,40120
37774,6,40121
37776,6,40122
37797,6,40123
37817,6,40124
37825,6,40125
37852,6,40126
37862,6,40127
37864,6,40128
37874,6,40129
37894,6,40130
37908,6,40131
37914,6,40132
37937,6,40133
37942,6,40134
37943,6,40135
37946,6,40136
37952,6,40137
37955,6,40138
37962,6,40139
38013,6,40140
38026,6,40141
38047,6,40142
38058,6,40143
38097,6,40144
38106,6,40145
38146,6,40146
38160,6,40147
38201,6,40148
38206,6,40149
38207,6,40150
38274,6,40151
38277,6,40152
38313,6,40153
38338,6,40154
38347,6,40155
38404,6,40156
38407,6,40157
38423,6,40158
38438,6,40159
38445,6,40160
38468,6,40161
38473,6,40162
38484,6,40163
38515,6,40164
38539,6,40165
38543,6,40166
38587,6,40167
38612,6,40168
38648,6,40169
38677,6,40170
38689,6,40171
38693,6,40172
38706,6,40173
38714,6,40174
38733,6,40175
38737,6,40176
38747,6,40177
38793,6,40178
38812,6,40179
38818,6,40180
38835,6,40181
38840,6,40182
38843,6,40183
38872,6,40184
38904,6,40185
38933,6,40186
38967,6,40187
38978,6,40188
39000,6,40189
39034,6,40190
39035,6,40191
39059,6,40192
39069,6,40193
39070,6,40194
39075,6,40195
39101,6,40196
39130,6,40197
39151,6,40198
39164,6,40199
39195,6,40200
39228,6,40201
39235,6,40202
39242,6,40203
39266,6,40204
39269,6,40205
39283,6,40206
39284,6,40207
39285,6,40208
39298,6,40209
39301,6,40210
39318,6,40211
39322,6,40212
39324,6,40213
39331,6,40214
39341,6,40215
39347,6,40216
39350,6,40217
39357,6,40218
39363,6,40219
39364,6,40220
39407,6,40221
39417,6,40222
39425,6,40223
39434,6,40224
39451,6,40225
39459,6,40226
39461,6,40227
39474,6,40228
39477,6,40229
39508,6,40230
39522,6,40231
39557,6,40232
39566,6,40233
39571,6,40234
39574,6,40235
39575,6,40236
39597,6,40237
39601,6,40238
39609,6,40239
39618,6,40240
39622,6,40241
39629,6,40242
39630,6,40243
39632,6,40244
39636,6,40245
39649,6,40246
39664,6,40247
39680,6,40248
39698,6,40249
39767,6,40250
39777,6,40251
39789,6,40252
39790,6,40253
39794,6,40254
39812,6,40255
39815,6,40256
39818,6,40257
39834,6,40258
39853,6,40259
39854,6,40260
39855,6,40261
39857,6,40262
39862,6,40263
39873,6,40264
39893,6,40265
39895,6,40266
39897,6,40267
39903,6,40268
39909,6,40269
39931,6,40270
39936,6,40271
39957,6,40272
39959,6,40273
39969,6,40274
39989,6,40275
40025,6,40276
40036,6,40277
40046,6,40278
40074,6,40279
40077,6,40280
40090,6,40281
40105,6,40282
40106,6,40283
40107,6,40284
40111,6,40285
40121,6,40286
40134,6,40287
40136,6,40288
40137,6,40289
40190,6,40290
40212,6,40291
40214,6,40292
40218,6,40293
40270,6,40294
40274,6,40295
40289,6,40296
40293,6,40297
40299,6,40298
40309,6,40299
40331,6,40300
40336,6,40301
40349,6,40302
40357,6,40303
40411,6,40304
40435,6,40305
40447,6,40306
40451,6,40307
40470,6,40308
40474,6,40309
40476,6,40310
40492,6,40311
40494,6,40312
40505,6,40313
40507,6,40314
40509,6,40315
40536,6,40316
40543,6,40317
40575,6,40318
40579,6,40319
40584,6,40320
40588,6,40321
40589,6,40322
40595,6,40323
40596,6,40324
40604,6,40325
40607,6,40326
40620,6,40327
40639,6,40328
40652,6,40329
40658,6,40330
40663,6,40331
40679,6,40332
40688,6,40333
40715,6,40334
40723,6,40335
40727,6,40336
40732,6,40337
40736,6,40338
40741,6,40339
40743,6,40340
40744,6,40341
40753,6,40342
40776,6,40343
40787,6,40344
40790,6,40345
40792,6,40346
40794,6,40347
40799,6,40348
40801,6,40349
40806,6,40350
40808,6,40351
40810,6,40352
40811,6,40353
40816,6,40354
40817,6,40355
40818,6,40356
40820,6,40357
40828,6,40358
40841,6,40359
40869,6,40360
40876,6,40361
40877,6,40362
40878,6,40363
40893,6,40364
40895,6,40365
40901,6,40366
40903,6,40367
40911,6,40368
40913,6,40369
40920,6,40370
40928,6,40371
40929,6,40372
40936,6,40373
40941,6,40374
40946,6,40375
1246,5,40376
4970,5,40377
5254,5,40378
5689,5,40379
6258,5,40380
6426,5,40381
6723,5,40382
6728,5,40383
6737,5,40384
7266,5,40385
7292,5,40386
7315,5,40387
7324,5,40388
7440,5,40389
7533,5,40390
7726,5,40391
7839,5,40392
7921,5,40393
8502,5,40394
9563,5,40395
9811,5,40396
9965,5,40397
10222,5,40398
10561,5,40399
10663,5,40400
10681,5,40401
10972,5,40402
11558,5,40403
11731,5,40404
11773,5,40405
12239,5,40406
12255,5,40407
12280,5,40408
12568,5,40409
12843,5,40410
12965,5,40411
13524,5,40412
13527,5,40413
13684,5,40414
13694,5,40415
13774,5,40416
14356,5,40417
14379,5,40418
14400,5,40419
14429,5,40420
14657,5,40421
15398,5,40422
15732,5,40423
15972,5,40424
16067,5,40425
16090,5,40426
16175,5,40427
16208,5,40428
17071,5,40429
17252,5,40430
17505,5,40431
17585,5,40432
17723,5,40433
17788,5,40434
18095,5,40435
18249,5,40436
18350,5,40437
18492,5,40438
18606,5,40439
18798,5,40440
19259,5,40441
19268,5,40442
19340,5,40443
19527,5,40444
19627,5,40445
19987,5,40446
20151,5,40447
20177,5,40448
20294,5,40449
20412,5,40450
20464,5,40451
20489,5,40452
20498,5,40453
20840,5,40454
20852,5,40455
20961,5,40456
21013,5,40457
21040,5,40458
21274,5,40459
21393,5,40460
21685,5,40461
21746,5,40462
22036,5,40463
23061,5,40464
23067,5,40465
23076,5,40466
23132,5,40467
23158,5,40468
23408,5,40469
24721,5,40470
25047,5,40471
25406,5,40472
25445,5,40473
25505,5,40474
25569,5,40475
25575,5,40476
25589,5,40477
25765,5,40478
25950,5,40479
26006,5,40480
26137,5,40481
26216,5,40482
26219,5,40483
26388,5,40484
26490,5,40485
26766,5,40486
26926,5,40487
27184,5,40488
27649,5,40489
27966,5,40490
28595,5,40491
28659,5,40492
28694,5,40493
28709,5,40494
28958,5,40495
29515,5,40496
29555,5,40497
29628,5,40498
29703,5,40499
29912,5,40500
30074,5,40501
30116,5,40502
30376,5,40503
30449,5,40504
30478,5,40505
30592,5,40506
30778,5,40507
30802,5,40508
30829,5,40509
30915,5,40510
30932,5,40511
30958,5,40512
31218,5,40513
31251,5,40514
31367,5,40515
31501,5,40516
31503,5,40517
31561,5,40518
31771,5,40519
31786,5,40520
31922,5,40521
32078,5,40522
32171,5,40523
32186,5,40524
32272,5,40525
32326,5,40526
32477,5,40527
32506,5,40528
32534,5,40529
32583,5,40530
32613,5,40531
32621,5,40532
32642,5,40533
32657,5,40534
32747,5,40535
32826,5,40536
32955,5,40537
32980,5,40538
33007,5,40539
33201,5,40540
33425,5,40541
33469,5,40542
33483,5,40543
33504,5,40544
33540,5,40545
33749,5,40546
33750,5,40547
33792,5,40548
33934,5,40549
33950,5,40550
33992,5,40551
34100,5,40552
34101,5,40553
34152,5,40554
34230,5,40555
34335,5,40556
34386,5,40557
34482,5,40558
34607,5,40559
34728,5,40560
34953,5,40561
34964,5,40562
34971,5,40563
35161,5,40564
35251,5,40565
35279,5,40566
35280,5,40567
35441,5,40568
35485,5,40569
35509,5,40570
35524,5,40571
35537,5,40572
35712,5,40573
35714,5,40574
35740,5,40575
35758,5,40576
35787,5,40577
35817,5,40578
35835,5,40579
35838,5,40580
35897,5,40581
35946,5,40582
35974,5,40583
35999,5,40584
36156,5,40585
36215,5,40586
36228,5,40587
36281,5,40588
36337,5,40589
36366,5,40590
36426,5,40591
36491,5,40592
36495,5,40593
36631,5,40594
36635,5,40595
36663,5,40596
36710,5,40597
36714,5,40598
36741,5,40599
36763,5,40600
36834,5,40601
36892,5,40602
36978,5,40603
37057,5,40604
37091,5,40605
37110,5,40606
37125,5,40607
37143,5,40608
37153,5,40609
37199,5,40610
37264,5,40611
37353,5,40612
37361,5,40613
37387,5,40614
37402,5,40615
37449,5,40616
37472,5,40617
37475,5,40618
37486,5,40619
37490,5,40620
37498,5,40621
37508,5,40622
37509,5,40623
37593,5,40624
37726,5,40625
37840,5,40626
37863,5,40627
37960,5,40628
37974,5,40629
37982,5,40630
38008,5,40631
38031,5,40632
38039,5,40633
38109,5,40634
38132,5,40635
38269,5,40636
38330,5,40637
38357,5,40638
38413,5,40639
38447,5,40640
38505,5,40641
38590,5,40642
38620,5,40643
38649,5,40644
38656,5,40645
38658,5,40646
38684,5,40647
38696,5,40648
38753,5,40649
38764,5,40650
38798,5,40651
38801,5,40652
38865,5,40653
38909,5,40654
38986,5,40655
39056,5,40656
39122,5,40657
39165,5,40658
39217,5,40659
39229,5,40660
39230,5,40661
39241,5,40662
39255,5,40663
39280,5,40664
39282,5,40665
39299,5,40666
39300,5,40667
39323,5,40668
39339,5,40669
39447,5,40670
39465,5,40671
39466,5,40672
39478,5,40673
39485,5,40674
39488,5,40675
39521,5,40676
39538,5,40677
39545,5,40678
39552,5,40679
39554,5,40680
39619,5,40681
39641,5,40682
39659,5,40683
39660,5,40684
39673,5,40685
39676,5,40686
39677,5,40687
39682,5,40688
39687,5,40689
39718,5,40690
39742,5,40691
39744,5,40692
39763,5,40693
39764,5,40694
39771,5,40695
39778,5,40696
39785,5,40697
39793,5,40698
39835,5,40699
39858,5,40700
39900,5,40701
39906,5,40702
39908,5,40703
39926,5,40704
39932,5,40705
39941,5,40706
39958,5,40707
39976,5,40708
40010,5,40709
40013,5,40710
40018,5,40711
40022,5,40712
40024,5,40713
40037,5,40714
40048,5,40715
40061,5,40716
40075,5,40717
40091,5,40718
40123,5,40719
40165,5,40720
40166,5,40721
40181,5,40722
40187,5,40723
40236,5,40724
40249,5,40725
40258,5,40726
40260,5,40727
40261,5,40728
40308,5,40729
40314,5,40730
40320,5,40731
40321,5,40732
40366,5,40733
40383,5,40734
40393,5,40735
40399,5,40736
40422,5,40737
40429,5,40738
40432,5,40739
40437,5,40740
40471,5,40741
40540,5,40742
40545,5,40743
40548,5,40744
40576,5,40745
40581,5,40746
40605,5,40747
40608,5,40748
40609,5,40749
40641,5,40750
40664,5,40751
40685,5,40752
40689,5,40753
40695,5,40754
40708,5,40755
40710,5,40756
40731,5,40757
40751,5,40758
40758,5,40759
40759,5,40760
40767,5,40761
40770,5,40762
40782,5,40763
40783,5,40764
40815,5,40765
40821,5,40766
40829,5,40767
40843,5,40768
40853,5,40769
40855,5,40770
40870,5,40771
40875,5,40772
40889,5,40773
40892,5,40774
40905,5,40775
40916,5,40776
40921,5,40777
40933,5,40778
40935,5,40779
40944,5,40780
40954,5,40781
40967,5,40782
40969,5,40783
40971,5,40784
1873,4,40785
3293,4,40786
4760,4,40787
9558,4,40788
9684,4,40789
12915,4,40790
13549,4,40791
15632,4,40792
15751,4,40793
16452,4,40794
17991,4,40795
18654,4,40796
19028,4,40797
19319,4,40798
19884,4,40799
20113,4,40800
20922,4,40801
22022,4,40802
22757,4,40803
23072,4,40804
24993,4,40805
26013,4,40806
26090,4,40807
26748,4,40808
27001,4,40809
27451,4,40810
27699,4,40811
28337,4,40812
28442,4,40813
28511,4,40814
28553,4,40815
28893,4,40816
29085,4,40817
29496,4,40818
30019,4,40819
30377,4,40820
32467,4,40821
32772,4,40822
33242,4,40823
33808,4,40824
34891,4,40825
35063,4,40826
35292,4,40827
35667,4,40828
36039,4,40829
36259,4,40830
36400,4,40831
36848,4,40832
36857,4,40833
36915,4,40834
37075,4,40835
37154,4,40836
37194,4,40837
37378,4,40838
37499,4,40839
37643,4,40840
37653,4,40841
37703,4,40842
37972,4,40843
38110,4,40844
38148,4,40845
38293,4,40846
38426,4,40847
38434,4,40848
38561,4,40849
38734,4,40850
38913,4,40851
38932,4,40852
38981,4,40853
39121,4,40854
39147,4,40855
39258,4,40856
39306,4,40857
39335,4,40858
39506,4,40859
39556,4,40860
39626,4,40861
39642,4,40862
39703,4,40863
39705,4,40864
39776,4,40865
39808,4,40866
39823,4,40867
39882,4,40868
40008,4,40869
40084,4,40870
40109,4,40871
40140,4,40872
40193,4,40873
40226,4,40874
40255,4,40875
40329,4,40876
40369,4,40877
40377,4,40878
40384,4,40879
40400,4,40880
40433,4,40881
40493,4,40882
40499,4,40883
40503,4,40884
40521,4,40885
40556,4,40886
40645,4,40887
40666,4,40888
40698,4,40889
40704,4,40890
40705,4,40891
40713,4,40892
40730,4,40893
40786,4,40894
40813,4,40895
40824,4,40896
40831,4,40897
40864,4,40898
40873,4,40899
40879,4,40900
40885,4,40901
40906,4,40902
40909,4,40903
40934,4,40904
40942,4,40905
40943,4,40906
40951,4,40907
40952,4,40908
40962,4,40909
40970,4,40910
40972,4,40911
40973,4,40912
15611,3,40913
17880,3,40914
20042,3,40915
20240,3,40916
21944,3,40917
23352,3,40918
26146,3,40919
27897,3,40920
29522,3,40921
31453,3,40922
33722,3,40923
34076,3,40924
35143,3,40925
35379,3,40926
35745,3,40927
36505,3,40928
36718,3,40929
36941,3,40930
37241,3,40931
37325,3,40932
38328,3,40933
38797,3,40934
39449,3,40935
40076,3,40936
40231,3,40937
40234,3,40938
40256,3,40939
40520,3,40940
40795,3,40941
40825,3,40942
40871,3,40943
40872,3,40944
40882,3,40945
40884,3,40946
40902,3,40947
40923,3,40948
40930,3,40949
40931,3,40950
40932,3,40951
40938,3,40952
40949,3,40953
40950,3,40954
40963,3,40955
40964,3,40956
40966,3,40957
33845,2,40958
37079,2,40959
38977,2,40960
39146,2,40961
39567,2,40962
40172,2,40963
40302,2,40964
40728,2,40965
40865,2,40966
40917,2,40967
40945,2,40968
40947,2,40969
40955,2,40970
40958,2,40971
40960,2,40972
40979,2,40973
40914,1,40974
40948,1,40975
40968,1,40976
40974,1,40977
40976,1,40978
40977,1,40979
40978,1,40980
40980,1,40981
